first_name,last_name,hard_skills,soft_skills,teamwork,creativity,class
Rym,Mansour,0.62,1.09,4.96,3.15,5NIDS35
Mohamed,Jaziri,2.31,1.03,1.52,1.8,5GAMIX57
Wassim,Khlifi,1.45,1.85,1.84,3.7,3A69
Asma,Karoui,0.32,0.23,4.68,3.45,5TWIN2
Adel,Saidi,4.36,4.41,4.32,1.18,5TWIN27
Oussama,Jaziri,2.47,3.86,2.38,4.7,1A39
Oumaima,Zouari,3.03,4.0,2.33,0.51,5SAE33
Lotfi,Bouazizi,0.31,1.72,0.9,2.61,1A92
Lina,Hamdi,4.79,1.45,0.14,3.55,5SLEAM19
Adel,Nasri,1.92,1.4,0.99,0.36,1A77
Khalil,Zayani,3.32,2.46,0.36,0.62,4GAMIX39
Mehdi,Mabrouk,3.08,2.12,0.88,0.43,3A88
Lina,Turki,2.12,3.28,0.18,2.52,2A4
Hela,Jlassi,2.73,0.64,3.68,3.26,3A75
Lobna,Karoui,2.99,1.62,1.57,1.98,2A99
Rym,Fourati,1.56,0.13,2.28,4.92,2A6
Chokri,Bouazizi,1.04,2.59,2.74,0.51,5SAE59
Manel,Ben Ali,1.17,1.69,0.11,4.2,2A99
Ali,Fourati,0.43,2.99,3.06,2.19,3B23
Fatma,Makni,4.49,2.61,3.02,2.79,4NIDS26
Omar,Trabelsi,1.6,2.72,0.54,0.66,3A70
Wafa,Saidi,1.49,1.47,1.95,3.59,2P30
Omar,Cherif,0.22,4.46,0.97,4.35,3B85
Leila,Abidi,3.65,3.52,0.07,1.02,1A23
Sofiene,Sassi,3.93,2.97,1.64,0.3,5SIM56
Zied,Toumi,3.62,1.86,4.67,1.58,1A64
Leila,Makni,3.89,1.32,1.97,3.43,1A23
Hamza,Ayari,2.37,1.62,4.06,2.43,1A43
Mariem,Makni,1.16,0.47,3.36,0.83,5SLEAM43
Zaineb,Ferjani,4.36,0.95,2.71,2.12,5SE100
Ghada,Zayani,1.87,4.2,4.28,1.93,5TWIN27
Oumaima,Ammar,1.82,0.34,3.65,3.82,4ARCTIC87
Nizar,Chouchene,4.8,1.67,0.97,2.22,5TWIN79
Hedi,Ayari,3.12,3.95,1.93,0.69,2P99
Foued,Toumi,3.36,3.31,3.86,4.6,1A85
Sabrine,Nasri,4.18,3.78,1.9,3.83,3B60
Ali,Hamdi,4.19,4.87,2.61,2.32,3B67
Nadia,Hamdi,4.84,2.76,2.23,2.14,2A89
Omar,Karoui,3.24,4.59,0.33,1.26,3B60
Nizar,Belkhir,0.92,2.43,0.51,1.42,1A18
Rania,Belkhir,0.68,1.33,0.75,3.01,1A10
Sami,Guettari,3.16,4.13,2.83,4.12,2A49
Ines,Gharbi,4.89,4.22,1.91,4.38,1A18
Hichem,Abidi,1.4,3.46,3.58,0.98,3A97
Ahmed,Zouari,2.79,0.09,2.77,1.53,2P19
Yasmine,Bouazizi,0.36,3.83,2.82,2.39,2A35
Asma,Cherif,3.52,0.88,4.69,3.62,1A55
Nabil,Turki,4.49,0.38,1.74,4.07,5GAMIX79
Bilel,Khlifi,4.86,2.62,0.31,4.17,1A48
Nour,Haddad,0.71,3.55,0.36,1.43,3A19
Cyrine,Rekik,2.99,4.47,4.07,2.09,5GAMIX57
Nabil,Miled,2.98,1.43,1.36,1.43,2A77
Hend,Lahmar,2.56,1.82,3.49,2.43,3A97
Iheb,Mejri,3.23,4.74,1.71,4.29,2P99
Wassim,Turki,2.39,4.93,2.05,3.74,1A39
Nabil,Zouari,4.08,2.65,4.41,3.05,3A97
Sabrine,Mejri,0.15,1.07,2.44,3.46,3B93
Karim,Slimani,4.09,4.05,4.58,2.52,5SE99
Karim,Chaabane,4.54,3.13,4.59,0.36,1A74
Mohamed,Khemiri,1.68,0.4,2.05,1.71,5TWIN2
Sami,Zouari,3.62,1.04,4.28,3.68,3A88
Rania,Khemiri,3.59,3.89,0.08,0.56,2P19
Asma,Rekik,1.72,4.54,1.81,2.56,2A71
Hela,Nasri,3.51,2.95,2.27,1.65,3A10
Mouna,Khlifi,3.07,3.23,3.04,2.14,5SIM57
Emna,Toumi,2.35,3.8,0.3,0.74,2P19
Mohamed,Ammar,1.16,4.48,0.08,0.26,2A49
Omar,Bouazizi,0.6,3.04,1.04,0.39,2P51
Fethi,Maaloul,3.83,0.34,0.95,4.42,1A92
Wassim,Karoui,1.76,2.43,1.4,3.35,4GAMIX83
Amina,Bouazizi,4.17,2.79,3.43,0.36,2A77
Anis,Ghanouchi,4.04,0.32,1.13,1.17,1A90
Fethi,Ayari,1.99,4.17,4.19,0.53,1A16
Hichem,Ayari,3.55,1.58,2.22,0.25,3B23
Chaima,Kanzari,0.88,1.82,1.69,4.45,3B67
Hend,Ayari,3.08,2.5,0.76,3.7,5IOSYS5
Skander,Fourati,4.12,1.9,2.55,0.51,5GAMIX38
Lina,Makni,4.84,3.78,2.85,2.78,4SAE18
Oumaima,Ben Amor,2.35,0.03,0.45,1.47,5SIM57
Hiba,Zayani,2.46,2.85,3.73,3.5,3A75
Hamza,Trabelsi,0.02,1.22,0.77,4.46,1A18
Marwen,Ghanouchi,4.67,0.03,0.54,4.28,2A98
Sarra,Slimani,4.63,4.18,4.99,1.51,5IOSYS22
Karim,Chebbi,4.21,2.88,1.59,4.86,1A95
Ali,Maaloul,3.15,0.17,2.74,0.73,4SAE18
Fatma,Ghanouchi,1.43,2.29,3.05,2.18,2A98
Chokri,Miled,0.71,2.58,2.89,3.62,1A92
Amel,Jebali,3.84,2.14,2.16,4.7,3A88
Karim,Belkhir,2.09,3.44,1.67,2.07,2A25
Zaineb,Kanzari,3.18,1.83,2.64,1.67,2P87
Farah,Haddad,3.98,0.27,0.51,2.53,5IOSYS5
Amine,Zouari,3.06,2.77,2.81,4.72,5ARCTIC86
Amine,Khemiri,0.01,2.07,3.67,3.66,4GAMIX83
Walid,Driss,3.23,4.52,0.17,2.53,3B84
Samira,Baccouche,1.08,3.39,3.82,2.34,1A39
Leila,Ben Ali,3.51,2.62,2.51,3.39,2P51
Yasmine,Cherif,4.05,2.95,2.59,0.94,3A66
Fatma,Abidi,3.9,0.76,0.05,4.55,2A71
Sabrine,Zayani,1.41,3.29,4.59,1.22,3A82
Hiba,Toumi,3.1,3.51,3.95,1.91,4BI6
Farah,Mejri,1.23,2.7,2.69,3.01,3A75
Tarek,Maaloul,3.81,1.11,0.61,2.8,3B93
Sofiene,Jebali,3.16,2.38,0.88,3.07,3B67
Hend,Kanzari,0.54,0.32,0.16,3.72,3B11
Chokri,Chaabane,2.61,1.74,1.36,2.95,1A64
Skander,Slimani,3.64,1.61,0.73,4.09,4IOSYS40
Bilel,Karoui,1.06,0.8,4.71,2.22,5SAE59
Sarra,Gharbi,1.09,1.6,3.67,0.69,2P99
Rim,Kanzari,1.83,4.01,1.33,2.33,4SIM89
Lina,Slimani,0.04,2.45,2.65,2.2,3A82
Mariem,Abidi,2.8,4.06,2.44,3.93,5TWIN2
Ghada,Jebali,3.56,4.02,1.44,3.46,2A71
Leila,Miled,1.12,4.22,0.45,4.36,4IOSYS40
Chaima,Abidi,3.88,3.6,3.96,3.8,1A39
Rania,Mejri,0.65,1.39,2.94,0.82,3B23
Chaima,Chaabane,1.64,2.01,1.64,1.94,5IOSYS58
Sarra,Bouazizi,1.3,3.75,1.34,0.35,5SLEAM43
Wafa,Miled,2.24,4.62,2.17,1.04,5SIM57
Asma,Zouari,2.23,0.49,3.27,1.73,1A18
Amine,Driss,4.0,4.9,2.59,2.27,5SIM56
Sonia,Haddad,1.45,1.8,3.67,0.19,2A27
Bechir,Mabrouk,2.93,3.07,2.06,4.8,5TWIN2
Hatem,Bouazizi,0.01,0.76,0.02,3.67,2A32
Youssef,Driss,4.91,1.18,4.65,1.23,3A70
Wafa,Mabrouk,3.68,3.9,2.84,3.41,1A95
Amel,Jlassi,0.25,1.76,2.51,0.58,3B93
Samira,Ben Salah,0.44,0.39,2.35,0.01,5SE32
Haythem,Chebbi,4.08,4.46,3.51,4.99,5NIDS35
Siwar,Fourati,4.87,2.52,3.93,2.02,2A27
Nizar,Jebali,2.4,3.05,3.97,0.14,2A58
Marwen,Ben Salah,4.9,3.77,0.83,1.66,1A95
Siwar,Sassi,2.67,2.48,4.69,4.43,1A62
Oussama,Ayari,0.99,1.61,3.36,3.22,5NIDS7
Emna,Trabelsi,3.44,4.2,4.2,1.02,1A95
Lotfi,Baccouche,0.39,1.29,1.65,4.26,5ARCTIC86
Hedi,Belkhir,4.12,2.59,2.07,3.51,3B11
Ali,Lahmar,2.72,0.21,1.46,2.38,5IOSYS7
Bechir,Ferjani,3.28,2.6,3.44,2.75,1A74
Fares,Chebbi,3.1,0.17,1.57,3.13,2P30
Hend,Ammar,2.14,0.47,1.68,2.87,1A16
Amina,Makni,1.16,3.95,3.68,0.22,5SLEAM19
Adel,Sassi,3.53,1.49,1.82,1.34,5IOSYS7
Emna,Driss,3.03,0.21,2.57,4.39,3B67
Hedi,Mabrouk,3.16,0.37,0.72,2.46,3B85
Sabrine,Ghanouchi,1.26,0.62,0.03,3.63,1A13
Foued,Baccouche,1.02,1.04,4.96,0.23,5ARCTIC86
Ali,Nasri,0.55,0.77,2.41,2.8,5ARCTIC60
Mehdi,Ayari,2.22,4.74,4.55,0.76,2A58
Zaineb,Ghanouchi,2.95,0.64,3.2,2.25,3B12
Siwar,Mabrouk,4.62,3.76,2.68,1.41,5SIM56
Ghassen,Fourati,4.38,2.48,3.82,2.08,4SAE18
Lotfi,Gharbi,2.05,2.25,3.69,0.37,3B42
Hedi,Ben Amor,0.87,1.02,3.79,2.59,3A82
Rym,Toumi,2.24,0.07,2.96,1.32,3B60
Wafa,Abidi,4.27,4.91,2.25,1.23,4ARCTIC27
Nour,Miled,2.42,1.24,1.61,1.88,2P30
Adel,Mansour,4.87,4.32,1.11,1.38,3B93
Skander,Chouchene,3.43,2.22,0.3,0.01,3A55
Zied,Guettari,1.5,0.45,1.71,2.46,4GAMIX83
Khalil,Abidi,4.54,4.58,3.63,4.53,3B93
Hiba,Slimani,0.34,2.55,0.37,2.08,3B42
Ghada,Hamdi,3.28,1.81,1.04,3.69,2P99
Nour,Makni,2.7,0.64,3.08,4.97,4SIM89
Iheb,Jebali,1.07,4.3,4.15,4.71,2A4
Iheb,Jlassi,3.12,3.06,3.26,3.51,5ARCTIC60
Karim,Cherif,2.12,2.52,1.72,0.56,2P51
Wassim,Chebbi,1.59,0.67,2.16,2.35,3A97
Salma,Gharbi,3.11,2.95,1.88,2.84,5TWIN79
Mohamed,Kanzari,1.13,0.41,1.29,1.32,3A75
Omar,Ben Salah,0.64,0.59,1.9,0.51,5ARCTIC86
Emna,Miled,2.65,4.48,1.45,3.28,5SE100
Chokri,Zayani,1.25,2.86,1.06,2.85,3B42
Oussama,Saidi,2.2,0.78,2.25,1.64,4SAE18
Chokri,Abidi,0.32,2.3,3.88,1.04,3B67
Khadija,Kanzari,0.59,3.06,4.25,3.14,5TWIN2
Nabil,Ben Salah,4.85,0.17,2.04,2.3,4SIM62
Hedi,Zayani,4.31,1.57,1.71,4.37,1A90
Lotfi,Fourati,0.92,0.07,1.24,0.75,2A73
Walid,Bouazizi,1.35,0.75,2.2,4.29,5SIM57
Iheb,Cherif,4.08,2.19,3.46,3.0,1A10
Mehdi,Trabelsi,3.76,2.95,2.15,4.08,1A43
Amel,Kanzari,3.66,3.1,1.6,3.8,1A85
Ahmed,Chaabane,2.84,0.56,3.54,1.1,3B23
Anis,Karoui,3.98,2.56,3.47,4.0,3B96
Ghada,Sassi,1.25,0.15,0.12,1.61,3A97
Bechir,Abidi,0.28,1.26,0.59,4.54,2A89
Nizar,Ferjani,4.65,3.03,0.57,4.03,3B42
Rym,Khlifi,4.73,0.81,4.22,3.06,2P82
Sofiene,Karoui,1.76,3.94,3.22,0.91,2A27
Mariem,Chebbi,0.32,0.55,4.52,1.25,3B23
Cyrine,Fourati,1.48,2.2,2.39,4.99,4SAE18
Cyrine,Ghanouchi,2.42,0.08,4.97,4.15,2A73
Wided,Maaloul,2.47,0.92,4.12,3.27,1A1
Hend,Baccouche,2.05,1.0,1.29,1.04,3A60
Mohamed,Ferjani,3.14,0.81,2.65,3.57,3B67
Amine,Jaziri,1.0,2.09,3.07,3.38,2P21
Rim,Ben Ali,0.04,0.29,1.46,1.97,1A95
Khadija,Ammar,0.19,1.47,4.16,0.98,5IOSYS5
Sofiene,Belkhir,0.69,4.22,0.72,3.22,2A35
Nizar,Ben Salah,3.87,2.03,1.01,0.31,4ARCTIC27
Mourad,Cherif,1.49,3.22,3.69,1.87,1A18
Ines,Ammar,2.37,4.26,1.93,0.54,1A62
Yasmine,Ben Amor,3.76,1.94,0.06,3.05,4GAMIX39
Sonia,Bouazizi,0.55,1.01,0.52,1.58,3A73
Hichem,Turki,0.25,3.34,1.03,0.87,1A90
Mariem,Jaziri,1.47,0.75,1.52,1.16,1A16
Ali,Guettari,0.92,2.78,1.18,4.41,2A73
Lobna,Ammar,2.1,0.7,3.23,4.08,3B67
Sabrine,Makni,3.3,4.64,2.07,3.81,5SLEAM43
Iheb,Ayari,2.33,2.94,4.25,2.82,2P19
Rania,Karoui,2.02,4.97,0.03,3.33,3B12
Nour,Driss,4.01,1.26,0.92,0.33,2A77
Karim,Nasri,3.38,3.56,2.69,4.81,3A97
Skander,Saidi,1.37,0.55,0.96,4.07,1A62
Siwar,Baccouche,1.81,2.87,3.94,2.08,5NIDS35
Dorra,Khlifi,0.13,4.66,3.08,1.39,3A60
Yasmine,Slimani,2.46,4.9,2.99,2.24,1A92
Sonia,Ayari,2.03,3.4,0.43,1.85,2A75
Yasmine,Nasri,1.4,2.34,3.03,4.49,1A13
Eya,Baccouche,1.87,4.8,2.66,1.28,3B96
Rim,Sassi,1.13,4.67,1.53,4.67,5ARCTIC60
Lina,Toumi,2.79,2.77,3.99,3.36,4GAMIX83
Asma,Saidi,0.57,3.44,0.01,0.95,3A69
Mariem,Gharbi,4.97,4.85,4.21,1.53,5ARCTIC60
Aymen,Belkhir,4.2,4.56,0.46,3.19,5IOSYS22
Bechir,Belkhir,0.81,3.32,2.38,0.23,2P87
Mohamed,Zayani,1.46,1.35,2.3,2.23,1A85
Mourad,Ferjani,4.68,1.34,1.42,0.39,3B11
Khalil,Jebali,1.06,0.56,4.14,1.88,1A43
Dorra,Gharbi,3.19,3.62,1.14,3.75,1A33
Lobna,Khlifi,0.24,4.69,2.02,1.7,5TWIN79
Rami,Rekik,3.37,3.91,0.23,2.0,3B96
Bechir,Saidi,0.91,2.94,1.67,2.55,5SAE33
Haythem,Driss,2.82,2.59,2.24,0.55,4NIDS26
Fethi,Turki,1.86,4.38,4.07,1.93,1A64
Foued,Haddad,1.04,4.76,0.01,0.55,1A18
Bilel,Belkhir,2.78,2.72,0.48,2.15,3B49
Amel,Saidi,3.65,4.71,1.11,2.41,3B23
Chaima,Rekik,0.79,1.35,4.39,4.12,2A75
Mouna,Cherif,0.47,0.54,1.93,3.0,3B81
Hamza,Mabrouk,4.37,1.12,3.68,3.06,2P36
Haythem,Rekik,1.29,3.68,1.08,3.57,5GAMIX38
Nadia,Guettari,2.51,1.5,2.43,2.86,2A58
Rania,Ghanouchi,3.26,0.83,0.5,1.61,1A23
Nadia,Baccouche,3.28,4.96,1.74,2.61,2A25
Lotfi,Khlifi,4.65,1.77,0.07,1.67,3B4
Hiba,Ben Amor,4.77,1.5,0.95,4.66,2P30
Zied,Driss,0.24,3.34,4.59,0.28,5SAE2
Adel,Bouazizi,4.06,0.25,2.82,0.34,2A27
Fethi,Haddad,1.07,3.6,2.53,2.44,3A69
Bechir,Toumi,0.63,2.51,0.46,2.51,1A48
Tarek,Khlifi,1.44,4.68,3.43,3.13,3B4
Hedi,Karoui,3.88,3.19,4.56,2.26,4IOSYS40
Wafa,Jlassi,3.51,4.12,3.21,0.3,5TWIN2
Zied,Ben Salah,2.99,2.83,0.72,2.67,2A75
Sami,Belkhir,1.02,4.97,0.34,1.86,3B81
Ines,Baccouche,2.04,3.61,2.41,1.33,2A75
Khalil,Khlifi,2.53,1.46,1.61,0.8,3A97
Wafa,Rekik,2.64,3.44,2.64,0.84,1A10
Khadija,Ferjani,0.31,0.08,2.05,1.86,2P87
Khalil,Gharbi,1.99,2.63,4.27,0.58,4ARCTIC27
Iheb,Bouazizi,2.13,0.0,0.33,3.19,1A1
Marwen,Khemiri,4.81,4.09,3.28,4.89,4TWIN23
Hamza,Bouazizi,3.41,2.77,4.63,3.54,1A1
Oumaima,Trabelsi,2.41,1.2,2.25,4.19,1A7
Nadia,Chaabane,3.57,2.22,1.62,4.32,1A1
Cyrine,Maaloul,1.66,3.73,3.34,4.4,5SE32
Marwen,Toumi,1.53,2.36,2.46,2.5,1A43
Bilel,Mabrouk,3.21,0.61,3.14,0.94,4SAE18
Walid,Hamdi,3.79,1.76,0.66,2.58,1A95
Mohamed,Rekik,1.92,3.31,2.91,4.58,3A66
Samira,Saidi,2.86,3.63,2.55,2.93,2A63
Chokri,Sassi,4.4,1.44,2.7,2.91,5SLEAM19
Fatma,Bouazizi,4.09,2.51,3.99,1.22,2P19
Rania,Ben Amor,1.84,1.19,4.64,0.96,2A61
Anis,Mabrouk,3.21,4.19,2.13,0.5,5ARCTIC86
Ismail,Hamdi,1.65,0.73,4.0,1.78,3A82
Manel,Miled,0.96,2.85,1.84,0.69,1A13
Rania,Jaziri,0.56,1.18,1.38,3.01,4SAE18
Sonia,Driss,2.05,0.39,0.21,0.78,2A58
Khadija,Sassi,2.69,2.9,2.33,1.31,1A43
Rym,Turki,2.73,3.27,1.3,1.64,5SE99
Foued,Sassi,0.14,4.71,4.69,1.02,2P51
Dorra,Ben Ali,1.78,0.72,0.18,0.28,2A49
Nour,Jaziri,4.27,2.29,4.85,2.27,2A89
Wassim,Abidi,3.77,1.7,2.08,2.97,5ARCTIC60
Mouna,Ammar,2.59,3.79,0.37,1.77,3A60
Hela,Chebbi,1.08,3.21,2.7,3.06,1A82
Khadija,Ghanouchi,2.57,4.0,4.85,3.19,5NIDS35
Sami,Saidi,0.53,0.23,2.28,2.25,4NIDS26
Amel,Jaziri,4.42,1.01,3.51,4.31,5NIDS35
Mehdi,Turki,0.0,0.28,1.89,1.13,2P36
Amel,Miled,3.25,2.54,0.09,4.5,2P51
Haythem,Ferjani,0.71,3.77,4.96,1.33,2P51
Walid,Ben Amor,4.43,4.57,2.7,2.67,3B67
Ines,Ferjani,3.05,2.48,3.42,2.46,4SIM62
Dorra,Zayani,3.56,1.91,3.11,1.51,3B81
Hamza,Cherif,3.35,4.52,4.44,3.92,3B60
Salma,Khemiri,3.25,0.18,2.24,0.19,3B42
Zaineb,Ben Salah,4.15,0.86,4.8,2.79,1A23
Farah,Chebbi,0.4,4.11,3.65,4.98,1A62
Salma,Haddad,0.04,1.19,3.1,3.52,2A63
Wided,Baccouche,0.91,0.26,2.57,2.48,4SAE18
Ahmed,Ammar,2.8,3.33,0.34,2.59,5GAMIX79
Samira,Haddad,2.01,2.71,3.36,2.26,4ARCTIC87
Rami,Chouchene,0.9,1.41,4.42,2.48,1A13
Eya,Chebbi,0.38,2.54,2.57,4.15,5TWIN27
Samira,Mejri,3.12,2.96,0.49,4.75,3A19
Sofiene,Ayari,4.02,4.72,2.11,1.11,2P21
Rami,Ben Salah,4.77,1.09,2.37,1.35,3B42
Tarek,Baccouche,4.89,3.05,0.56,2.74,4SAE18
Rania,Turki,4.09,1.04,2.35,4.53,1A1
Rim,Toumi,4.38,1.79,0.59,1.83,3A69
Anis,Ayari,3.49,1.93,3.63,3.69,3A55
Samira,Fourati,4.77,0.73,1.94,3.12,1A16
Ismail,Ayari,3.21,0.76,2.59,0.67,1A85
Manel,Guettari,0.29,4.65,2.5,2.13,2P99
Iheb,Karoui,0.8,2.41,1.81,0.57,5SE32
Hend,Turki,4.73,3.71,3.6,2.7,1A13
Leila,Maaloul,4.58,4.74,4.95,1.05,5SIM57
Sonia,Khemiri,3.74,4.6,1.72,3.13,5IOSYS58
Samira,Karoui,0.69,2.93,4.22,0.74,2A6
Lina,Khemiri,1.22,3.7,0.71,1.4,2A89
Chokri,Ben Ali,1.92,1.76,1.07,0.37,2A89
Ghassen,Driss,2.11,3.79,3.16,0.65,5SLEAM19
Rym,Driss,4.3,2.84,3.21,2.19,3B4
Tarek,Trabelsi,1.94,1.53,2.4,4.2,4TWIN23
Dorra,Driss,3.07,3.7,1.14,0.6,4SAE18
Rim,Zouari,3.51,0.37,2.97,1.42,4NIDS26
Yasmine,Khlifi,1.82,4.12,0.13,1.14,1A10
Sabrine,Mansour,1.46,4.99,3.98,2.02,1A23
Amine,Rekik,4.97,2.85,2.52,3.65,4IOSYS40
Bilel,Slimani,0.34,4.34,3.82,0.61,4SIM89
Adel,Ben Ali,0.95,2.04,0.45,2.31,2A73
Sofiene,Mansour,3.94,1.41,4.85,4.51,2A98
Hend,Nasri,1.76,4.39,3.56,0.73,5SLEAM43
Manel,Baccouche,4.09,1.09,2.21,3.82,1A80
Fares,Guettari,0.77,2.7,2.81,2.34,5SLEAM43
Nadia,Khlifi,2.64,0.47,2.79,4.07,1A39
Adel,Miled,1.14,4.49,4.15,2.93,2A73
Lina,Nasri,1.28,2.78,3.15,2.16,4ARCTIC87
Bechir,Jebali,1.81,3.99,2.17,0.01,4ARCTIC87
Foued,Ghanouchi,0.07,4.53,3.16,0.0,1A43
Mourad,Abidi,3.79,4.39,0.51,0.26,1A95
Eya,Trabelsi,4.11,0.25,0.67,0.98,3B12
Oussama,Chebbi,3.27,0.67,4.51,2.26,3A88
Skander,Jebali,1.64,0.09,1.28,2.98,1A80
Mariem,Mejri,3.31,4.1,0.84,0.56,3B4
Amine,Hamdi,1.03,4.91,2.18,3.96,4SIM89
Marwen,Chebbi,3.27,0.09,3.14,1.5,4SAE18
Hichem,Karoui,2.44,3.11,1.38,1.51,3A10
Oussama,Sassi,0.08,3.86,4.75,4.45,3A82
Fethi,Belkhir,0.02,4.56,1.52,3.0,3A55
Anis,Jaziri,0.01,2.23,3.35,0.0,5SAE59
Hedi,Lahmar,0.8,2.11,1.4,4.63,5GAMIX38
Oussama,Ghanouchi,2.05,2.22,0.98,0.71,4NIDS26
Hedi,Fourati,3.63,0.4,2.62,3.07,1A33
Adel,Belkhir,0.25,1.85,2.08,2.67,5NIDS7
Zied,Hamdi,4.72,0.61,1.94,0.04,3A73
Rym,Chouchene,2.74,2.32,2.18,3.27,3B4
Sarra,Jebali,0.89,2.47,2.31,0.55,4SAE18
Mouna,Mejri,1.69,1.34,3.18,4.66,5IOSYS58
Khalil,Zouari,4.37,0.97,3.93,0.27,2A63
Nizar,Gharbi,0.24,4.13,2.69,2.16,3A69
Skander,Jaziri,2.61,3.47,1.3,0.74,4SAE18
Skander,Abidi,1.03,0.19,3.7,1.12,1A7
Asma,Mabrouk,0.18,0.56,1.53,1.85,2A32
Cyrine,Miled,0.26,0.83,1.54,1.29,1A92
Iheb,Ghanouchi,4.07,0.93,3.7,1.02,5SAE33
Hedi,Trabelsi,1.57,4.47,4.26,2.18,5INFINI39
Asma,Guettari,1.41,2.42,3.84,3.51,2A27
Bilel,Saidi,1.57,3.35,2.98,2.77,5BI77
Chaima,Ben Salah,0.67,3.49,0.76,1.75,1A10
Cyrine,Bouazizi,1.94,3.52,4.85,0.44,3A96
Foued,Mansour,1.67,3.96,2.69,4.11,3A82
Ines,Bouazizi,4.56,2.69,1.06,0.23,4TWIN23
Rim,Chebbi,1.59,4.28,0.63,1.07,1A80
Sonia,Chouchene,3.24,2.51,0.48,4.36,1A55
Nabil,Mejri,3.11,0.91,3.52,2.89,3B93
Rym,Rekik,4.5,1.05,2.07,2.31,4ARCTIC87
Amel,Mabrouk,0.61,3.42,0.47,1.27,3B67
Sonia,Zouari,4.76,4.45,4.27,3.14,2A75
Farah,Belkhir,1.24,4.65,1.41,4.74,4TWIN23
Samira,Kanzari,2.24,1.07,2.1,1.93,5SIM56
Yasmine,Ghanouchi,4.65,4.24,0.46,1.87,1A74
Ghada,Chebbi,4.44,0.45,1.64,0.17,2P87
Chaima,Toumi,3.07,3.08,4.39,4.61,3A60
Oumaima,Toumi,2.59,0.5,2.02,1.27,3A97
Youssef,Lahmar,4.94,1.78,0.41,4.87,5INFINI39
Nadia,Rekik,1.28,1.76,2.53,1.43,5GAMIX79
Mohamed,Toumi,2.96,3.37,0.57,1.58,3B93
Lobna,Lahmar,4.25,0.47,1.55,3.1,3A69
Rania,Jlassi,1.76,1.69,0.18,4.68,5INFINI39
Hatem,Saidi,3.86,4.1,4.61,2.52,4TWIN23
Nizar,Nasri,1.8,4.04,3.15,4.96,1A95
Bilel,Mansour,3.19,2.2,1.33,1.12,1A80
Mohamed,Lahmar,1.25,3.62,1.44,4.76,3A69
Lobna,Slimani,4.05,0.53,3.61,4.62,1A13
Olfa,Ben Amor,4.76,2.86,1.52,0.28,5TWIN79
Nour,Fourati,4.78,0.92,4.74,1.68,3A19
Walid,Nasri,2.63,4.32,4.5,2.82,5SE100
Ghassen,Makni,3.02,2.58,1.94,3.7,3A66
Iheb,Toumi,0.87,2.69,3.24,1.03,5SAE2
Hiba,Kanzari,0.01,3.49,3.57,1.57,5TWIN79
Ahmed,Chebbi,0.19,2.29,2.13,2.14,5NIDS7
Rami,Karoui,4.36,1.09,1.91,3.51,2A71
Foued,Mabrouk,0.84,1.56,3.33,1.15,2A99
Wassim,Saidi,1.06,0.42,3.1,0.74,5TWIN79
Marwen,Mansour,0.98,0.91,0.11,2.17,3A88
Lotfi,Maaloul,4.42,3.92,0.44,4.39,2A99
Asma,Turki,0.5,1.72,3.21,1.21,4SAE18
Siwar,Toumi,2.29,1.7,0.57,3.66,2P30
Mehdi,Zayani,4.33,2.78,2.55,2.45,4GAMIX83
Zied,Baccouche,1.53,0.44,4.14,0.19,3B60
Ines,Jaziri,1.98,3.32,3.11,2.96,2P87
Mariem,Zayani,2.08,3.83,2.98,3.76,3B84
Sonia,Makni,1.19,1.92,1.0,4.24,1A43
Sarra,Abidi,3.1,3.32,4.97,4.09,4NIDS26
Khalil,Turki,1.31,2.65,3.71,0.93,5GAMIX57
Emna,Belkhir,3.87,3.88,1.07,2.57,2P21
Ghada,Toumi,0.17,1.97,0.53,4.34,5SLEAM19
Dorra,Maaloul,4.09,3.87,0.22,4.02,5SAE59
Emna,Haddad,1.82,4.39,4.83,0.17,1A48
Hiba,Ferjani,3.59,1.97,0.75,0.42,3B67
Hichem,Ammar,4.69,4.05,2.63,4.05,5SE99
Anis,Gharbi,1.54,1.2,4.36,2.13,2P30
Siwar,Ayari,1.33,3.29,4.29,3.11,3B42
Nizar,Makni,2.76,1.56,4.2,0.31,3B60
Leila,Karoui,2.98,2.66,4.1,1.6,3A88
Amina,Karoui,2.86,1.66,4.18,2.4,5IOSYS5
Mouna,Bouazizi,4.55,2.36,3.98,2.57,5GAMIX79
Hichem,Zouari,4.84,3.08,3.49,2.95,5SE32
Nadia,Ben Amor,3.33,3.02,0.19,3.08,5SLEAM19
Zied,Bouazizi,0.16,0.66,3.87,1.94,1A33
Rim,Khlifi,0.73,4.74,1.67,2.54,3A75
Amel,Chouchene,1.87,4.14,0.13,2.32,5GAMIX38
Aymen,Zouari,1.75,1.83,0.52,3.23,3B84
Ahmed,Makni,0.06,0.96,1.36,2.58,5GAMIX57
Mourad,Toumi,0.38,0.07,2.46,0.22,5GAMIX79
Asma,Chouchene,1.97,1.15,3.62,0.99,2A89
Karim,Baccouche,2.12,3.4,4.76,3.12,2P36
Walid,Zouari,3.56,2.78,0.51,3.21,3A55
Mariem,Driss,1.35,2.36,1.97,3.49,3A60
Farah,Ben Amor,0.98,0.1,4.65,4.83,1A7
Sonia,Hamdi,4.12,3.49,2.72,1.47,1A13
Sami,Jebali,1.02,2.56,4.96,1.11,3B96
Bechir,Kanzari,2.14,2.36,3.33,2.39,5GAMIX42
Ghassen,Karoui,0.13,3.56,2.49,0.2,5SIM56
Lobna,Jaziri,2.51,3.94,0.77,1.96,1A13
Marwen,Ben Amor,4.59,4.8,0.24,1.57,5GAMIX79
Dorra,Mabrouk,0.63,3.73,1.59,0.05,3B23
Ghassen,Khlifi,4.78,4.28,0.71,4.33,2A71
Zaineb,Makni,0.01,2.86,2.03,1.9,1A62
Ines,Fourati,4.81,4.52,2.45,4.81,1A92
Sabrine,Jebali,0.77,3.04,1.37,3.9,3B60
Lotfi,Chaabane,1.4,0.92,2.34,0.95,5TWIN79
Ali,Chebbi,0.47,4.99,3.79,3.54,2P21
Wafa,Toumi,4.15,4.7,3.87,0.26,1A10
Fares,Khlifi,4.45,4.89,1.2,2.48,3B93
Haythem,Nasri,2.02,4.03,1.79,0.06,3B85
Youssef,Fourati,4.06,0.54,1.37,2.03,3B84
Nabil,Karoui,3.73,4.35,2.71,4.81,3A73
Fethi,Chouchene,1.86,2.85,0.9,2.37,1A48
Hedi,Bouazizi,0.48,0.32,0.81,0.99,3B67
Nour,Saidi,1.7,3.11,2.35,4.61,4GAMIX39
Siwar,Mansour,2.66,4.9,4.09,3.61,2A75
Walid,Khemiri,1.26,1.26,0.84,1.1,3A60
Hedi,Driss,0.15,4.64,3.92,0.24,3B67
Salma,Makni,4.49,3.89,3.52,4.43,5IOSYS22
Mourad,Ben Salah,0.72,1.57,2.41,2.91,2A63
Eya,Miled,2.67,2.61,2.58,0.34,3A69
Foued,Lahmar,2.99,0.42,0.2,3.98,1A23
Salma,Khlifi,3.41,1.56,4.48,3.91,1A77
Ahmed,Ghanouchi,1.33,4.18,4.34,4.04,1A39
Bilel,Nasri,1.14,3.34,3.31,2.42,1A18
Omar,Rekik,3.92,4.42,4.72,3.4,2A71
Lobna,Mabrouk,1.63,1.09,1.01,1.82,1A82
Nabil,Ferjani,3.5,3.84,0.57,2.08,4NIDS26
Mariem,Bouazizi,2.03,3.62,3.19,2.3,2A71
Walid,Ferjani,3.47,4.14,0.1,1.93,3A19
Zaineb,Mansour,4.02,2.21,2.73,2.56,5SAE33
Olfa,Mansour,4.41,1.7,0.06,2.9,2A89
Amel,Chebbi,2.08,4.47,3.41,3.96,5SIM57
Siwar,Maaloul,4.49,4.82,1.72,3.52,2A25
Mohamed,Nasri,1.45,2.91,3.95,3.63,5GAMIX42
Ghassen,Chaabane,3.54,2.84,2.72,0.54,2P99
Iheb,Khlifi,2.11,4.41,3.14,3.86,1A92
Ghassen,Jaziri,2.28,4.79,0.41,3.52,1A90
Oussama,Ferjani,3.38,1.04,0.33,2.43,2A75
Hichem,Sassi,2.48,2.42,4.58,4.03,5SAE2
Yasmine,Rekik,1.18,1.34,1.42,3.09,3A88
Farah,Ayari,3.92,2.74,2.59,4.14,3B96
Mariem,Maaloul,1.46,1.72,2.71,3.88,3A66
Ines,Miled,2.56,2.58,4.88,1.27,5SE99
Lobna,Guettari,2.26,3.98,3.63,1.89,1A62
Ali,Rekik,0.44,0.67,0.81,0.07,2A99
Marwen,Ammar,3.39,0.03,1.34,3.75,2A98
Hiba,Khemiri,0.81,1.04,2.19,2.55,1A64
Nadia,Chouchene,2.55,4.65,4.93,3.34,3A97
Foued,Chebbi,4.6,2.45,2.97,1.04,4SIM62
Lobna,Kanzari,1.39,1.42,1.23,4.01,3B49
Mohamed,Sassi,4.78,0.17,0.06,0.63,5TWIN27
Oumaima,Khlifi,0.83,3.7,1.35,3.63,4BI6
Mariem,Saidi,1.25,2.96,1.45,3.97,3B49
Iheb,Kanzari,0.55,1.45,2.41,3.82,1A39
Sami,Slimani,4.15,0.57,3.81,3.73,3A88
Amel,Mansour,3.56,0.37,1.97,4.32,3A97
Rania,Fourati,1.81,1.51,0.6,4.03,2A99
Ghassen,Lahmar,1.83,4.35,3.22,2.42,4GAMIX83
Oussama,Miled,0.08,3.68,1.07,1.66,5SLEAM43
Mehdi,Lahmar,0.26,3.28,0.33,3.07,2P82
Hamza,Zouari,1.43,2.86,4.67,3.34,5ARCTIC60
Walid,Trabelsi,4.61,0.08,1.09,2.2,5SAE2
Cyrine,Hamdi,4.28,2.03,5.0,1.05,4SIM89
Mohamed,Abidi,2.78,1.95,2.73,2.18,3A66
Hamza,Ben Ali,4.0,0.72,3.09,4.27,3A10
Hiba,Rekik,4.04,2.7,3.51,2.3,3B93
Dorra,Cherif,3.66,2.1,0.63,3.9,1A95
Ines,Ben Amor,1.76,2.71,3.88,3.29,1A92
Asma,Chebbi,4.92,0.21,0.22,0.37,3B11
Karim,Kanzari,1.22,0.9,2.71,4.36,5SLEAM43
Karim,Mabrouk,3.07,2.43,2.79,1.73,5SE100
Iheb,Fourati,1.09,1.87,4.72,1.62,3A75
Karim,Ammar,2.22,2.39,4.19,2.25,1A1
Amina,Ammar,2.38,2.5,0.77,1.18,4SAE18
Oussama,Ben Amor,1.77,4.51,0.46,3.58,5SAE59
Ahmed,Bouazizi,2.75,1.96,4.7,3.1,2A75
Khadija,Slimani,0.76,3.27,2.96,3.4,3B49
Amina,Jlassi,2.26,3.32,4.76,4.09,3A97
Khadija,Jebali,1.33,0.65,3.71,3.09,5TWIN27
Asma,Khemiri,0.83,3.47,1.13,0.73,4ARCTIC27
Eya,Jaziri,2.57,3.92,4.74,2.76,3A88
Ahmed,Ferjani,3.11,0.74,0.99,3.13,5TWIN79
Adel,Jebali,2.19,4.14,3.77,1.54,5IOSYS58
Mourad,Zouari,4.82,0.84,2.81,3.66,2A27
Siwar,Ben Ali,2.21,0.96,1.19,2.09,3A69
Foued,Ben Salah,0.77,3.05,0.28,1.65,5GAMIX57
Chaima,Cherif,4.01,3.56,3.49,0.12,5SAE33
Sami,Ammar,4.28,2.96,4.61,0.36,1A95
Mariem,Jlassi,4.44,4.91,4.31,0.43,3B60
Rami,Mabrouk,3.11,2.79,1.97,0.1,1A55
Salma,Ammar,4.64,3.81,0.43,1.54,4ARCTIC27
Foued,Zouari,3.17,1.77,3.92,2.77,3B4
Asma,Hamdi,2.89,2.76,4.9,3.0,2A32
Asma,Chaabane,4.04,4.13,1.57,4.09,5IOSYS5
Hedi,Haddad,3.98,4.17,3.72,2.17,4SIM89
Fares,Nasri,3.82,3.89,1.79,4.64,1A43
Ismail,Makni,1.94,0.59,4.49,4.45,2A35
Amine,Mejri,1.16,2.47,4.04,2.87,3A19
Aymen,Baccouche,2.7,3.8,2.62,4.14,5ARCTIC60
Bechir,Bouazizi,1.15,0.86,3.84,1.18,3A55
Mariem,Hamdi,1.72,2.03,4.73,4.49,2A63
Hichem,Kanzari,0.28,3.28,0.8,1.86,3B67
Hela,Ben Salah,4.37,1.76,4.68,4.01,4BI6
Samira,Ferjani,3.3,4.99,3.31,2.04,3B67
Marwen,Ben Ali,2.14,4.91,1.13,4.89,5GAMIX57
Lobna,Makni,3.37,3.19,1.56,2.94,3B96
Manel,Ferjani,0.39,3.87,3.28,3.97,3A82
Hiba,Lahmar,4.37,2.15,4.52,2.32,3A96
Wided,Miled,2.74,0.06,4.88,4.73,4BI6
Wafa,Ayari,2.9,2.78,4.78,2.01,2P51
Eya,Ghanouchi,2.72,1.57,0.1,0.67,2A6
Lobna,Haddad,3.89,0.71,0.17,2.58,1A10
Siwar,Driss,2.08,4.07,1.0,4.37,3B96
Asma,Kanzari,1.97,4.66,3.26,1.39,5TWIN27
Dorra,Turki,3.61,4.75,1.54,4.25,2A77
Mariem,Baccouche,0.75,3.17,4.04,2.4,3B4
Hedi,Turki,2.72,3.51,4.63,3.52,2A31
Fethi,Cherif,2.62,3.91,0.88,4.87,5BI77
Sabrine,Ben Salah,1.68,2.66,0.77,0.44,3B84
Anis,Khlifi,1.1,4.15,2.06,3.97,4SIM89
Nour,Sassi,1.15,4.1,4.02,0.3,5SLEAM43
Emna,Bouazizi,3.44,1.27,1.39,2.73,3B42
Emna,Chaabane,4.75,1.98,2.82,0.77,3B96
Amina,Khemiri,4.34,4.77,1.2,3.13,2A77
Iheb,Ferjani,3.33,2.07,2.48,1.29,3A82
Sarra,Ghanouchi,4.56,3.1,0.3,2.06,3A73
Sonia,Karoui,2.19,1.35,4.96,3.36,2A77
Amine,Trabelsi,0.47,4.36,0.66,0.83,2A63
Farah,Makni,1.34,2.01,4.3,0.99,5INFINI39
Eya,Ferjani,4.73,3.26,4.08,1.57,2A98
Siwar,Ben Salah,0.61,0.25,1.31,4.36,5ARCTIC60
Salma,Toumi,0.16,1.23,3.62,1.24,2A63
Youssef,Khemiri,0.58,2.21,0.71,4.06,3B60
Emna,Slimani,2.86,2.88,3.87,0.23,5SAE2
Lotfi,Khemiri,3.7,3.26,2.56,1.74,5SIM57
Yasmine,Jlassi,2.21,4.89,1.35,0.17,3B4
Hiba,Chouchene,3.05,3.06,0.01,2.77,5NIDS7
Bilel,Bouazizi,1.79,0.84,1.97,3.03,2A77
Yasmine,Karoui,0.53,0.11,4.82,2.87,1A55
Oumaima,Ben Salah,4.95,2.81,0.63,4.83,2A31
Wafa,Trabelsi,1.67,0.66,1.83,2.03,5TWIN2
Eya,Khlifi,1.37,4.08,1.75,3.62,3A19
Omar,Gharbi,2.88,2.58,2.45,4.63,5SAE59
Zaineb,Maaloul,1.86,0.92,2.22,0.26,2A75
Rim,Haddad,2.64,2.99,2.32,4.0,4SAE18
Foued,Chouchene,2.42,4.1,1.53,2.02,4SAE18
Farah,Rekik,1.65,3.9,2.68,3.55,5GAMIX79
Mourad,Kanzari,4.27,2.45,4.42,0.28,2P36
Amine,Turki,1.65,0.14,1.86,2.29,5NIDS7
Rim,Jaziri,2.0,0.68,2.92,1.94,3B81
Hamza,Chebbi,3.88,2.74,3.23,0.08,5SAE59
Mohamed,Mabrouk,3.24,0.67,2.18,2.46,4SIM62
Chaima,Ammar,4.65,4.38,0.19,2.67,1A16
Meriem,Jaziri,0.42,1.23,3.48,3.88,5INFINI39
Ines,Guettari,2.0,0.51,1.43,0.44,1A77
Hedi,Gharbi,4.68,0.25,1.69,0.17,3A88
Nadia,Ghanouchi,1.65,4.88,0.36,4.02,2P19
Farah,Karoui,0.06,0.62,2.09,1.15,2A4
Fares,Toumi,3.01,3.18,2.05,0.52,3A10
Sofiene,Jaziri,2.58,0.05,1.66,3.5,1A7
Ismail,Jaziri,1.93,0.31,1.77,3.6,1A92
Nour,Bouazizi,1.3,2.24,4.99,3.48,1A23
Wassim,Sassi,0.87,0.67,2.53,0.95,1A95
Lina,Ghanouchi,2.33,4.76,2.71,3.52,3B23
Olfa,Gharbi,1.45,4.8,0.32,2.69,2A32
Marwen,Rekik,2.78,1.7,0.13,0.5,3A82
Zied,Haddad,2.95,0.58,3.52,1.19,5IOSYS22
Olfa,Turki,2.88,1.91,0.61,1.89,2A77
Rym,Sassi,4.31,1.11,0.07,1.95,3B93
Mohamed,Baccouche,1.29,3.38,3.53,3.42,1A80
Rym,Miled,2.62,3.12,4.85,1.4,2P19
Cyrine,Chaabane,4.94,3.8,4.72,2.26,3A88
Ahmed,Slimani,4.75,2.31,0.57,2.91,5INFINI39
Cyrine,Kanzari,3.78,3.65,4.25,2.98,2A25
Youssef,Zouari,0.77,3.62,1.39,4.27,5GAMIX42
Nour,Ayari,4.88,0.8,3.5,0.29,2A31
Bechir,Makni,3.84,3.2,0.8,0.66,5IOSYS22
Farah,Khlifi,4.76,1.15,3.99,1.55,5BI77
Zaineb,Zayani,2.13,4.64,1.24,3.63,2A98
Rami,Belkhir,4.53,4.93,0.68,0.55,1A80
Bechir,Rekik,4.51,2.66,1.78,1.7,5NIDS35
Omar,Belkhir,4.24,3.78,0.43,0.5,5SLEAM19
Mohamed,Maaloul,1.05,1.86,2.89,1.61,3A97
Fatma,Jebali,3.07,0.5,4.68,3.6,4SIM62
Tarek,Jlassi,4.44,2.31,3.06,3.59,4GAMIX83
Anis,Jlassi,0.88,2.11,4.0,0.35,3A73
Sami,Fourati,0.35,2.41,2.88,4.79,1A33
Ali,Ferjani,3.17,0.84,3.06,4.88,1A92
Walid,Turki,3.61,2.07,1.57,4.06,3A75
Hatem,Guettari,3.2,1.95,3.25,0.72,5SLEAM43
Ghassen,Mejri,1.54,1.99,2.86,2.2,1A23
Marwen,Driss,4.12,4.21,3.99,1.13,5NIDS35
Wassim,Haddad,1.01,4.2,0.78,4.41,4SIM62
Sofiene,Zouari,3.06,1.57,3.46,4.15,1A13
Manel,Lahmar,2.41,1.38,0.49,1.81,5NIDS35
Amina,Jaziri,4.99,1.3,3.14,1.31,5IOSYS7
Wassim,Ben Ali,2.16,2.41,1.19,4.91,1A23
Lina,Lahmar,3.89,3.52,0.68,0.64,2A77
Olfa,Khlifi,2.62,3.58,1.38,0.55,5SIM57
Chaima,Saidi,4.39,0.13,3.12,4.85,5NIDS7
Lotfi,Nasri,1.82,3.8,3.2,2.17,3A82
Rami,Makni,1.53,1.67,2.04,3.89,1A43
Mehdi,Rekik,0.82,0.16,3.9,4.72,3A70
Manel,Jlassi,3.21,1.3,2.43,1.44,2A63
Ines,Turki,1.66,0.31,4.46,4.46,5SLEAM43
Siwar,Slimani,4.63,2.26,3.19,4.04,4GAMIX83
Rania,Chouchene,3.83,2.87,2.92,3.58,3A10
Rami,Jebali,3.92,3.09,2.15,3.32,1A77
Emna,Hamdi,2.72,1.41,1.86,1.87,5SAE33
Samira,Miled,4.9,2.98,4.29,4.15,2P99
Ismail,Belkhir,4.07,2.0,2.27,0.44,5SE100
Hatem,Abidi,2.24,1.58,0.07,2.72,3B67
Adel,Kanzari,0.43,1.95,4.31,2.68,2A89
Yasmine,Haddad,3.45,0.52,1.81,2.43,5GAMIX57
Fatma,Lahmar,0.18,4.96,4.1,3.26,4SAE18
Omar,Hamdi,2.1,2.29,3.13,3.34,2A63
Rami,Lahmar,2.21,0.83,3.59,4.7,2A49
Amine,Gharbi,4.26,4.51,2.98,1.08,2A6
Sabrine,Baccouche,0.67,3.21,3.54,2.62,5ARCTIC86
Hiba,Jebali,1.59,3.19,2.51,3.03,2A4
Ines,Chaabane,4.83,4.87,1.27,1.07,5SAE2
Aymen,Ferjani,4.48,3.61,3.26,3.83,1A77
Tarek,Mabrouk,1.91,3.33,2.73,0.35,1A48
Chokri,Trabelsi,0.24,2.55,4.61,4.63,2P21
Dorra,Jaziri,2.82,1.34,1.75,4.87,3B67
Ali,Mejri,2.29,1.55,2.67,1.05,1A39
Zied,Maaloul,2.43,0.88,3.15,3.54,2A98
Nabil,Bouazizi,0.97,3.59,0.98,4.62,5TWIN79
Tarek,Ammar,1.07,2.64,0.08,2.59,2A32
Skander,Guettari,1.12,4.92,0.46,3.45,2A98
Lobna,Trabelsi,4.43,1.39,2.29,1.16,1A18
Yasmine,Jaziri,3.2,2.9,3.65,3.42,4GAMIX83
Ali,Ghanouchi,2.25,0.46,3.85,0.11,5SAE2
Fares,Khemiri,3.0,4.28,3.3,4.06,3A66
Farah,Ammar,1.0,1.1,4.13,0.15,1A80
Chaima,Ghanouchi,4.25,1.39,0.42,0.28,5GAMIX42
Sarra,Ayari,1.87,3.53,3.2,1.89,2A58
Sami,Khlifi,2.87,0.23,2.28,2.09,2A58
Wassim,Fourati,4.33,4.34,4.07,1.94,5SE100
Hamza,Khemiri,2.61,4.08,0.76,2.46,2A75
Yasmine,Ferjani,3.26,0.95,3.0,1.92,4GAMIX83
Wassim,Gharbi,4.39,2.13,3.0,4.42,5GAMIX79
Adel,Toumi,3.47,3.41,2.08,0.32,3B49
Hatem,Turki,4.1,1.77,4.4,2.24,2A61
Amina,Fourati,3.13,4.75,3.8,4.57,5IOSYS7
Meriem,Mejri,0.42,4.79,1.52,2.58,1A10
Rami,Gharbi,3.86,2.73,0.16,3.82,3B23
Mohamed,Khlifi,4.03,2.65,3.17,2.66,4ARCTIC87
Chokri,Maaloul,0.3,3.9,1.58,1.6,5IOSYS7
Emna,Lahmar,0.34,2.83,2.59,0.42,5BI77
Nadia,Ben Salah,2.99,3.63,4.35,2.77,2A98
Sabrine,Fourati,0.27,1.91,1.99,0.27,1A55
Asma,Jebali,0.2,1.64,1.75,4.69,2A58
Ines,Ben Ali,0.47,3.43,4.6,1.95,4ARCTIC27
Nabil,Gharbi,0.0,3.73,1.13,1.55,3B4
Amel,Nasri,2.19,3.66,3.17,3.22,3B60
Fatma,Baccouche,0.67,2.66,0.03,0.76,1A74
Nour,Rekik,4.57,0.05,2.93,1.91,1A23
Sarra,Turki,4.45,3.28,1.31,1.51,2P87
Ali,Jebali,0.44,1.18,2.36,1.51,3A96
Hichem,Miled,3.22,4.07,2.45,3.86,1A1
Meriem,Makni,4.2,4.06,2.68,1.98,4IOSYS40
Meriem,Zayani,0.57,4.59,0.8,2.21,5NIDS35
Iheb,Lahmar,3.29,1.91,4.8,0.38,1A13
Ghada,Lahmar,2.29,1.67,4.18,2.75,5SE100
Omar,Ferjani,4.43,3.67,2.91,3.21,3B96
Rym,Jaziri,4.54,4.34,2.57,3.57,3B81
Hela,Ben Ali,4.92,4.06,0.3,0.71,3A60
Khalil,Ammar,3.87,1.01,0.83,4.63,3A69
Chokri,Mabrouk,1.2,4.92,3.28,0.74,1A64
Sami,Toumi,4.82,0.13,3.86,2.69,3B60
Aymen,Mejri,1.78,0.47,0.81,1.01,3A55
Hela,Haddad,4.64,3.26,3.44,1.19,5GAMIX38
Ali,Cherif,3.47,2.89,3.52,0.66,2P30
Mehdi,Baccouche,1.1,2.83,4.38,2.54,3A55
Amel,Belkhir,2.88,0.15,3.85,2.77,3B12
Hedi,Ferjani,1.38,1.66,4.66,1.49,1A90
Oumaima,Rekik,2.73,0.83,0.57,4.62,2A4
Mariem,Turki,1.15,4.88,1.95,3.63,1A64
Sonia,Ammar,2.15,2.13,4.44,3.88,1A13
Fatma,Fourati,1.46,3.03,3.16,3.34,3B23
Ahmed,Guettari,4.19,0.17,3.48,1.8,2A35
Meriem,Fourati,1.15,0.03,1.55,3.27,2P87
Aymen,Trabelsi,2.02,4.64,0.2,4.46,4BI6
Wafa,Karoui,1.24,4.92,4.67,2.24,2A77
Hamza,Mejri,1.3,4.98,1.81,4.26,1A7
Mourad,Rekik,1.91,0.56,4.1,4.42,3A96
Nour,Zouari,2.63,3.07,2.67,4.99,3A96
Asma,Baccouche,2.83,3.68,2.42,2.77,3A10
Amel,Zayani,3.96,4.57,4.43,3.32,5IOSYS7
Chokri,Ammar,3.11,0.04,3.24,0.72,1A95
Siwar,Lahmar,3.52,4.75,2.37,0.21,1A33
Wassim,Ben Salah,4.22,3.89,0.89,4.75,3A69
Amine,Miled,3.84,1.69,1.51,3.4,3B4
Nadia,Miled,0.46,2.62,1.85,2.24,1A77
Anis,Abidi,3.07,3.31,3.86,0.98,1A18
Sarra,Rekik,1.62,1.07,1.31,2.78,3A55
Yasmine,Kanzari,3.31,1.11,0.05,2.86,4TWIN23
Haythem,Lahmar,3.83,4.16,2.22,0.07,5SAE59
Manel,Belkhir,1.74,2.93,4.19,1.52,3B49
Nour,Turki,1.25,3.16,4.4,2.14,2A61
Lina,Chebbi,2.74,3.21,2.85,1.86,3A60
Sabrine,Mabrouk,4.01,4.67,4.82,1.7,2P51
Tarek,Toumi,1.27,2.03,2.49,1.26,1A23
Omar,Toumi,0.62,3.74,1.57,1.22,5SE100
Khalil,Mabrouk,2.53,4.76,2.89,0.44,5NIDS7
Salma,Maaloul,0.84,0.18,0.97,0.61,1A62
Khalil,Ferjani,2.33,2.42,2.54,1.08,2P36
Bilel,Jaziri,3.24,1.71,4.04,2.58,1A55
Chaima,Zayani,3.14,2.97,4.04,4.9,5GAMIX38
Bechir,Haddad,2.72,2.06,1.28,1.39,1A77
Fares,Abidi,2.79,1.08,3.91,4.67,1A95
Ahmed,Toumi,4.87,2.26,2.43,0.15,5TWIN79
Aymen,Hamdi,1.89,3.99,1.49,3.17,4ARCTIC87
Sarra,Khemiri,0.06,1.97,0.22,4.21,4ARCTIC87
Hela,Miled,1.95,3.14,0.1,3.91,5SAE33
Ghada,Ferjani,0.86,1.52,1.95,1.06,3A19
Oumaima,Zayani,2.22,4.9,4.78,2.78,3B11
Iheb,Ben Salah,3.01,0.82,2.65,4.05,1A16
Hend,Ferjani,4.85,2.05,3.56,2.98,4SIM62
Wided,Chouchene,0.69,1.63,2.79,3.13,5SLEAM19
Wafa,Lahmar,2.09,4.57,4.94,0.31,2A61
Wided,Ben Salah,0.06,1.03,0.22,0.87,2A31
Ines,Lahmar,0.29,1.74,4.51,0.47,3A70
Nour,Chaabane,1.8,4.21,3.74,0.71,3B81
Sabrine,Chaabane,3.27,4.98,0.81,0.54,2A77
Oumaima,Bouazizi,3.12,1.78,1.19,3.64,3B85
Nizar,Lahmar,4.84,0.71,2.53,2.87,2P82
Zied,Jlassi,4.24,4.69,1.3,2.41,5SAE2
Farah,Mansour,3.94,3.37,0.7,3.23,1A90
Sabrine,Driss,4.27,0.16,0.49,1.86,1A92
Chokri,Ghanouchi,3.16,2.81,1.65,0.15,5ARCTIC86
Farah,Saidi,4.82,2.58,2.97,3.43,2P21
Leila,Fourati,0.64,4.58,2.15,3.66,2A98
Lobna,Maaloul,0.37,4.29,3.15,4.56,5SIM56
Nadia,Haddad,2.29,1.18,1.75,0.92,5SLEAM19
Sami,Chaabane,2.38,1.38,2.92,1.2,4SAE18
Bechir,Chouchene,4.6,0.53,2.17,4.91,3A60
Eya,Sassi,2.19,1.48,0.5,0.41,3B85
Lotfi,Cherif,0.65,3.59,0.62,4.48,4ARCTIC27
Oumaima,Baccouche,1.88,0.31,2.81,4.67,5IOSYS22
Eya,Jlassi,2.64,0.19,3.57,2.62,3A97
Nizar,Fourati,2.68,3.17,0.47,0.49,3B93
Adel,Turki,2.29,4.99,3.88,1.63,2A6
Sabrine,Toumi,4.36,0.98,1.19,1.97,2A75
Hiba,Jlassi,3.06,0.2,4.58,4.0,1A33
Sabrine,Maaloul,4.96,1.03,3.99,1.56,5TWIN27
Farah,Ghanouchi,3.35,2.16,4.19,3.12,2A58
Nizar,Hamdi,3.57,3.82,1.51,2.04,2A25
Farah,Khemiri,1.05,4.8,1.57,0.07,5BI77
Amine,Mabrouk,0.77,4.99,0.44,3.26,4IOSYS40
Nour,Nasri,2.78,1.26,4.55,2.56,2A99
Mohamed,Mejri,4.82,3.2,0.52,3.86,3B11
Rania,Guettari,0.01,2.11,0.15,3.21,3A75
Farah,Chouchene,4.44,1.41,3.19,2.47,4SIM62
Skander,Miled,2.96,3.26,4.51,3.67,1A1
Cyrine,Guettari,1.31,0.93,0.19,1.06,4IOSYS40
Rami,Baccouche,3.12,2.49,2.15,3.82,5TWIN2
Lina,Abidi,3.52,0.82,3.31,2.24,1A90
Hamza,Guettari,4.06,3.09,2.78,4.7,3B93
Leila,Mabrouk,2.58,0.16,3.0,0.93,5IOSYS22
Aymen,Toumi,3.12,1.68,3.8,4.7,2P21
Amina,Miled,2.62,0.69,1.67,2.99,3B4
Oumaima,Karoui,3.61,3.85,3.4,2.61,4SAE18
Omar,Nasri,1.55,1.1,2.59,2.8,5NIDS35
Asma,Jlassi,4.7,4.34,2.5,1.8,2A31
Chaima,Ben Amor,3.52,0.02,3.84,1.15,4ARCTIC27
Lotfi,Makni,4.73,4.08,0.11,1.01,5BI77
Oumaima,Jaziri,2.87,2.13,3.51,1.17,3A60
Marwen,Ayari,1.08,4.68,2.17,3.03,5SIM57
Lina,Jlassi,1.59,0.48,1.71,0.17,1A74
Tarek,Bouazizi,2.54,2.74,3.6,3.61,3B4
Mohamed,Miled,3.21,4.73,2.01,1.66,3B84
Rim,Lahmar,1.33,4.95,4.76,3.29,5SIM57
Amine,Baccouche,4.6,0.32,1.77,0.73,5IOSYS5
Mariem,Khemiri,1.74,4.63,1.35,3.6,3A19
Fares,Sassi,0.61,1.87,3.85,4.53,5ARCTIC60
Hedi,Nasri,2.12,4.79,1.29,3.42,1A13
Nadia,Abidi,3.65,4.68,1.99,3.36,3A66
Wafa,Hamdi,1.17,1.17,4.06,0.16,5INFINI39
Chokri,Ben Salah,4.95,4.69,3.2,0.73,5NIDS7
Nizar,Miled,3.47,1.57,4.59,2.46,1A85
Olfa,Nasri,1.32,2.76,0.38,2.69,2A99
Hela,Turki,0.99,3.99,2.0,4.12,2P99
Karim,Ben Salah,4.83,4.23,1.95,0.54,2P99
Amel,Driss,4.88,1.56,2.48,2.98,1A95
Rami,Mansour,1.36,0.43,2.1,2.21,5SLEAM19
Samira,Chaabane,4.95,2.51,4.66,2.96,4GAMIX83
Meriem,Hamdi,0.79,4.26,1.34,3.1,2A58
Hatem,Belkhir,1.02,2.98,4.37,2.06,5IOSYS7
Ghassen,Trabelsi,4.09,2.0,0.98,2.95,1A1
Chokri,Toumi,2.12,3.12,2.02,4.88,5IOSYS22
Hiba,Zouari,4.78,0.05,0.65,4.83,2P30
Rym,Abidi,4.97,1.64,3.8,3.95,3B60
Oussama,Guettari,4.71,1.54,0.56,2.61,3B11
Salma,Kanzari,0.87,4.16,3.95,4.61,3A96
Farah,Bouazizi,1.16,2.67,1.12,3.93,3B42
Ghassen,Rekik,0.54,1.6,1.83,2.24,1A77
Sofiene,Chebbi,3.82,0.15,2.73,0.09,3B60
Cyrine,Nasri,3.02,3.48,0.73,1.23,2A61
Hichem,Mabrouk,1.94,2.54,4.6,2.53,4GAMIX39
Mourad,Baccouche,2.77,0.74,3.6,0.44,2P30
Aymen,Gharbi,3.27,1.13,3.29,4.03,4TWIN23
Sonia,Kanzari,2.03,1.63,4.58,4.51,3A66
Ghassen,Sassi,4.63,2.54,1.42,3.66,5ARCTIC60
Oumaima,Mansour,0.22,2.98,4.45,0.54,4BI6
Lina,Mansour,3.32,3.97,2.69,0.35,1A7
Ahmed,Baccouche,2.24,1.79,1.54,4.63,1A33
Mohamed,Jlassi,4.91,1.9,1.52,4.84,2P99
Sonia,Turki,1.09,4.57,3.32,2.86,1A80
Ismail,Baccouche,2.43,4.0,0.8,2.46,3B96
Amina,Sassi,0.43,3.72,2.09,0.65,2P99
Hichem,Guettari,4.35,0.8,4.31,0.32,4NIDS26
Zied,Ben Amor,1.61,2.51,2.5,0.43,3A60
Nizar,Karoui,3.67,4.24,3.98,3.12,2P36
Sarra,Sassi,2.55,2.92,2.09,0.85,5SLEAM43
Fethi,Jlassi,4.77,2.75,1.89,2.25,5NIDS7
Ghada,Chaabane,0.21,1.11,4.15,0.92,2A71
Mehdi,Khlifi,4.29,4.08,4.22,4.06,1A18
Rym,Jlassi,3.97,0.67,1.27,1.19,5IOSYS58
Foued,Ben Amor,3.49,3.42,4.69,4.91,1A33
Rym,Baccouche,4.42,3.57,2.51,3.24,2A31
Leila,Slimani,2.62,1.16,0.07,0.83,5NIDS7
Karim,Chouchene,4.78,4.19,0.33,1.02,1A1
Fares,Makni,4.92,0.48,0.68,1.32,1A16
Hela,Maaloul,2.79,0.41,0.94,3.24,5GAMIX57
Haythem,Makni,4.64,1.27,4.94,1.97,5GAMIX42
Hiba,Trabelsi,2.59,2.72,2.85,2.56,5IOSYS7
Foued,Kanzari,3.28,2.29,0.02,1.59,2P36
Rami,Zouari,3.85,0.45,2.28,3.82,1A95
Nizar,Toumi,2.8,1.96,4.3,1.42,5ARCTIC86
Farah,Cherif,3.26,2.56,4.29,3.5,1A13
Rami,Khlifi,4.03,1.93,3.15,0.72,5IOSYS22
Eya,Cherif,2.37,2.4,1.19,0.94,3A19
Rania,Chebbi,0.26,2.42,0.26,3.17,2A61
Hedi,Chebbi,3.2,1.23,2.08,3.65,5TWIN2
Mohamed,Mansour,1.58,2.63,0.96,2.44,4TWIN23
Youssef,Makni,0.71,4.39,0.5,4.62,5SE32
Ghada,Abidi,3.45,0.15,0.36,3.54,4ARCTIC87
Rym,Hamdi,4.15,2.33,0.36,2.44,3A96
Nour,Slimani,2.38,4.39,1.3,3.43,1A13
Dorra,Jebali,1.72,2.24,3.66,3.77,2P51
Chaima,Slimani,1.72,2.1,4.87,2.25,2A77
Emna,Guettari,4.79,3.92,2.33,4.76,5GAMIX79
Ghada,Cherif,4.99,4.4,1.6,2.1,1A39
Aymen,Chouchene,3.41,4.76,1.66,4.68,3A97
Karim,Bouazizi,1.55,0.36,4.14,2.64,1A48
Cyrine,Ben Salah,0.48,2.11,4.93,2.33,2A61
Fares,Turki,3.38,0.49,3.7,3.38,1A77
Nour,Ghanouchi,3.7,2.67,1.3,2.76,2A63
Marwen,Fourati,2.78,4.07,1.5,1.23,3B93
Olfa,Jebali,2.71,2.12,3.94,2.95,3A97
Oumaima,Ghanouchi,2.71,2.35,2.54,1.54,1A48
Zaineb,Ammar,3.41,3.37,0.41,1.29,4ARCTIC27
Hamza,Hamdi,1.65,3.21,2.06,2.84,1A95
Walid,Sassi,1.41,0.8,4.15,3.84,3A75
Ahmed,Jlassi,1.74,2.98,2.03,2.32,3B49
Oussama,Chouchene,3.44,2.25,0.19,4.16,2A63
Nabil,Ghanouchi,1.97,3.34,2.25,2.15,1A62
Khadija,Zouari,1.31,4.29,3.42,1.98,4ARCTIC27
Nour,Abidi,1.43,0.96,4.55,1.09,2P30
Oussama,Mabrouk,4.68,1.33,3.07,2.88,2A27
Hatem,Ghanouchi,1.79,3.83,2.13,4.03,2P21
Omar,Zayani,4.1,1.82,0.65,0.55,5IOSYS7
Nabil,Jebali,2.69,3.17,2.85,3.13,5SAE33
Amel,Khlifi,2.16,0.84,4.04,2.16,5GAMIX79
Hend,Gharbi,4.98,4.31,1.44,1.04,5SIM57
Sofiene,Baccouche,4.27,1.12,3.33,2.68,5IOSYS58
Bilel,Abidi,4.35,3.8,0.75,1.77,2A77
Hatem,Ferjani,2.02,2.49,3.18,0.77,5SE99
Wided,Karoui,0.67,1.72,0.61,4.73,4SIM62
Siwar,Jebali,1.48,4.91,2.91,3.32,2A61
Omar,Chouchene,3.7,4.02,3.47,4.06,4TWIN23
Zied,Belkhir,2.06,0.02,3.81,1.5,2P36
Yasmine,Ayari,4.44,3.6,2.96,2.48,2A61
Ghassen,Ben Ali,2.92,2.11,1.52,0.46,5GAMIX79
Nour,Cherif,4.88,3.24,2.22,2.16,3A66
Aymen,Rekik,3.09,2.57,2.61,4.98,2A6
Wassim,Jaziri,2.53,3.12,4.42,4.49,2P51
Sabrine,Chebbi,1.88,4.85,1.01,0.19,4IOSYS40
Hela,Khlifi,4.44,4.61,1.57,2.34,5TWIN2
Amina,Trabelsi,2.2,3.61,2.27,2.23,1A95
Khalil,Bouazizi,4.71,0.8,3.29,3.05,5TWIN79
Hend,Mejri,4.13,2.51,4.46,3.5,3B42
Lotfi,Zayani,2.01,2.23,4.71,1.44,5SE32
Ghassen,Jlassi,0.03,3.94,2.96,3.79,1A62
Fethi,Hamdi,4.12,4.07,2.85,1.43,2A73
Youssef,Ferjani,2.71,4.28,2.43,4.29,3B81
Rami,Chaabane,4.08,1.34,2.87,4.45,3A97
Nadia,Saidi,3.27,0.21,0.76,1.45,1A33
Wassim,Zouari,2.87,1.65,0.37,3.33,2A27
Mohamed,Guettari,1.89,3.31,3.21,1.58,2P21
Zaineb,Baccouche,4.31,0.69,0.06,1.02,4GAMIX83
Amine,Ferjani,4.9,4.0,4.83,4.44,2A32
Hatem,Karoui,4.98,4.4,0.54,3.57,1A82
Nadia,Jaziri,1.68,0.79,4.06,4.28,5NIDS35
Ismail,Chaabane,3.88,0.75,3.75,0.07,5IOSYS22
Farah,Chaabane,4.76,3.21,0.44,1.53,5SAE33
Skander,Ghanouchi,0.69,2.71,4.85,0.64,2A63
Eya,Driss,1.3,4.15,1.85,4.22,4GAMIX39
Yasmine,Makni,3.19,1.51,4.18,4.01,5GAMIX79
Zaineb,Abidi,3.83,4.39,2.96,3.68,1A64
Ghada,Ben Amor,3.73,2.52,1.28,1.98,1A13
Mourad,Bouazizi,4.9,3.53,2.87,0.21,4ARCTIC87
Fatma,Ferjani,3.72,4.55,0.6,3.25,4TWIN23
Dorra,Mansour,1.69,3.69,3.48,1.39,1A48
Chokri,Mejri,3.73,4.22,1.46,0.92,4GAMIX83
Mourad,Zayani,0.36,3.71,4.72,3.2,5IOSYS5
Sofiene,Ben Salah,1.62,0.65,1.63,2.9,1A13
Meriem,Karoui,4.51,0.35,0.26,0.6,2A32
Amina,Driss,0.15,3.58,1.87,3.59,5GAMIX57
Mohamed,Jebali,2.72,4.53,1.64,3.61,2A49
Hela,Ghanouchi,4.7,2.21,4.38,4.87,3B42
Mouna,Ben Amor,2.09,4.1,3.74,0.92,3A19
Marwen,Nasri,0.28,4.37,0.04,0.11,5INFINI39
Emna,Khemiri,3.08,3.96,0.18,3.68,2A89
Oumaima,Khemiri,0.94,0.36,0.37,4.41,1A10
Eya,Abidi,4.64,3.17,1.96,3.11,5IOSYS7
Mouna,Ferjani,4.27,1.19,3.85,1.17,4BI6
Khadija,Fourati,1.84,2.02,0.55,4.04,1A23
Omar,Ayari,4.22,1.43,2.85,1.84,1A10
Skander,Ayari,2.68,1.75,2.62,0.07,3B67
Siwar,Ammar,3.14,4.05,1.89,1.13,1A64
Amel,Cherif,2.16,2.29,1.77,3.75,5IOSYS7
Rami,Jlassi,0.78,2.35,2.83,0.7,1A74
Chokri,Chebbi,4.19,4.18,3.43,2.01,2P82
Asma,Maaloul,3.8,3.82,4.97,3.16,3A66
Manel,Ayari,1.81,1.55,0.01,2.85,3A69
Iheb,Sassi,1.99,2.26,4.87,2.3,2A71
Eya,Chouchene,4.16,4.41,4.96,2.15,2A32
Salma,Cherif,2.38,1.96,0.62,1.95,1A80
Eya,Rekik,1.83,0.38,0.26,4.66,2P21
Tarek,Lahmar,4.07,3.72,0.02,0.91,1A10
Samira,Guettari,2.86,0.38,4.2,2.45,5GAMIX38
Salma,Ben Salah,2.24,0.27,1.41,1.69,4SIM62
Bilel,Ammar,4.26,1.42,2.21,1.66,2A77
Bechir,Ghanouchi,2.88,4.77,2.94,3.3,3B93
Meriem,Saidi,1.11,4.15,2.35,2.37,1A82
Lobna,Ayari,3.68,1.26,3.57,4.27,2P30
Iheb,Gharbi,3.79,0.84,1.96,4.54,2A98
Khadija,Abidi,3.98,1.75,0.69,4.83,5GAMIX42
Bechir,Nasri,0.24,1.09,1.94,2.02,2P87
Anis,Makni,3.91,0.64,4.37,4.18,2A31
Rym,Ferjani,3.75,3.55,2.65,0.75,2A4
Sofiene,Ben Amor,2.09,0.23,2.81,1.58,3A19
Mouna,Haddad,4.22,3.83,3.58,1.29,5SAE59
Karim,Fourati,4.78,2.84,4.46,1.52,5NIDS35
Hend,Maaloul,3.28,2.15,0.16,4.27,2A75
Fatma,Kanzari,3.77,0.25,1.12,2.56,3B81
Sarra,Mansour,2.06,1.63,0.97,2.06,1A39
Khalil,Hamdi,4.04,2.89,4.13,0.18,2A49
Manel,Toumi,3.81,0.59,0.07,2.89,4SIM62
Amel,Fourati,3.11,2.39,1.1,0.02,3B42
Nabil,Jaziri,2.48,1.67,0.5,4.66,3B4
Hend,Karoui,0.64,4.01,1.24,2.39,5NIDS7
Ismail,Ammar,3.66,0.91,2.36,1.05,1A48
Nour,Khlifi,3.44,1.08,3.3,0.12,3A73
Rim,Ferjani,2.33,3.86,0.97,3.58,1A39
Nizar,Ghanouchi,0.14,2.29,1.34,3.54,5IOSYS5
Wided,Makni,1.82,1.69,1.21,1.33,2P82
Karim,Lahmar,4.87,4.93,3.18,3.38,3A96
Meriem,Abidi,2.92,4.21,2.44,4.65,3B67
Anis,Chebbi,3.71,0.1,3.89,3.9,1A64
Oussama,Cherif,1.28,4.56,0.63,3.43,3B12
Yasmine,Zouari,4.3,4.62,0.48,2.39,2A58
Yasmine,Ammar,1.15,1.41,4.13,0.33,2P19
Lina,Trabelsi,4.79,0.5,2.25,2.13,2P21
Adel,Ayari,2.57,0.9,4.33,2.98,1A90
Salma,Karoui,0.69,4.39,3.42,2.66,4NIDS26
Chaima,Zouari,2.27,1.11,1.21,3.09,2A61
Ahmed,Saidi,2.53,3.91,0.45,1.11,2A61
Walid,Zayani,2.46,1.0,2.89,0.96,1A1
Nabil,Driss,3.39,1.7,3.56,4.79,2A61
Mouna,Ayari,4.09,2.71,3.63,0.49,2P36
Chaima,Driss,0.19,3.19,4.54,3.81,5SE32
Sami,Mabrouk,3.51,1.09,1.25,4.05,5TWIN79
Yasmine,Mejri,4.75,1.56,2.93,1.13,5IOSYS5
Amina,Mejri,2.29,4.19,2.59,3.67,5SLEAM43
Eya,Mansour,4.06,3.8,0.1,4.12,5SE100
Nabil,Belkhir,2.11,4.65,2.12,4.93,5SE32
Samira,Gharbi,4.41,0.12,3.07,0.52,1A10
Foued,Cherif,1.04,2.74,2.63,4.79,5SLEAM19
Marwen,Belkhir,0.79,2.65,1.68,3.03,5GAMIX38
Sabrine,Khemiri,4.56,3.61,2.59,4.15,3B42
Chokri,Chouchene,0.0,4.08,2.31,2.84,2P36
Sabrine,Abidi,0.28,3.66,2.62,2.45,1A95
Chokri,Driss,1.83,1.61,0.74,2.0,2P87
Wafa,Fourati,2.56,1.31,4.49,0.16,1A90
Meriem,Chaabane,4.0,2.49,0.52,3.03,3A10
Ines,Slimani,2.97,3.2,3.72,0.38,4ARCTIC87
Fethi,Nasri,3.37,2.19,0.95,3.95,2A75
Chokri,Slimani,3.95,2.54,4.93,2.06,2A49
Sabrine,Slimani,2.34,0.64,2.92,0.56,5IOSYS7
Ghada,Karoui,3.57,2.13,3.1,0.95,5SIM56
Ahmed,Chouchene,4.62,1.94,2.49,4.32,4SIM89
Dorra,Baccouche,1.92,4.87,2.35,1.39,1A33
Hela,Belkhir,2.45,3.83,3.84,3.19,2P21
Tarek,Nasri,4.91,4.74,0.72,0.07,1A7
Sarra,Ben Ali,2.51,1.7,4.78,2.89,2A71
Skander,Makni,4.67,3.38,0.85,1.08,4TWIN23
Nour,Jlassi,4.64,4.15,2.98,3.19,3A82
Sarra,Trabelsi,3.09,1.01,2.82,0.25,1A55
Wafa,Maaloul,4.09,2.02,3.9,0.9,1A16
Ghada,Turki,0.9,2.92,0.18,0.22,2A31
Zied,Fourati,2.51,0.65,3.23,0.53,3B23
Hichem,Rekik,4.54,0.55,1.66,4.56,2A75
Olfa,Ayari,4.32,0.71,3.74,2.49,4GAMIX39
Chokri,Jebali,4.78,4.26,3.46,2.92,3A97
Manel,Haddad,3.99,0.26,4.51,4.43,2P36
Rania,Chaabane,4.5,2.31,3.51,3.81,2A73
Cyrine,Zouari,1.58,1.34,1.41,3.48,3A19
Hend,Jlassi,2.17,3.38,1.18,4.76,4IOSYS40
Karim,Guettari,2.34,1.43,0.1,0.16,2A35
Sofiene,Abidi,0.17,1.42,1.36,2.07,1A64
Ismail,Toumi,0.07,1.54,2.03,3.87,2A27
Mariem,Ayari,1.3,0.85,0.48,2.87,2A58
Wided,Cherif,0.57,1.25,1.55,2.31,2P19
Cyrine,Driss,3.66,1.85,1.66,1.76,2A73
Samira,Lahmar,3.07,4.08,1.14,1.56,3A97
Lotfi,Kanzari,4.8,1.17,0.0,1.35,2A58
Rym,Guettari,3.64,3.18,4.39,1.12,1A92
Sofiene,Slimani,3.58,4.81,3.69,0.61,4SIM89
Samira,Maaloul,2.73,3.67,4.73,0.15,2A75
Samira,Jebali,3.49,3.56,4.34,2.61,1A23
Sonia,Miled,0.57,3.46,2.99,1.47,3B12
Samira,Ammar,4.11,1.81,4.59,4.02,4TWIN23
Samira,Nasri,4.54,0.95,4.47,3.05,1A7
Eya,Toumi,0.69,3.46,1.2,2.42,4NIDS26
Zaineb,Toumi,2.88,3.28,2.34,0.1,1A13
Hela,Trabelsi,4.24,3.1,1.95,0.03,3A69
Rami,Hamdi,0.48,1.75,3.3,0.32,2P30
Asma,Trabelsi,2.1,3.23,1.68,4.49,1A13
Sabrine,Miled,0.73,2.26,0.31,3.47,2P51
Khalil,Cherif,0.6,1.31,2.79,3.88,2A63
Ali,Slimani,4.19,3.97,2.48,4.17,1A95
Mehdi,Cherif,4.55,2.51,2.95,2.82,5SE100
Bechir,Mansour,0.88,4.06,4.24,2.56,1A62
Aymen,Khemiri,3.23,2.73,0.8,0.28,4SIM89
Hiba,Ben Ali,1.17,1.23,0.09,2.36,1A62
Mohamed,Karoui,0.93,4.74,4.14,0.48,2A35
Fatma,Chouchene,3.94,2.71,1.07,2.2,1A13
Skander,Nasri,4.08,4.57,4.6,0.52,4NIDS26
Youssef,Chaabane,4.14,2.5,1.83,4.45,2A25
Lina,Maaloul,4.04,4.51,1.88,1.39,5SLEAM19
Emna,Abidi,1.01,0.94,1.94,3.09,5GAMIX42
Ahmed,Zayani,1.21,0.9,0.77,3.09,2A75
Bilel,Chaabane,4.1,0.31,1.18,3.1,1A39
Anis,Baccouche,0.22,0.96,3.18,1.04,1A90
Emna,Mejri,1.01,2.31,0.53,1.13,2P36
Mehdi,Khemiri,0.06,1.54,1.97,1.47,1A1
Sofiene,Toumi,2.55,3.01,2.2,4.18,3B49
Karim,Ayari,4.23,3.56,2.54,3.52,1A95
Samira,Chebbi,1.97,3.82,2.67,2.57,1A92
Yasmine,Hamdi,4.17,4.37,0.42,0.41,5TWIN2
Manel,Saidi,3.41,0.36,4.85,4.91,3A75
Asma,Ghanouchi,0.3,2.6,1.5,4.8,4SIM62
Ali,Belkhir,3.15,1.93,2.49,1.17,2P30
Hatem,Chebbi,2.09,1.39,4.1,0.68,1A80
Rania,Zouari,1.03,2.32,2.84,2.95,3B42
Mohamed,Zouari,0.05,1.98,3.21,2.98,5SAE59
Bechir,Baccouche,0.07,1.78,4.85,4.1,3B93
Hela,Saidi,2.83,3.74,4.45,1.83,5INFINI39
Sarra,Cherif,2.62,3.89,2.13,4.8,1A77
Bilel,Fourati,0.57,0.23,2.95,3.25,2A35
Amine,Guettari,4.5,3.82,1.57,2.2,3B67
Ghassen,Miled,3.68,1.61,1.34,0.69,3A55
Mariem,Fourati,0.23,1.27,1.63,2.98,5GAMIX42
Youssef,Karoui,2.36,4.29,3.21,4.43,3A66
Lina,Ammar,4.45,1.98,4.65,3.21,5GAMIX57
Mohamed,Chouchene,1.6,1.03,0.04,2.4,5SIM56
Bilel,Miled,3.9,1.37,0.17,2.47,3B85
Adel,Abidi,3.98,2.15,3.31,1.56,3B67
Marwen,Jlassi,3.24,0.2,2.02,0.58,5TWIN2
Hamza,Toumi,4.76,4.61,3.41,0.88,5INFINI39
Adel,Trabelsi,1.63,4.92,3.71,1.98,2P87
Siwar,Bouazizi,2.84,2.71,2.03,2.74,5NIDS35
Rami,Ferjani,1.23,1.35,4.92,3.18,3A88
Mariem,Trabelsi,1.51,1.28,4.04,4.71,5TWIN2
Aymen,Haddad,3.37,3.34,3.15,1.27,1A18
Khalil,Jaziri,1.54,3.98,3.91,4.59,3B60
Lotfi,Turki,1.02,0.83,2.33,0.43,5IOSYS58
Hichem,Baccouche,3.33,4.35,4.45,0.2,5SIM57
Hedi,Khemiri,2.65,0.97,1.92,0.71,1A95
Bilel,Khemiri,1.43,3.94,4.26,0.03,2A4
Zaineb,Karoui,0.97,3.19,2.58,2.87,5IOSYS7
Mouna,Kanzari,2.18,4.91,3.38,1.0,5ARCTIC86
Nadia,Sassi,4.24,0.8,0.0,0.27,4GAMIX39
Zied,Kanzari,3.14,3.74,4.68,2.89,3A75
Amina,Cherif,4.3,0.93,1.41,4.11,1A13
Samira,Rekik,4.53,3.8,0.03,4.19,1A90
Karim,Haddad,3.17,4.74,3.51,0.91,1A90
Siwar,Zayani,1.02,0.96,0.22,1.9,1A33
Chaima,Baccouche,2.39,1.28,2.33,0.97,4GAMIX83
Fethi,Slimani,2.65,2.78,4.46,0.35,5TWIN79
Mariem,Miled,0.75,1.44,4.47,0.23,1A77
Salma,Chaabane,3.32,3.28,1.82,0.17,3A97
Mariem,Ammar,1.26,1.21,2.17,4.91,5NIDS35
Marwen,Baccouche,0.56,4.53,2.0,2.92,4BI6
Amina,Saidi,0.16,2.73,2.49,4.92,1A13
Meriem,Miled,0.8,2.83,2.36,4.01,5BI77
Hend,Ben Salah,2.15,0.76,2.02,4.37,1A10
Bilel,Ben Ali,0.64,4.29,3.1,2.97,2A99
Sami,Ghanouchi,2.49,3.25,1.62,4.29,5SAE59
Siwar,Hamdi,0.18,3.71,0.0,1.26,3B67
Wided,Zayani,0.76,3.13,4.76,0.45,5IOSYS5
Oumaima,Cherif,3.46,0.73,2.87,3.38,5SE100
Rym,Chebbi,1.38,1.8,3.03,2.88,2A89
Foued,Chaabane,2.23,2.77,4.95,4.5,4NIDS26
Yasmine,Chouchene,2.59,1.11,3.79,0.08,1A74
Manel,Trabelsi,3.9,0.53,1.84,1.02,3B42
Samira,Jaziri,2.3,4.76,4.32,2.38,4GAMIX39
Cyrine,Ben Amor,0.78,4.58,3.93,1.34,1A64
Salma,Nasri,2.16,4.98,2.12,2.86,5INFINI39
Mourad,Khemiri,1.05,1.92,1.21,0.73,3A10
Skander,Turki,0.89,0.66,2.81,1.42,5GAMIX38
Emna,Sassi,5.0,0.27,0.58,1.05,3B4
Oussama,Trabelsi,2.16,3.77,0.34,2.27,4GAMIX39
Leila,Lahmar,4.6,0.6,2.65,0.15,3B67
Hend,Bouazizi,3.56,1.46,3.41,3.58,1A39
Tarek,Turki,1.66,3.57,3.09,1.52,2A35
Mouna,Slimani,4.96,0.67,1.69,3.05,5SE99
Farah,Mabrouk,4.55,3.49,1.63,4.44,3A75
Mouna,Makni,2.03,4.12,1.95,0.81,2A89
Fethi,Chaabane,2.7,0.95,3.74,1.55,1A90
Karim,Jaziri,4.45,2.9,3.89,2.63,3A70
Ines,Hamdi,2.17,2.41,4.88,1.86,3A60
Hiba,Belkhir,1.74,2.09,0.94,2.6,3B49
Hiba,Gharbi,1.81,0.65,0.87,4.84,3A73
Chokri,Ayari,1.28,4.26,1.91,3.01,5ARCTIC86
Rim,Ben Amor,2.31,3.42,4.77,0.2,1A90
Siwar,Abidi,4.67,4.91,3.12,3.91,3B81
Hiba,Saidi,1.77,1.76,0.75,1.18,3B67
Aymen,Driss,0.66,4.1,3.24,1.34,1A33
Karim,Ghanouchi,3.08,4.83,4.5,0.73,3A19
Meriem,Ben Ali,4.22,0.76,4.1,3.11,5SIM57
Leila,Haddad,4.53,0.77,4.03,3.45,1A80
Olfa,Bouazizi,4.67,0.32,1.26,2.2,2P30
Fares,Ammar,3.79,2.55,2.2,0.85,5SIM56
Adel,Maaloul,4.99,3.24,2.17,0.58,3A10
Yasmine,Maaloul,4.34,3.96,0.57,1.79,1A64
Fares,Bouazizi,0.5,2.44,1.2,4.42,5SE100
Lobna,Nasri,4.05,3.25,1.35,3.61,5SE100
Rania,Slimani,2.73,0.67,3.21,1.31,5INFINI39
Skander,Ferjani,1.05,2.96,1.72,0.98,1A62
Chokri,Belkhir,2.74,1.66,0.31,4.32,1A16
Ali,Makni,1.93,2.45,2.34,2.49,2P21
Nabil,Khemiri,0.66,3.41,2.8,1.01,2A75
Foued,Guettari,3.2,2.84,1.24,0.64,2A32
Rym,Haddad,2.45,2.78,4.69,1.74,3A82
Dorra,Karoui,1.13,3.52,4.23,1.4,2A6
Siwar,Turki,2.73,4.86,3.39,3.76,3B11
Rym,Belkhir,3.82,1.8,3.23,0.79,5SAE2
Ahmed,Miled,2.57,0.65,3.41,1.16,1A95
Sarra,Kanzari,2.13,1.09,0.71,3.37,4NIDS26
Hela,Bouazizi,3.25,0.95,4.31,4.51,5TWIN79
Omar,Kanzari,4.24,2.02,2.14,4.57,2A75
Mourad,Haddad,3.29,0.18,3.86,1.76,4BI6
Iheb,Chaabane,1.57,1.24,1.22,3.25,3A70
Fares,Maaloul,1.65,3.26,2.26,2.91,5TWIN2
Manel,Maaloul,3.61,1.29,0.69,1.54,2P36
Ismail,Mansour,3.98,3.29,2.93,1.59,2A58
Haythem,Sassi,1.77,2.99,0.25,3.48,3A97
Walid,Karoui,4.44,0.76,4.57,1.32,5IOSYS7
Farah,Nasri,4.65,4.87,0.57,3.77,5INFINI39
Wided,Trabelsi,3.03,3.66,1.0,3.47,3A97
Karim,Zayani,4.24,0.9,4.28,3.11,5GAMIX38
Iheb,Ammar,1.11,0.55,0.27,2.37,5GAMIX57
Emna,Saidi,1.78,3.21,2.17,0.3,3B84
Tarek,Slimani,1.42,1.94,0.27,2.54,2A35
Dorra,Kanzari,1.38,2.75,0.6,2.17,2A73
Amel,Ben Ali,4.15,2.63,3.71,2.58,1A62
Hela,Mansour,2.14,4.47,1.18,0.32,2A49
Chaima,Jaziri,3.45,1.38,1.71,4.02,1A92
Rania,Ayari,2.89,1.48,0.4,2.66,1A39
Sonia,Fourati,1.03,1.62,1.85,1.4,1A55
Ghassen,Ayari,0.59,0.88,0.85,0.91,3B42
Ali,Driss,2.26,2.61,0.33,2.75,3A97
Anis,Mansour,3.06,3.66,3.48,4.48,2A99
Ahmed,Ben Amor,1.74,1.98,3.35,1.23,3A88
Hichem,Jlassi,3.44,0.77,0.86,0.77,3B85
Yasmine,Saidi,2.84,2.74,0.86,0.39,5GAMIX38
Hend,Ben Amor,3.14,3.88,1.38,2.02,2P87
Farah,Baccouche,4.63,1.13,0.36,0.23,2A27
Farah,Ben Ali,0.78,1.66,3.4,0.98,5IOSYS5
Lobna,Ferjani,1.98,0.23,4.05,4.67,3A66
Rania,Haddad,1.66,2.91,3.81,0.59,3A88
Adel,Haddad,0.39,0.7,1.04,3.88,2P87
Fares,Saidi,1.54,3.86,3.56,1.77,5GAMIX79
Tarek,Khemiri,1.83,3.18,4.85,1.61,1A43
Iheb,Slimani,4.45,3.87,1.96,2.66,3B67
Mouna,Jebali,2.47,4.93,2.56,2.32,3A19
Lotfi,Ben Ali,1.88,3.35,4.43,2.37,1A95
Skander,Rekik,0.09,0.07,4.23,2.34,2P30
Ismail,Haddad,4.7,0.73,4.78,1.21,4GAMIX83
Zaineb,Mabrouk,4.41,0.85,2.21,0.09,5ARCTIC86
Mehdi,Driss,3.79,4.18,1.62,1.33,3B42
Nadia,Bouazizi,4.69,0.4,4.06,3.73,1A74
Sofiene,Chaabane,0.43,4.62,3.43,1.74,5TWIN79
Rym,Trabelsi,0.17,2.74,2.94,0.56,5GAMIX38
Ines,Nasri,2.58,2.36,3.09,0.96,4GAMIX39
Siwar,Ben Amor,3.75,4.44,4.16,0.49,4ARCTIC87
Ghassen,Nasri,1.65,3.33,2.42,1.98,3B23
Dorra,Chaabane,2.41,2.66,1.07,4.01,1A90
Bechir,Karoui,4.94,2.09,0.23,3.18,3B11
Bilel,Chouchene,0.97,2.93,4.28,4.14,2A4
Rym,Maaloul,1.72,4.5,1.61,2.38,5GAMIX57
Khalil,Mansour,0.42,2.86,0.68,3.82,1A1
Bilel,Kanzari,2.93,1.44,3.39,4.78,2A63
Fethi,Ben Ali,3.14,2.01,2.96,4.48,4ARCTIC27
Wided,Guettari,2.62,1.93,1.56,4.48,2A61
Ghada,Haddad,4.41,2.95,3.53,3.42,3B67
Foued,Zayani,1.41,1.79,1.55,1.56,1A85
Mourad,Maaloul,3.66,2.82,4.27,0.17,5TWIN79
Khalil,Fourati,3.84,2.33,3.95,3.37,3A97
Marwen,Bouazizi,1.11,3.38,0.83,2.46,1A39
Zaineb,Rekik,1.49,1.38,4.97,4.09,2A49
Asma,Mansour,1.03,0.52,1.02,2.17,3A19
Wassim,Slimani,3.07,1.81,3.97,3.6,4IOSYS40
Iheb,Belkhir,4.49,0.66,1.77,0.41,2P82
Sabrine,Karoui,0.11,0.71,4.4,4.97,4SAE18
Rym,Khemiri,4.35,0.71,0.79,0.18,4IOSYS40
Sonia,Abidi,2.63,1.75,1.23,3.76,3B67
Mourad,Chaabane,1.72,1.0,3.36,4.82,5SAE59
Mohamed,Belkhir,4.95,1.68,1.11,0.7,4SAE18
Tarek,Ferjani,4.14,4.27,0.39,1.49,1A10
Khalil,Miled,3.53,2.73,2.1,2.46,1A43
Lina,Ben Salah,0.79,4.99,2.77,0.17,1A48
Hichem,Zayani,3.69,3.05,4.23,4.67,2P82
Salma,Mansour,4.84,3.31,4.8,3.62,3A97
Anis,Jebali,4.37,1.48,0.33,3.57,5IOSYS58
Chokri,Khlifi,4.17,2.7,4.41,0.35,3B84
Sarra,Zouari,1.54,2.84,1.77,1.56,4SAE18
Eya,Ben Amor,0.12,4.1,0.07,4.53,5NIDS7
Rim,Guettari,4.31,3.56,3.58,2.8,1A77
Mohamed,Driss,0.96,2.55,0.86,1.81,2P19
Wafa,Nasri,1.14,1.81,0.68,1.12,3A66
Manel,Jebali,0.27,1.65,3.97,3.47,1A90
Nadia,Cherif,3.55,3.11,3.88,1.23,3B84
Manel,Chaabane,2.87,2.55,4.43,0.01,1A80
Bechir,Chebbi,2.64,1.61,1.21,2.39,1A62
Meriem,Sassi,1.47,4.85,2.18,0.88,3A75
Hend,Mansour,4.12,0.68,0.23,1.23,1A39
Oumaima,Nasri,2.07,3.87,0.76,1.82,1A7
Mariem,Haddad,0.66,2.8,0.0,2.37,3A97
Amina,Khlifi,4.02,4.87,1.0,0.79,3B60
Omar,Makni,4.42,2.37,3.2,4.15,5IOSYS22
Nabil,Mansour,2.48,3.41,0.74,4.52,1A1
Fatma,Chebbi,0.75,2.05,4.82,0.45,3B96
Nadia,Ferjani,3.07,3.9,3.47,2.57,5SAE33
Asma,Zayani,0.69,4.13,3.31,1.09,3A73
Hichem,Maaloul,2.45,2.55,3.88,1.01,1A64
Sarra,Khlifi,1.58,3.28,0.83,0.19,2A49
Olfa,Khemiri,3.77,2.16,1.7,1.87,2A27
Hichem,Jebali,0.19,0.21,2.58,4.07,1A55
Mariem,Nasri,2.62,3.81,0.86,1.22,2A25
Hamza,Khlifi,0.37,3.6,3.22,1.25,3B11
Nadia,Chebbi,0.76,1.14,3.52,2.32,3B96
Amel,Guettari,4.59,2.11,0.37,2.78,2A35
Iheb,Turki,0.76,2.8,0.36,1.28,2A25
Rania,Hamdi,2.58,4.22,3.76,4.01,1A18
Sarra,Toumi,2.88,3.18,2.58,0.19,5NIDS7
Oumaima,Belkhir,3.53,2.87,2.27,3.2,3B93
Hatem,Rekik,1.4,1.41,4.74,0.64,2A61
Leila,Rekik,0.16,4.03,0.35,3.38,5INFINI39
Ghassen,Chouchene,2.11,4.15,4.41,1.89,3A69
Cyrine,Trabelsi,2.73,3.98,2.26,2.61,3A75
Fares,Gharbi,2.9,2.6,0.14,0.53,5IOSYS7
Sonia,Jebali,4.27,4.56,0.45,3.73,1A10
Omar,Ghanouchi,3.4,1.94,1.91,3.75,5GAMIX38
Mohamed,Ben Ali,4.12,2.52,4.16,3.16,1A77
Lina,Fourati,3.09,4.71,1.48,1.34,3A19
Sofiene,Haddad,2.8,3.06,0.49,3.47,2P30
Ines,Makni,4.5,0.88,2.16,0.6,4SIM89
Mourad,Lahmar,3.63,3.92,0.1,3.29,2A27
Sami,Miled,3.71,2.77,2.72,1.87,1A82
Amine,Nasri,3.7,3.98,2.38,3.69,3A60
Adel,Zayani,3.82,0.46,0.92,1.72,3A82
Rania,Trabelsi,4.15,4.94,0.03,4.59,1A7
Haythem,Chaabane,0.03,2.47,1.83,2.94,5SE99
Dorra,Slimani,2.75,1.86,2.75,4.91,3B81
Eya,Chaabane,2.5,1.08,2.39,4.93,2P19
Marwen,Slimani,0.54,3.12,4.83,2.77,2A25
Tarek,Ben Salah,1.97,0.32,4.67,4.6,2A25
Lotfi,Rekik,2.57,4.94,0.18,1.47,3B81
Foued,Ferjani,1.33,1.78,4.33,2.31,5SE100
Lina,Zouari,2.74,2.6,1.22,3.94,5IOSYS7
Sonia,Saidi,4.46,3.43,2.76,1.82,3B49
Hiba,Mabrouk,2.11,3.11,2.29,3.64,1A18
Hichem,Chebbi,4.61,1.84,2.85,2.85,3A60
Rania,Driss,0.79,0.7,3.48,2.54,1A10
Rim,Chouchene,2.21,2.95,1.06,0.07,3B96
Rym,Gharbi,2.5,3.84,4.83,4.85,5SAE59
Hiba,Driss,2.34,4.26,3.49,4.81,2P21
Nadia,Ammar,4.36,1.5,4.85,1.56,2A98
Hichem,Makni,2.88,3.44,1.03,1.26,5SLEAM43
Hamza,Gharbi,4.6,2.78,0.25,3.15,3A97
Ines,Chebbi,0.9,2.79,1.41,4.44,2P36
Rym,Kanzari,1.6,0.91,2.62,0.42,2P21
Skander,Chebbi,2.13,0.08,3.72,1.89,5TWIN27
Adel,Ammar,1.5,4.34,0.4,0.34,2A31
Khadija,Bouazizi,0.35,1.49,0.28,4.5,2A75
Mourad,Miled,3.48,4.82,2.0,4.12,4SAE18
Amine,Khlifi,4.21,3.28,2.36,2.24,2A35
Ines,Haddad,0.04,1.82,4.49,3.19,2A75
Amel,Baccouche,3.55,1.33,4.4,0.87,3A73
Mourad,Nasri,3.23,0.43,0.1,3.15,3B42
Wafa,Ammar,1.84,1.53,0.41,4.13,1A90
Emna,Gharbi,1.99,3.8,2.49,0.16,2P99
Hichem,Bouazizi,1.49,2.43,2.58,2.1,1A10
Rim,Fourati,3.48,0.57,3.75,0.17,4SAE18
Rania,Baccouche,4.5,2.25,3.69,1.46,3B84
Fethi,Ferjani,1.37,3.81,3.46,2.64,3B84
Ali,Saidi,0.55,2.49,2.11,2.2,1A90
Aymen,Ghanouchi,2.38,0.33,4.17,0.52,3A82
Sonia,Ghanouchi,3.33,4.02,4.75,0.26,5INFINI39
Rim,Hamdi,1.29,3.87,2.98,1.77,4SAE18
Tarek,Chebbi,1.71,0.23,4.54,4.34,2A6
Manel,Mansour,1.37,2.54,2.23,1.19,2A31
Asma,Toumi,4.83,2.87,0.53,2.01,1A39
Nabil,Khlifi,1.93,2.0,4.53,3.75,3B60
Nabil,Fourati,2.03,4.7,1.6,4.65,3B67
Ines,Kanzari,4.57,0.31,0.6,2.47,1A18
Nadia,Jebali,2.74,4.52,1.01,1.87,4BI6
Tarek,Zouari,1.94,1.88,0.23,4.15,5GAMIX57
Oussama,Bouazizi,4.82,0.42,3.36,0.03,5ARCTIC60
Khadija,Belkhir,3.07,2.03,1.28,1.85,4ARCTIC27
Emna,Kanzari,1.4,0.6,0.22,3.93,2A58
Skander,Ben Salah,3.32,2.01,4.8,4.61,3A19
Fethi,Trabelsi,1.94,4.6,1.56,0.52,3A75
Rym,Makni,0.16,2.22,4.29,2.26,1A80
Sami,Ferjani,3.48,3.19,4.85,1.44,3B42
Farah,Gharbi,3.91,2.91,1.94,2.97,3A55
Tarek,Rekik,3.96,3.39,2.76,0.01,1A39
Rim,Saidi,1.59,0.01,2.11,1.39,2A75
Ali,Zouari,1.54,0.22,0.74,4.3,5SAE33
Wided,Khemiri,2.26,2.78,2.78,0.68,1A74
Haythem,Mansour,0.15,1.1,4.26,0.78,5SLEAM43
Karim,Jlassi,4.5,4.78,3.91,1.82,5BI77
Lina,Baccouche,3.18,4.78,2.9,1.22,1A16
Khalil,Ayari,3.97,4.57,1.98,1.42,5SE99
Rim,Khemiri,1.68,3.88,3.79,4.53,2A32
Bechir,Jlassi,2.67,0.33,2.1,0.77,5GAMIX79
Nadia,Makni,1.12,0.48,1.1,2.96,4SAE18
Ghassen,Haddad,3.45,1.51,4.66,0.85,1A13
Ines,Khlifi,3.52,3.49,1.04,0.54,1A16
Salma,Abidi,3.1,3.17,4.68,0.65,1A90
Eya,Karoui,0.16,0.74,2.41,3.66,5SAE33
Hiba,Chebbi,2.57,2.22,3.2,1.69,5GAMIX38
Rami,Ammar,4.7,0.75,0.43,1.81,2A58
Adel,Guettari,1.81,3.31,2.21,1.48,3B85
Bilel,Mejri,1.8,3.6,3.2,2.24,3B96
Tarek,Chouchene,3.66,2.61,3.22,4.99,5SLEAM43
Adel,Baccouche,3.37,2.85,2.82,1.13,5SLEAM43
Cyrine,Jaziri,4.18,0.02,0.13,1.57,3A55
Lobna,Hamdi,0.87,0.34,0.34,4.26,2A98
Amine,Makni,0.17,2.84,0.45,4.39,5ARCTIC86
Eya,Zouari,3.21,3.78,1.16,0.48,3B49
Chaima,Chouchene,2.0,2.23,3.17,1.36,4TWIN23
Youssef,Chouchene,1.61,4.04,3.85,0.7,2A6
Nadia,Fourati,3.7,3.55,1.58,1.33,5SIM56
Lobna,Chouchene,1.27,3.06,2.1,1.37,4IOSYS40
Nabil,Jlassi,4.96,1.73,3.7,0.23,3B96
Sonia,Gharbi,4.35,2.5,1.09,1.81,5TWIN2
Hend,Haddad,0.69,0.98,4.65,1.91,5GAMIX42
Eya,Zayani,3.4,1.79,2.85,3.51,1A39
Wided,Ben Ali,2.88,3.74,3.99,1.83,4ARCTIC87
Nour,Belkhir,0.73,0.29,3.81,0.72,4GAMIX39
Amine,Mansour,0.0,2.89,3.39,1.45,2A75
Iheb,Chouchene,0.78,1.27,4.29,3.49,2A4
Ahmed,Mansour,4.19,4.74,4.72,0.47,3A73
Cyrine,Ayari,4.85,1.75,0.56,0.36,2A61
Mouna,Guettari,2.31,1.57,3.6,2.98,4SAE18
Fethi,Fourati,4.27,2.04,3.45,4.55,2P30
Hend,Guettari,4.68,2.34,4.27,0.89,1A80
Sofiene,Hamdi,2.91,3.75,0.4,1.35,1A64
Amine,Chaabane,1.6,2.62,3.91,3.76,1A85
Hiba,Ammar,0.42,3.81,4.13,1.87,1A82
Fares,Trabelsi,2.72,4.05,4.93,0.95,5SE32
Khalil,Jlassi,4.93,2.05,1.58,1.44,3B4
Hamza,Slimani,2.01,2.27,0.47,2.88,2A99
Bilel,Gharbi,2.45,4.85,1.81,4.11,5IOSYS58
Fares,Karoui,3.21,3.57,3.02,2.4,4NIDS26
Dorra,Sassi,4.44,0.71,2.21,1.58,5BI77
Bechir,Khemiri,1.73,4.77,0.06,0.11,5IOSYS58
Bilel,Trabelsi,0.69,0.32,4.86,4.06,1A1
Dorra,Abidi,3.55,1.32,1.16,1.42,3B67
Hela,Sassi,2.72,2.45,1.12,3.07,3A97
Leila,Belkhir,4.58,3.27,3.02,1.31,2A75
Marwen,Zouari,4.59,1.29,1.35,3.46,1A43
Ghada,Ben Salah,1.32,1.04,1.85,0.07,1A80
Anis,Chouchene,1.26,1.08,1.51,0.46,2A63
Leila,Mejri,1.37,4.56,2.01,4.06,5TWIN79
Emna,Ayari,3.63,4.4,3.95,2.14,5SIM56
Walid,Jebali,0.52,1.63,1.67,1.15,1A16
Khalil,Belkhir,0.2,4.02,4.78,2.04,2P87
Wassim,Jebali,4.88,4.96,2.06,2.9,3B67
Hiba,Mansour,1.14,0.92,2.99,3.39,5SIM57
Bilel,Maaloul,3.11,2.48,3.75,4.5,2A27
Oussama,Hamdi,0.72,3.24,0.32,3.1,3A97
Rim,Karoui,2.38,4.17,1.8,0.87,2A89
Hend,Chebbi,1.72,1.48,1.21,4.32,5IOSYS5
Yasmine,Turki,0.21,2.02,4.26,2.51,3B12
Manel,Zayani,3.98,0.89,2.87,3.17,5TWIN27
Youssef,Haddad,2.87,2.41,0.92,4.38,3A66
Fatma,Turki,3.03,0.3,3.01,2.81,2P30
Dorra,Hamdi,1.21,4.31,2.45,2.79,2A75
Manel,Ben Amor,4.34,3.95,2.21,0.77,5GAMIX79
Mohamed,Ghanouchi,2.35,4.71,3.55,4.66,1A64
Hedi,Jlassi,3.53,1.42,2.41,4.07,1A39
Karim,Ben Ali,0.84,0.64,3.68,0.15,3B4
Lina,Haddad,1.61,2.63,4.73,0.73,1A39
Samira,Jlassi,1.06,4.9,2.5,0.98,5SE100
Ahmed,Khlifi,4.94,1.96,1.22,3.49,3B96
Sabrine,Chouchene,4.66,3.42,2.84,2.42,5TWIN27
Omar,Abidi,2.83,0.99,3.79,4.14,5SE100
Farah,Abidi,4.48,0.0,3.93,2.47,2P36
Meriem,Zouari,1.56,4.85,1.53,0.02,2A77
Oumaima,Kanzari,2.92,2.07,2.66,0.24,2A6
Amel,Turki,1.73,2.31,3.54,3.32,4GAMIX39
Mourad,Slimani,1.8,4.76,3.04,3.28,2P82
Youssef,Mejri,0.9,1.78,4.48,1.78,5GAMIX57
Hichem,Hamdi,4.67,3.28,4.42,3.08,5GAMIX42
Wassim,Guettari,4.6,1.94,1.71,3.57,2A4
Lotfi,Ben Amor,2.79,4.31,1.65,4.09,5SAE33
Hend,Trabelsi,1.11,3.26,4.8,0.79,3A88
Olfa,Miled,4.87,0.07,4.77,1.53,2P30
Mouna,Ben Salah,0.8,4.99,1.14,2.06,2A77
Oussama,Chaabane,3.59,1.36,4.21,3.67,3B12
Hichem,Saidi,4.29,1.11,4.76,0.17,4GAMIX39
Hatem,Ammar,1.57,3.9,2.73,2.22,2A71
Rania,Mabrouk,2.63,0.48,4.78,2.8,5SIM57
Tarek,Hamdi,3.26,0.3,2.75,0.86,5GAMIX38
Fatma,Rekik,0.72,1.79,2.49,2.36,2A4
Ghada,Guettari,4.95,0.62,4.32,2.44,5SE99
Eya,Makni,1.07,3.97,4.02,1.16,4BI6
Ismail,Abidi,0.24,1.61,4.79,2.85,4SIM89
Sami,Karoui,2.91,4.7,3.87,1.43,5INFINI39
Sofiene,Bouazizi,3.52,2.34,3.42,4.9,3B23
Omar,Jlassi,1.2,2.71,3.35,0.73,3B81
Emna,Maaloul,1.81,2.1,0.24,2.63,1A92
Hedi,Miled,0.5,3.7,3.02,1.72,2P99
Ismail,Zayani,4.49,4.17,1.87,4.22,5GAMIX57
Ali,Khemiri,0.69,2.26,2.63,3.27,3A88
Rami,Mejri,3.92,0.93,0.01,1.81,5BI77
Aymen,Abidi,4.59,2.61,3.3,0.97,3B23
Ines,Karoui,4.3,4.91,4.7,4.78,3B4
Lina,Karoui,4.65,0.28,0.62,2.3,3B67
Ismail,Fourati,2.26,2.87,1.98,0.82,4TWIN23
Walid,Haddad,1.02,1.87,0.72,1.44,5GAMIX79
Zaineb,Miled,1.81,4.63,3.24,1.78,2A75
Chokri,Kanzari,0.97,4.73,3.62,1.66,1A77
Youssef,Saidi,4.45,1.83,2.2,2.11,3B96
Nabil,Cherif,3.74,0.64,3.03,4.96,2P21
Oumaima,Mabrouk,3.33,1.38,2.54,0.75,1A13
Haythem,Hamdi,4.06,3.11,1.3,1.12,5GAMIX42
Rania,Nasri,0.75,4.84,4.4,0.04,1A39
Ali,Kanzari,3.24,0.85,0.62,2.68,1A13
Ghada,Chouchene,3.9,2.08,3.47,0.9,1A64
Sofiene,Trabelsi,0.42,1.78,2.66,1.28,3A97
Youssef,Ben Salah,1.67,2.89,4.55,0.63,2P36
Mourad,Belkhir,1.03,4.27,0.49,4.68,5GAMIX57
Mehdi,Abidi,2.72,0.67,0.95,2.32,5SAE59
Rym,Mabrouk,1.77,2.42,1.74,1.01,3B49
Iheb,Mabrouk,0.49,4.37,3.53,2.99,1A90
Khalil,Toumi,2.16,1.85,1.6,3.39,3B11
Sarra,Driss,3.2,3.09,3.21,4.91,4NIDS26
Hedi,Hamdi,2.06,1.12,1.22,1.15,2A63
Wafa,Chouchene,2.84,2.25,2.2,4.15,5SE99
Mourad,Ammar,2.19,1.95,3.95,2.12,5TWIN2
Sarra,Ben Salah,1.14,4.24,3.96,0.57,2A32
Lotfi,Trabelsi,3.68,0.65,0.28,1.26,1A13
Mohamed,Ayari,4.47,2.44,2.09,2.65,1A43
Fethi,Ben Salah,2.28,0.93,2.42,1.81,2P51
Siwar,Miled,0.76,0.07,3.95,4.31,5TWIN79
Manel,Ghanouchi,2.61,1.77,2.48,1.77,5BI77
Asma,Slimani,2.61,0.24,3.69,3.28,5NIDS35
Sami,Chebbi,2.29,3.49,4.67,3.05,2P87
Anis,Zayani,2.23,4.2,2.72,2.36,4GAMIX83
Hamza,Ammar,2.24,0.75,3.77,4.52,3B49
Ali,Baccouche,2.0,1.47,2.3,0.65,1A7
Khadija,Cherif,3.86,3.27,0.11,2.72,5IOSYS5
Chaima,Ayari,0.1,1.58,0.8,2.97,4BI6
Mehdi,Kanzari,2.0,1.73,0.41,2.06,1A13
Ismail,Mabrouk,4.73,4.4,3.17,4.32,4TWIN23
Yasmine,Abidi,1.3,0.36,4.38,3.09,3B11
Nizar,Maaloul,3.15,0.38,1.92,0.28,3B23
Chaima,Belkhir,4.74,1.76,3.12,3.27,4BI6
Amine,Jebali,1.24,0.24,1.4,1.53,1A82
Dorra,Fourati,2.04,4.22,4.9,0.07,1A64
Nabil,Makni,0.4,1.92,3.89,0.55,2P30
Fethi,Jebali,4.84,0.96,1.41,0.33,2A75
Manel,Driss,0.02,0.95,1.99,3.3,3B49
Lina,Sassi,2.41,0.38,1.05,4.61,4BI6
Emna,Chebbi,2.23,4.06,1.17,3.98,1A1
Hela,Ayari,1.59,3.95,4.58,0.66,2A58
Wassim,Driss,1.52,0.41,2.66,1.99,5SLEAM19
Sami,Chouchene,2.67,2.55,1.16,4.82,3B49
Lotfi,Driss,1.58,2.91,1.98,3.58,5SLEAM43
Leila,Guettari,1.35,3.32,3.53,2.51,2A4
Salma,Ferjani,0.78,0.12,2.13,2.42,2A35
Sarra,Guettari,0.93,2.32,4.2,4.85,3A73
Khadija,Ben Ali,0.09,0.48,4.65,4.55,1A80
Fethi,Zouari,1.1,4.6,3.52,2.28,1A62
Samira,Abidi,2.88,4.68,1.96,2.89,2A77
Oussama,Abidi,4.23,4.39,0.83,1.35,1A39
Bechir,Fourati,3.51,2.05,1.78,2.01,2A4
Wassim,Ben Amor,2.93,3.87,4.28,4.02,2A27
Sami,Mejri,4.66,0.62,0.78,4.43,5GAMIX38
Khalil,Mejri,1.35,4.96,1.35,0.8,5GAMIX57
Salma,Chebbi,3.27,1.85,3.91,2.22,3A70
Tarek,Ben Amor,4.87,1.87,3.44,3.78,3A75
Lobna,Mejri,4.79,4.33,2.95,3.09,2A58
Leila,Zayani,1.33,0.22,3.03,0.99,2A35
Nadia,Toumi,4.83,4.42,3.19,3.24,2P36
Bechir,Ben Ali,2.24,0.82,1.44,1.06,4NIDS26
Oussama,Ben Salah,3.51,3.77,0.85,3.05,2A58
Sofiene,Ammar,3.51,3.44,4.59,1.79,4SIM62
Aymen,Slimani,4.04,3.28,4.62,3.15,2A99
Zied,Nasri,2.93,1.83,2.18,3.79,2A27
Lotfi,Guettari,2.39,3.06,3.53,4.08,2A31
Ghada,Nasri,4.72,1.93,1.98,3.63,3A60
Amina,Lahmar,4.78,3.06,2.57,2.85,3A73
Walid,Maaloul,3.75,2.84,1.58,0.08,1A82
Mourad,Ghanouchi,0.57,4.12,3.75,3.02,4ARCTIC27
Khadija,Rekik,1.39,1.34,0.68,4.69,1A62
Leila,Zouari,1.17,3.79,2.76,2.62,4ARCTIC27
Amel,Abidi,0.12,1.26,2.8,3.1,3A97
Amina,Baccouche,0.54,2.18,3.14,4.57,2A89
Marwen,Jaziri,0.01,0.12,3.61,1.95,5IOSYS5
Anis,Zouari,4.58,1.28,0.13,1.82,2A25
Tarek,Fourati,2.99,1.15,3.37,2.32,4SIM62
Amel,Sassi,1.06,2.05,0.24,1.43,3A75
Hend,Toumi,2.48,1.54,3.95,0.81,4ARCTIC27
Meriem,Turki,2.36,2.68,0.22,4.66,2A58
Sabrine,Zouari,4.88,4.19,2.56,2.84,1A77
Fares,Slimani,2.37,2.17,3.89,0.23,5TWIN79
Mourad,Mejri,4.74,1.12,1.97,4.88,2A73
Zied,Miled,3.63,4.04,4.94,4.07,3B42
Lobna,Chaabane,3.72,0.93,0.23,3.28,2P87
Fatma,Belkhir,0.29,3.84,0.15,2.11,1A10
Sami,Khemiri,2.59,4.52,3.72,1.45,2P21
Ahmed,Ayari,1.95,0.35,1.95,0.44,1A95
Oussama,Karoui,3.15,4.18,3.34,3.39,2A31
Lobna,Jebali,4.6,4.09,2.98,1.85,3B11
Chaima,Lahmar,3.47,2.02,0.17,1.81,3B85
Zied,Mejri,3.07,0.85,0.49,1.56,3B11
Cyrine,Chebbi,0.06,3.93,2.64,2.57,2A4
Nour,Baccouche,0.67,2.69,4.32,2.59,5GAMIX79
Lotfi,Ghanouchi,4.67,2.42,1.5,4.82,5IOSYS5
Aymen,Ben Amor,0.86,3.15,1.74,2.37,3A19
Emna,Zayani,2.38,1.6,3.86,0.02,1A62
Fares,Ayari,3.38,3.77,3.93,0.48,1A33
Ghassen,Saidi,4.82,2.36,4.32,3.7,1A95
Wided,Gharbi,0.59,3.53,0.04,2.88,4ARCTIC27
Youssef,Mabrouk,5.0,2.49,0.98,2.02,3A10
Mouna,Gharbi,2.77,3.56,4.86,4.06,2P82
Nabil,Ayari,0.76,2.22,1.38,4.83,3B23
Bilel,Ben Amor,2.04,2.86,2.01,0.14,3B23
Rim,Slimani,1.15,0.1,2.26,3.17,3A55
Mariem,Guettari,0.96,4.76,4.11,1.0,3B12
Aymen,Maaloul,3.69,1.89,4.14,2.42,1A82
Ghassen,Toumi,1.58,3.54,4.87,3.77,3A69
Hedi,Baccouche,0.45,0.15,2.62,1.37,4ARCTIC87
Tarek,Jaziri,2.32,4.87,1.65,0.36,5SAE33
Lobna,Driss,3.99,0.92,3.99,4.46,3B42
Aymen,Cherif,1.64,3.45,4.94,3.69,1A39
Hatem,Maaloul,0.88,4.28,3.95,3.37,1A39
Ghada,Ghanouchi,1.96,4.64,4.02,0.02,2A32
Aymen,Mansour,2.8,0.22,3.37,3.13,3A73
Walid,Makni,4.11,1.93,3.94,2.45,4ARCTIC27
Lobna,Ben Amor,3.99,3.52,3.14,0.76,1A92
Cyrine,Sassi,0.3,0.33,4.88,1.81,3A10
Anis,Hamdi,0.9,2.34,4.74,3.8,4ARCTIC27
Zaineb,Haddad,2.28,2.36,1.2,0.56,3B12
Fatma,Khlifi,4.76,3.38,2.69,2.75,5SAE2
Meriem,Khlifi,0.65,2.46,3.87,2.23,2A25
Anis,Rekik,4.1,4.7,1.62,2.11,3A69
Dorra,Trabelsi,3.33,0.1,2.3,3.9,5SLEAM19
Salma,Zouari,2.36,4.87,3.72,4.03,3B12
Ahmed,Karoui,0.26,3.09,2.2,3.72,5SAE33
Bechir,Jaziri,2.86,1.34,0.88,2.13,2P99
Hatem,Ben Salah,1.41,4.13,2.93,4.75,5SE32
Aymen,Chebbi,4.57,3.37,0.58,3.68,1A90
Fares,Mabrouk,2.61,1.84,1.9,3.57,5TWIN2
Omar,Mabrouk,4.78,2.29,3.26,1.64,4IOSYS40
Youssef,Mansour,4.73,2.19,4.08,0.51,1A39
Fares,Ben Ali,2.85,3.9,0.46,1.97,2A6
Nour,Ben Ali,2.27,3.54,4.11,3.81,3A55
Nabil,Chouchene,4.34,4.62,3.07,4.64,5SIM56
Zied,Makni,4.74,0.65,4.33,2.34,4SAE18
Ines,Trabelsi,3.96,2.69,4.58,3.75,1A16
Zaineb,Khlifi,0.13,0.92,1.44,0.4,4SIM89
Omar,Ben Amor,3.44,2.95,1.79,2.69,5GAMIX42
Sabrine,Jlassi,0.95,3.56,1.96,4.85,2A35
Bechir,Ben Amor,3.36,0.12,0.83,1.97,1A74
Youssef,Kanzari,0.76,1.75,3.47,1.67,2A75
Hela,Makni,1.88,0.53,2.7,1.01,3B84
Sofiene,Makni,2.41,4.88,1.83,1.95,5GAMIX42
Sami,Ayari,0.35,0.02,1.22,0.63,2A58
Chokri,Jaziri,3.61,0.51,2.27,3.6,3A55
Dorra,Ammar,3.11,1.85,0.31,2.45,2A25
Hiba,Jaziri,0.9,0.85,4.48,2.15,2A61
Anis,Cherif,1.8,3.6,1.17,0.32,5GAMIX79
Rami,Kanzari,4.81,1.59,3.63,1.65,1A7
Zaineb,Khemiri,4.47,0.11,0.19,2.44,1A77
Khalil,Baccouche,4.94,3.07,0.47,1.88,4SIM62
Omar,Ammar,4.73,0.46,0.86,1.29,2A4
Khalil,Chouchene,4.21,4.17,3.48,2.52,4ARCTIC87
Rami,Trabelsi,4.19,3.07,1.51,2.63,5SAE59
Farah,Fourati,3.58,4.12,3.54,1.59,3B84
Aymen,Fourati,4.6,4.31,4.74,1.39,2A73
Sami,Sassi,1.2,0.14,3.56,0.85,3B67
Bechir,Khlifi,2.03,1.86,2.19,2.09,3B12
Youssef,Nasri,1.81,1.82,3.24,1.9,2A58
Mourad,Ayari,4.33,4.93,2.24,2.41,5IOSYS7
Rym,Saidi,3.34,0.67,2.29,2.17,5ARCTIC86
Foued,Driss,1.97,0.86,4.84,0.76,3B4
Lobna,Saidi,3.14,2.94,2.14,2.01,2P30
Iheb,Chebbi,3.08,0.73,4.56,4.22,5SE32
Nabil,Ammar,1.8,2.25,2.37,2.75,1A92
Lina,Jebali,0.72,4.87,0.09,1.57,5SAE33
Skander,Cherif,4.01,0.05,1.84,2.64,4ARCTIC87
Hend,Chaabane,3.56,0.6,3.94,3.94,1A39
Ines,Cherif,1.31,1.33,1.88,4.14,4IOSYS40
Wided,Fourati,2.59,2.97,4.62,2.57,1A23
Rym,Zouari,3.43,4.02,0.88,1.69,5IOSYS22
Bilel,Driss,1.12,0.16,2.12,4.33,5SE32
Mariem,Khlifi,3.38,2.72,2.3,4.46,3B81
Meriem,Haddad,4.59,3.14,1.18,1.12,5SE32
Aymen,Mabrouk,4.69,3.26,0.12,1.47,2A25
Amine,Chebbi,2.41,3.42,2.84,1.69,2A98
Haythem,Ammar,0.69,0.52,0.86,2.03,3A97
Lina,Ben Ali,2.49,0.6,4.97,4.78,2P99
Amel,Khemiri,1.27,0.38,0.05,1.4,3A69
Bilel,Turki,4.21,2.64,2.45,0.81,2A75
Anis,Ben Ali,4.86,1.71,4.12,1.09,2A75
Sami,Jaziri,1.97,0.95,2.64,1.72,2A73
Mehdi,Chebbi,2.36,0.63,3.12,0.48,4GAMIX83
Oussama,Makni,0.81,1.16,0.21,3.51,2A71
Skander,Khlifi,4.24,0.44,2.94,1.86,2A49
Nizar,Khemiri,4.01,3.59,4.31,1.4,5GAMIX38
Wided,Nasri,4.23,3.78,0.16,1.22,2P82
Mehdi,Slimani,0.99,4.1,1.6,1.48,5GAMIX57
Amina,Gharbi,1.72,4.66,0.43,1.93,3B81
Eya,Bouazizi,3.08,2.91,1.79,4.73,3B67
Anis,Ben Amor,0.83,1.39,1.54,1.62,4GAMIX39
Mehdi,Sassi,2.43,4.61,4.73,1.28,2A71
Bilel,Zayani,2.29,3.78,2.74,3.15,2A75
Chokri,Gharbi,1.43,3.12,3.77,3.65,2P36
Adel,Jaziri,3.18,4.82,0.6,2.42,5SAE59
Mohamed,Chebbi,2.59,3.62,4.77,2.06,1A64
Rania,Khlifi,2.7,1.59,4.48,2.64,2P82
Sofiene,Kanzari,4.51,4.49,3.26,4.75,4SIM89
Ahmed,Driss,1.85,1.32,2.84,0.23,4BI6
Oussama,Belkhir,3.06,0.5,2.65,0.33,2P30
Wafa,Haddad,3.6,0.93,1.87,4.66,4TWIN23
Chokri,Khemiri,3.69,4.45,2.93,1.9,3A19
Eya,Slimani,0.56,2.23,2.32,0.69,2P82
Iheb,Guettari,3.14,1.1,2.8,4.03,1A90
Fethi,Makni,4.25,4.61,0.73,3.53,2P19
Ali,Sassi,3.74,3.22,1.29,0.49,5SLEAM19
Mehdi,Ben Amor,2.61,1.13,2.57,0.01,2A25
Aymen,Bouazizi,3.58,3.94,2.71,0.56,5ARCTIC60
Mouna,Chaabane,2.46,2.28,2.45,3.93,3B81
Ismail,Nasri,3.8,0.08,4.34,4.11,5SAE2
Nour,Trabelsi,2.3,0.12,1.34,4.78,3A82
Hatem,Miled,3.28,0.08,1.86,0.25,2A73
Hichem,Khlifi,3.32,3.44,2.51,3.57,5IOSYS22
Iheb,Hamdi,2.89,1.64,2.45,0.9,3A19
Hichem,Toumi,3.17,3.78,1.3,2.17,1A48
Rania,Lahmar,4.59,0.68,3.21,2.42,2P30
Olfa,Toumi,2.81,1.95,1.82,0.69,1A64
Oumaima,Sassi,1.32,2.03,0.13,1.9,3B60
Nadia,Zayani,0.85,4.04,0.45,0.04,3B4
Lina,Miled,2.39,0.26,0.2,3.42,5SAE33
Nizar,Mejri,2.91,4.56,2.32,4.23,5ARCTIC60
Ghassen,Jebali,1.0,4.14,1.82,1.36,3B84
Meriem,Slimani,1.81,2.2,4.86,3.33,2A99
Olfa,Rekik,1.61,3.02,1.84,1.81,2A63
Iheb,Makni,2.97,2.26,4.74,0.21,1A90
Hamza,Driss,3.89,2.11,0.17,0.32,3B4
Zaineb,Chouchene,3.05,1.56,4.25,2.13,1A77
Eya,Khemiri,3.4,0.63,3.71,3.88,3B4
Marwen,Chaabane,1.05,3.55,4.2,0.92,2A27
Walid,Slimani,3.99,3.15,0.26,3.91,2P87
Farah,Sassi,1.62,4.73,0.63,2.77,2A4
Hend,Abidi,4.16,0.51,0.2,4.98,4GAMIX83
Ghada,Bouazizi,2.33,3.97,3.18,3.52,2A75
Asma,Jaziri,1.35,0.54,4.74,2.07,2P21
Nizar,Mansour,3.18,2.49,2.22,0.59,5TWIN2
Hiba,Cherif,1.54,1.98,0.2,2.13,5SLEAM19
Hela,Gharbi,2.58,2.05,1.82,3.53,5SIM56
Olfa,Chaabane,4.21,3.86,3.84,2.17,3B23
Lobna,Mansour,3.22,2.61,3.56,3.26,1A13
Eya,Turki,4.27,2.19,3.59,3.95,2P30
Chaima,Ferjani,2.38,1.26,1.85,1.09,4BI6
Marwen,Haddad,0.36,4.5,2.05,3.15,1A48
Omar,Haddad,2.08,1.79,0.28,4.88,2P30
Amel,Chaabane,3.13,4.04,1.49,4.89,5SAE59
Lina,Saidi,1.29,3.52,1.01,2.15,1A16
Tarek,Saidi,1.4,2.22,3.02,1.81,2P36
Youssef,Jlassi,3.02,0.97,4.4,3.03,3B11
Sabrine,Turki,3.98,1.74,0.2,0.49,3A19
Hela,Mabrouk,2.92,1.05,0.84,3.27,5GAMIX42
Ahmed,Kanzari,2.38,0.44,4.61,1.98,2A98
Rami,Khemiri,3.73,1.73,4.59,4.66,5ARCTIC60
Aymen,Saidi,3.05,0.39,3.6,3.6,2A89
Sarra,Haddad,4.76,4.57,0.64,1.09,5SLEAM19
Sabrine,Saidi,1.91,3.48,2.73,4.82,3B96
Yasmine,Mansour,1.14,4.51,2.99,2.32,1A10
Skander,Bouazizi,1.71,0.56,1.78,1.95,1A13
Hamza,Miled,3.23,4.64,4.12,3.45,4ARCTIC87
Aymen,Turki,1.48,0.73,2.93,1.21,5TWIN27
Wafa,Cherif,4.43,1.46,2.15,1.63,4IOSYS40
Mourad,Makni,0.25,2.13,3.29,3.48,1A7
Bilel,Baccouche,1.89,3.78,0.35,2.06,2P82
Hend,Saidi,1.34,2.91,3.63,3.36,2P36
Youssef,Ben Amor,1.24,2.01,4.24,1.3,1A43
Mehdi,Bouazizi,2.37,1.98,0.77,4.16,1A80
Bechir,Trabelsi,2.38,2.21,2.1,0.91,3B85
Mehdi,Zouari,3.4,3.92,0.39,2.41,2A35
Fethi,Abidi,1.04,4.81,0.65,1.05,5TWIN79
Hend,Slimani,4.6,4.68,3.98,0.06,2A6
Sabrine,Guettari,2.19,4.78,0.61,4.21,2P99
Ismail,Jlassi,3.05,3.81,0.46,4.61,1A90
Ali,Mansour,2.33,2.34,0.12,0.94,3A96
Walid,Chouchene,0.24,4.11,3.4,4.38,2A73
Sarra,Jlassi,1.54,0.42,2.57,0.93,3B93
Bechir,Driss,1.94,3.77,1.58,2.79,1A74
Mehdi,Mansour,4.55,1.4,2.93,3.87,5SIM56
Hela,Karoui,3.31,1.34,0.86,3.0,3A69
Samira,Ayari,2.0,0.85,3.74,4.49,1A95
Wafa,Slimani,1.05,2.38,4.29,4.26,5NIDS7
Mohamed,Cherif,1.66,4.52,0.95,1.53,2P36
Manel,Mejri,4.62,1.33,2.78,3.36,2A25
Nour,Jebali,2.11,3.73,2.39,1.46,2A99
Ghada,Kanzari,2.66,1.04,4.49,1.64,1A62
Skander,Zouari,4.82,4.36,4.15,1.25,5SE99
Amine,Ben Salah,0.57,2.59,0.59,4.15,2A98
Haythem,Mabrouk,1.66,2.61,4.64,2.42,3B49
Mourad,Chebbi,3.57,2.41,0.21,1.55,2A77
Hend,Jaziri,2.05,4.35,1.59,1.05,4TWIN23
Amina,Chebbi,4.67,0.41,2.89,2.49,1A39
Sofiene,Mabrouk,1.94,3.53,4.19,3.93,2P30
Lobna,Bouazizi,1.29,2.49,3.93,2.12,2P30
Amina,Maaloul,1.44,2.87,4.99,0.95,1A74
Wafa,Ben Amor,3.31,0.39,1.61,3.93,3B85
Siwar,Saidi,2.74,3.37,2.91,4.11,5BI77
Salma,Ayari,4.53,0.43,2.29,2.88,3B67
Fethi,Bouazizi,1.73,3.32,4.27,4.41,2P30
Mariem,Sassi,4.5,1.71,1.57,0.06,1A95
Ines,Ben Salah,0.49,1.03,2.08,0.8,1A82
Amine,Haddad,3.34,2.9,3.66,2.43,2A4
Wided,Slimani,2.22,4.14,0.39,2.76,4ARCTIC27
Mouna,Mabrouk,1.37,2.03,0.27,2.46,5SLEAM19
Samira,Sassi,0.25,1.43,2.37,1.22,2P30
Yasmine,Khemiri,3.54,1.73,3.04,2.85,2A71
Fatma,Khemiri,1.3,1.87,1.3,0.59,3A10
Chaima,Karoui,4.16,2.19,1.34,3.26,2A58
Ahmed,Ben Ali,1.45,1.18,3.39,4.77,5SLEAM19
Meriem,Nasri,0.32,2.55,0.97,3.13,4TWIN23
Foued,Maaloul,1.37,1.19,3.46,0.2,1A95
Sabrine,Hamdi,3.35,3.28,1.19,3.8,2A27
Leila,Ben Salah,4.72,0.56,2.11,4.73,4GAMIX39
Meriem,Cherif,0.74,0.34,4.31,2.49,1A16
Nizar,Jlassi,3.67,0.7,4.3,0.75,3B12
Walid,Khlifi,3.3,4.22,3.93,4.76,1A48
Walid,Gharbi,0.56,2.83,2.35,2.99,2A71
Omar,Chebbi,4.19,1.15,1.87,4.41,4BI6
Khadija,Turki,4.38,1.61,0.33,1.07,5SLEAM43
Leila,Kanzari,4.02,4.09,2.79,1.08,5TWIN27
Nour,Lahmar,0.71,1.67,3.32,1.85,4SAE18
Ines,Jebali,0.34,0.88,3.52,0.38,3A19
Tarek,Sassi,3.49,0.67,4.37,1.31,1A55
Rania,Mansour,0.89,0.06,3.2,1.15,4BI6
Zaineb,Cherif,3.2,1.42,3.47,2.23,3B81
Oussama,Nasri,2.76,2.86,1.13,4.02,4TWIN23
Leila,Cherif,4.33,4.58,0.0,2.45,3B12
Lina,Guettari,4.12,3.26,2.24,0.48,3A70
Amel,Ayari,3.76,3.82,3.88,4.0,3A60
Omar,Mejri,4.09,2.42,3.37,0.39,1A82
Chaima,Gharbi,2.34,4.69,4.94,1.82,4IOSYS40
Bilel,Chebbi,3.82,2.02,1.51,1.31,3A96
Adel,Mejri,4.85,2.01,4.22,2.26,3A19
Fethi,Ammar,1.5,4.81,3.42,0.03,5IOSYS58
Samira,Makni,4.28,2.09,2.43,0.87,4NIDS26
Karim,Karoui,2.18,3.49,3.48,4.21,1A80
Rim,Gharbi,1.02,0.43,0.61,2.37,1A1
Manel,Mabrouk,2.68,4.26,3.12,0.16,3B42
Anis,Trabelsi,2.96,3.71,4.95,1.6,2A31
Mouna,Maaloul,1.15,3.0,4.5,1.04,1A80
Hamza,Makni,2.58,2.17,2.4,1.08,2P30
Sonia,Mabrouk,4.33,2.0,3.43,1.65,1A16
Haythem,Miled,4.6,0.75,0.4,4.21,5SIM57
Fares,Fourati,4.63,0.22,3.85,3.09,5INFINI39
Oumaima,Gharbi,2.39,0.56,2.19,2.32,3B12
Sami,Maaloul,2.4,0.99,1.47,1.02,1A23
Rania,Ferjani,4.33,3.17,0.2,4.83,1A74
Sabrine,Belkhir,2.76,3.67,3.1,4.8,5SE32
Cyrine,Haddad,1.54,2.03,4.81,4.33,2P19
Hamza,Chouchene,2.2,3.05,3.65,4.53,2A99
Salma,Chouchene,2.07,1.57,4.9,1.05,1A13
Meriem,Ghanouchi,1.48,2.68,2.68,4.66,2A89
Leila,Nasri,0.97,0.88,0.5,1.37,3A97
Siwar,Rekik,4.44,3.68,0.32,1.85,2A4
Lina,Chouchene,3.71,0.82,0.45,0.66,2P21
Fethi,Khemiri,1.7,4.69,1.91,4.23,2A63
Lina,Driss,1.77,3.02,4.31,4.58,3A82
Iheb,Maaloul,1.66,4.74,0.19,4.64,4BI6
Amina,Ben Salah,3.12,3.4,0.11,0.36,5SE32
Oumaima,Guettari,2.04,0.23,0.49,3.81,3B11
Bechir,Lahmar,3.97,2.51,4.11,1.43,3A66
Wafa,Sassi,3.03,2.35,0.26,2.61,5GAMIX38
Fares,Lahmar,4.43,1.89,4.92,3.85,5SAE33
Ghassen,Ghanouchi,0.52,4.22,0.64,1.55,3B67
Asma,Ben Ali,4.17,1.04,0.31,2.28,2A6
Oumaima,Chouchene,0.97,4.21,0.01,2.8,4ARCTIC87
Wided,Mejri,1.12,4.97,0.82,4.73,1A80
Lina,Mabrouk,0.06,0.82,0.63,3.97,2P51
Chokri,Mansour,3.93,4.25,4.65,1.91,3A70
Rim,Driss,3.3,1.64,2.22,4.86,1A13
Walid,Chaabane,0.8,0.66,3.28,1.73,1A23
Ghassen,Chebbi,1.67,0.06,3.44,2.59,2A98
Haythem,Trabelsi,2.83,4.37,4.69,1.76,2A75
Sofiene,Lahmar,3.87,0.73,3.53,4.46,1A95
Omar,Zouari,2.45,1.56,2.66,1.75,5BI77
Sonia,Cherif,0.88,2.19,2.64,4.87,1A43
Mouna,Chouchene,1.94,0.2,2.43,1.78,2A75
Ghassen,Bouazizi,4.55,4.6,2.37,1.88,5NIDS7
Dorra,Ghanouchi,4.23,3.79,0.71,2.17,2P82
Fatma,Zouari,4.2,2.06,0.1,3.65,2A27
Nadia,Mabrouk,3.25,0.26,3.57,2.92,3A97
Khalil,Karoui,3.73,3.08,1.73,3.37,5ARCTIC86
Nabil,Haddad,1.08,1.44,3.52,4.78,5GAMIX42
Oussama,Rekik,0.71,4.06,3.57,4.65,3A97
Marwen,Chouchene,3.5,0.75,4.07,4.34,5GAMIX79
Ghassen,Turki,0.63,3.82,0.78,1.36,1A85
Nour,Guettari,1.42,1.67,4.47,2.77,3B81
Ghada,Miled,0.03,3.01,2.68,2.29,3A97
Nabil,Maaloul,3.53,4.46,1.74,4.87,5GAMIX42
Ahmed,Nasri,4.93,0.3,3.05,3.55,2A32
Zaineb,Turki,0.0,0.16,4.53,2.74,5SLEAM43
Chokri,Jlassi,4.68,1.76,3.99,0.09,2A73
Manel,Zouari,0.14,4.78,4.11,1.09,3A97
Zied,Saidi,4.6,4.19,0.41,2.02,5SE32
Lobna,Fourati,0.03,1.26,0.62,4.43,2P87
Ismail,Kanzari,1.68,4.83,1.59,0.43,3B93
Sabrine,Gharbi,0.69,3.79,2.54,2.34,3B11
Mehdi,Chouchene,0.49,2.11,1.23,0.12,4BI6
Oussama,Kanzari,0.85,4.88,1.15,1.92,3B93
Skander,Mejri,2.65,2.88,0.94,2.99,5BI77
Marwen,Gharbi,1.03,2.31,0.35,2.23,4ARCTIC27
Karim,Zouari,4.89,5.0,2.8,0.01,2A32
Sami,Bouazizi,2.25,2.16,1.11,0.78,4GAMIX83
Eya,Ammar,0.51,4.73,4.33,2.14,2A77
Dorra,Ben Salah,0.27,2.58,2.68,1.38,2A71
Oussama,Slimani,0.02,1.86,2.04,3.49,2A6
Chokri,Lahmar,0.3,2.64,2.94,0.58,1A13
Salma,Zayani,1.06,0.36,4.86,3.6,5SAE59
Ali,Ben Salah,3.51,1.64,0.58,4.65,1A55
Bilel,Ayari,2.65,3.39,0.24,2.0,1A85
Dorra,Ayari,2.74,3.61,2.9,1.57,3B85
Fethi,Guettari,3.83,3.85,0.04,2.72,3A97
Nadia,Mejri,2.41,2.67,1.93,3.76,1A95
Sonia,Belkhir,3.2,4.24,4.05,4.82,1A18
Hela,Zayani,0.8,2.31,2.94,4.64,1A82
Chaima,Fourati,3.57,4.26,4.14,0.41,2A99
Chaima,Turki,0.33,1.02,4.75,1.66,2A89
Sarra,Mabrouk,1.7,3.88,0.28,0.18,1A13
Amine,Cherif,0.94,2.63,3.12,2.18,5TWIN2
Zaineb,Hamdi,0.85,4.37,3.44,3.6,1A10
Samira,Chouchene,0.8,4.67,3.68,1.51,3A10
Omar,Jebali,4.45,2.96,2.62,0.47,3B93
Ghada,Jaziri,1.4,4.82,4.02,0.07,3B85
Anis,Bouazizi,2.99,2.49,3.77,3.32,3B11
Lobna,Belkhir,1.62,0.54,0.64,2.53,1A82
Chaima,Hamdi,0.79,1.48,4.11,0.7,1A43
Amine,Fourati,0.35,1.84,4.24,0.2,5ARCTIC60
Omar,Jaziri,1.53,1.36,0.39,2.75,2A25
Wassim,Trabelsi,2.25,2.91,3.65,1.88,1A55
Nour,Toumi,1.26,3.04,0.92,2.72,2P21
Samira,Turki,0.3,3.14,2.86,3.28,5BI77
Hend,Fourati,3.6,1.81,0.19,3.41,1A90
Chokri,Ben Amor,4.87,2.18,1.72,3.4,2P82
Tarek,Belkhir,3.26,3.65,4.31,3.4,5ARCTIC60
Sabrine,Sassi,0.35,4.52,3.42,3.74,5IOSYS22
Omar,Maaloul,1.94,0.26,1.89,4.67,5SE99
Nizar,Ben Ali,1.17,2.46,0.3,4.68,2A49
Wassim,Hamdi,3.79,1.86,2.57,3.54,4TWIN23
Fatma,Guettari,0.4,2.61,1.13,0.59,5TWIN79
Salma,Belkhir,0.13,2.74,1.7,4.75,3B4
Zied,Rekik,2.67,0.66,3.08,1.36,5TWIN2
Sarra,Belkhir,3.65,2.93,4.16,2.75,2A75
Ali,Turki,2.48,1.29,4.09,2.99,1A43
Fethi,Lahmar,2.19,1.65,1.55,0.26,2A89
Ghada,Khemiri,4.51,2.39,2.23,3.04,2A4
Haythem,Guettari,4.6,3.54,4.83,3.52,4SAE18
Hedi,Rekik,3.51,2.43,1.64,4.94,1A23
Ghassen,Guettari,2.5,3.66,1.72,1.8,2A61
Lotfi,Miled,0.25,0.46,1.57,0.26,1A62
Lina,Ayari,4.12,3.55,0.88,0.2,1A10
Hela,Baccouche,4.47,4.48,1.81,3.46,4SAE18
Fethi,Toumi,0.89,2.53,2.97,3.64,2A77
Iheb,Mansour,0.75,1.12,0.73,3.21,1A82
Lina,Rekik,3.45,4.07,2.0,2.64,1A10
Hend,Jebali,1.63,2.6,3.04,0.45,5SE99
Hamza,Baccouche,1.16,2.14,0.01,3.42,3B12
Sonia,Sassi,0.94,4.9,3.99,2.23,4SAE18
Hatem,Nasri,2.69,4.69,0.2,2.97,1A13
Amel,Lahmar,1.37,1.54,4.65,1.21,5GAMIX57
Mariem,Belkhir,2.79,4.74,0.69,4.43,5ARCTIC86
Sofiene,Ben Ali,3.35,0.74,2.42,2.93,5SAE59
Ismail,Slimani,0.3,2.9,4.83,4.32,5SAE59
Cyrine,Zayani,3.78,2.29,4.02,3.26,1A85
Hiba,Guettari,3.76,1.24,1.86,0.57,3B11
Karim,Maaloul,0.85,2.77,1.25,3.89,2A31
Manel,Bouazizi,0.64,1.2,2.91,0.22,5SLEAM19
Manel,Jaziri,1.64,2.81,4.1,2.43,5BI77
Wassim,Maaloul,4.07,3.55,1.82,3.98,1A92
Mariem,Jebali,2.53,1.99,4.38,4.18,3B93
Amine,Zayani,0.33,3.33,4.11,2.47,5SE32
Youssef,Abidi,3.19,0.17,3.7,2.02,5NIDS35
Rym,Mejri,0.26,4.61,2.98,1.15,2A89
Salma,Fourati,0.25,4.26,1.82,2.33,5SAE59
Mariem,Toumi,2.98,2.37,2.87,2.75,1A48
Ismail,Jebali,2.32,1.87,3.26,3.28,3A82
Tarek,Kanzari,1.11,1.95,1.66,4.36,5GAMIX42
Bilel,Zouari,4.86,4.71,4.9,0.24,1A62
Rym,Ben Amor,4.77,2.85,1.75,3.93,2A77
Hela,Hamdi,3.98,3.55,3.2,2.58,2A6
Adel,Fourati,1.94,4.65,2.61,0.69,4NIDS26
Lina,Gharbi,2.04,0.73,2.12,1.27,3A60
Zaineb,Chebbi,0.78,3.98,1.22,1.96,4SAE18
Ismail,Ghanouchi,0.33,0.91,2.39,4.29,3B23
Sarra,Makni,0.04,2.1,0.51,1.51,1A1
Ghassen,Belkhir,4.45,4.96,2.39,4.69,1A13
Haythem,Maaloul,1.1,2.75,3.16,2.74,1A1
Nabil,Abidi,2.84,1.68,0.26,3.8,2A98
Hela,Jebali,4.81,2.91,4.18,4.36,2A61
Iheb,Rekik,4.3,3.97,1.92,0.94,5IOSYS7
Anis,Toumi,1.28,2.5,2.12,1.19,3B4
Mehdi,Fourati,1.87,3.31,1.08,1.5,3B42
Hedi,Toumi,0.95,4.2,3.81,3.59,3A19
Dorra,Ferjani,2.88,4.01,3.41,1.57,3A69
Nabil,Mabrouk,3.43,4.44,4.33,4.62,2A71
Youssef,Chebbi,3.65,3.11,3.15,4.99,3A55
Haythem,Turki,2.66,4.71,3.29,1.06,1A74
Bilel,Ben Salah,0.79,3.86,0.07,1.78,1A62
Chaima,Khemiri,4.61,1.36,2.0,0.74,4SAE18
Rym,Ayari,0.47,2.25,2.38,2.24,2A99
Hend,Sassi,4.4,0.19,2.44,0.27,3B67
Lotfi,Mejri,2.79,4.08,0.95,2.36,2A6
Amine,Abidi,1.98,2.92,2.09,0.53,4SIM62
Skander,Baccouche,2.1,1.99,0.92,2.0,2A27
Lotfi,Jebali,1.53,2.99,3.69,0.23,1A95
Siwar,Khlifi,4.14,3.27,0.05,3.16,2A98
Tarek,Zayani,0.53,2.36,0.37,0.73,4SAE18
Mohamed,Bouazizi,0.21,1.38,3.36,2.58,3B96
Ghassen,Khemiri,1.26,0.22,4.52,3.13,2P30
Yasmine,Baccouche,0.84,4.01,3.04,3.86,5SIM56
Skander,Lahmar,1.49,3.4,2.02,0.41,2A99
Haythem,Belkhir,1.05,1.12,2.78,0.68,5TWIN2
Sofiene,Jlassi,1.39,0.48,4.37,0.53,5IOSYS5
Chaima,Bouazizi,1.97,3.5,1.75,3.26,2A89
Mourad,Mansour,2.03,2.61,4.84,3.57,5IOSYS22
Iheb,Ben Ali,1.12,0.54,1.02,2.29,2A71
Sonia,Guettari,1.43,4.65,0.65,1.24,1A39
Ines,Chouchene,3.0,4.87,3.99,4.53,3A97
Nour,Zayani,0.24,0.03,1.61,2.17,4TWIN23
Fares,Belkhir,2.81,3.53,3.64,2.01,3A69
Emna,Nasri,3.23,3.24,1.69,4.0,3A73
Anis,Turki,4.87,1.21,2.58,4.69,4GAMIX83
Farah,Jaziri,2.37,0.84,0.88,1.97,3B60
Sabrine,Ferjani,1.6,3.64,1.94,2.24,1A74
Wafa,Chaabane,4.49,0.63,1.7,3.29,4TWIN23
Oussama,Baccouche,2.19,0.79,1.51,2.62,2P30
Omar,Chaabane,0.31,3.86,4.27,4.74,1A74
Ali,Jaziri,2.32,4.05,0.85,1.65,3A73
Rami,Saidi,1.37,2.73,4.8,4.32,5TWIN2
Haythem,Mejri,3.93,0.76,2.76,0.39,3A75
Rim,Ayari,3.56,1.69,4.38,4.73,3B11
Zied,Ammar,0.27,4.78,1.74,1.34,5NIDS35
Zaineb,Saidi,4.91,3.7,1.15,3.86,3B49
Chokri,Saidi,3.65,1.68,1.6,1.54,5SLEAM19
Mariem,Karoui,0.27,2.49,4.68,3.49,3A55
Farah,Kanzari,3.04,4.35,0.42,0.92,4GAMIX39
Rami,Turki,0.13,4.11,3.24,1.44,3A97
Amine,Lahmar,4.97,3.99,4.32,1.62,1A62
Rami,Maaloul,3.83,2.98,2.23,2.42,3B93
Sami,Gharbi,0.33,2.21,1.78,0.25,5IOSYS58
Hamza,Maaloul,0.2,0.94,3.25,0.1,3A55
Fares,Jebali,0.51,0.67,3.73,4.22,1A74
Hend,Mabrouk,4.38,4.36,1.39,0.79,3A73
Zied,Ayari,1.62,4.73,1.19,2.1,1A1
Mehdi,Guettari,4.75,1.21,1.64,3.54,3A97
Amine,Slimani,2.64,2.21,2.88,1.31,4IOSYS40
Hela,Ferjani,2.51,1.91,3.52,0.35,5INFINI39
Omar,Khemiri,2.29,3.22,2.66,1.74,1A74
Meriem,Chebbi,3.97,4.67,3.47,3.68,4SIM62
Youssef,Ayari,4.68,4.41,4.16,2.95,1A62
Sarra,Zayani,4.57,3.6,4.17,0.37,2A63
Zied,Sassi,0.23,1.7,2.69,1.99,5NIDS35
Oumaima,Turki,0.99,1.32,0.61,4.71,3A73
Mohamed,Hamdi,0.96,2.79,4.01,2.45,2A6
Ines,Rekik,2.0,1.85,0.93,0.86,2A4
Olfa,Ghanouchi,2.42,3.87,4.11,4.03,4SIM89
Oussama,Mansour,1.21,4.17,1.63,1.6,1A62
Wided,Belkhir,4.45,1.88,1.02,0.42,1A82
Fatma,Mansour,1.13,1.27,4.85,3.47,1A16
Youssef,Toumi,2.3,4.54,3.81,3.47,3A10
Mourad,Jebali,1.76,3.85,4.89,4.9,1A85
Zied,Abidi,3.71,2.41,0.51,3.4,1A95
Fatma,Jaziri,2.92,0.44,0.4,0.05,2P21
Sofiene,Driss,2.77,0.0,0.82,1.62,1A55
Zied,Cherif,1.97,2.27,1.2,3.32,2A6
Ines,Mansour,0.17,0.78,0.04,0.0,1A16
Ghada,Ben Ali,1.8,2.15,0.37,1.82,3A96
Eya,Ben Salah,3.37,0.0,0.34,1.39,2A71
Rami,Nasri,4.81,1.95,0.83,4.07,3A69
Fatma,Ben Salah,0.76,2.77,3.83,3.88,1A43
Khadija,Ben Salah,0.49,0.06,4.49,0.23,2A89
Sarra,Ben Amor,0.59,3.73,3.72,4.49,1A7
Hend,Makni,4.75,3.88,0.49,2.31,4GAMIX39
Nabil,Nasri,1.49,2.58,4.38,2.74,5GAMIX38
Ahmed,Cherif,0.67,0.6,4.83,0.95,1A74
Fatma,Maaloul,0.52,1.14,0.28,3.09,3A70
Wided,Jebali,0.57,4.04,0.17,3.65,1A95
Fatma,Miled,4.74,1.77,3.48,3.51,1A1
Omar,Turki,2.71,3.1,4.87,0.47,5NIDS7
Olfa,Haddad,0.44,3.13,2.83,0.29,4SAE18
Anis,Saidi,0.17,2.99,1.08,2.69,5SAE33
Zaineb,Lahmar,3.49,4.58,2.33,1.21,3B23
Youssef,Slimani,0.14,2.78,0.68,0.49,1A18
Karim,Abidi,1.51,0.71,3.79,2.52,1A10
Asma,Khlifi,1.71,3.62,4.38,2.22,3A97
Asma,Nasri,2.83,3.17,2.67,3.0,2A99
Farah,Trabelsi,0.16,1.9,0.14,0.98,4GAMIX39
Hend,Ben Ali,4.33,1.33,1.27,1.32,5SIM57
Samira,Toumi,0.36,1.42,1.05,4.45,2P87
Oumaima,Hamdi,4.08,1.82,2.21,0.13,1A95
Bilel,Sassi,0.86,2.65,4.28,0.81,5GAMIX79
Khadija,Khemiri,3.12,3.01,4.57,3.23,5GAMIX38
Wided,Saidi,1.48,1.25,0.84,4.89,2A75
Nadia,Kanzari,2.77,2.94,4.58,1.74,4GAMIX83
Youssef,Zayani,2.16,2.62,2.56,4.41,3A19
Fatma,Saidi,2.2,2.43,0.21,0.78,5SLEAM19
Manel,Slimani,3.1,4.13,4.11,1.95,2A4
Walid,Rekik,1.47,0.91,3.05,1.69,5IOSYS58
Nour,Chebbi,3.22,1.62,1.88,4.3,3A70
Nour,Chouchene,2.62,1.0,4.36,0.89,4GAMIX39
Mourad,Chouchene,0.44,4.33,2.78,1.85,5SLEAM43
Nour,Mejri,2.05,3.77,3.39,3.31,2P82
Farah,Zouari,3.58,2.77,1.36,2.83,2A73
Wassim,Mansour,2.23,2.96,4.37,1.61,4NIDS26
Ali,Ben Ali,2.21,2.91,0.74,1.49,1A64
Hamza,Kanzari,1.86,2.64,0.19,3.58,1A80
Bilel,Haddad,1.54,1.52,0.19,3.08,2A75
Marwen,Mabrouk,1.25,4.19,2.97,2.94,2P99
Siwar,Karoui,1.52,0.39,3.76,3.22,2P51
Marwen,Saidi,4.02,4.1,4.6,1.98,3A19
Sabrine,Lahmar,1.34,2.24,2.6,2.75,5IOSYS5
Leila,Jlassi,2.66,1.59,0.72,3.07,4SAE18
Leila,Toumi,1.03,1.27,0.71,0.95,2A49
Wided,Abidi,1.12,2.07,1.07,0.36,5SE32
Nizar,Chebbi,2.76,1.76,3.42,3.7,2A89
Rami,Toumi,1.78,2.42,3.2,4.99,2A71
Omar,Mansour,4.78,4.85,4.21,2.11,3B23
Adel,Mabrouk,2.19,3.76,3.62,0.59,1A55
Skander,Kanzari,3.64,1.3,0.84,1.69,2A58
Chaima,Haddad,0.92,3.87,3.89,1.66,1A85
Iheb,Haddad,1.26,4.55,2.59,4.47,5SE99
Hela,Driss,0.21,0.19,3.57,2.24,4GAMIX39
Rania,Bouazizi,4.43,3.98,3.99,0.13,1A1
Amina,Ayari,0.15,1.1,2.79,2.91,3B4
Sarra,Chebbi,0.73,0.74,0.72,1.75,4ARCTIC87
Ismail,Karoui,0.4,1.4,3.49,1.88,4NIDS26
Mehdi,Nasri,4.4,4.58,1.47,4.2,5SE32
Manel,Kanzari,0.05,0.67,4.41,2.58,3B60
Samira,Mansour,0.68,1.33,3.33,4.66,5SE99
Zaineb,Bouazizi,0.3,4.03,3.15,1.85,1A43
Bechir,Cherif,1.74,1.44,4.51,4.21,4SIM89
Aymen,Ben Ali,0.55,4.19,1.44,1.5,2A58
Olfa,Driss,1.15,4.68,0.55,1.86,1A62
Oussama,Fourati,0.41,4.49,0.21,2.69,5INFINI39
Leila,Hamdi,4.06,1.66,1.19,4.17,1A10
Sabrine,Ammar,4.97,2.02,4.27,3.46,4SIM62
Amine,Ben Ali,1.29,2.17,2.54,0.6,5INFINI39
Mourad,Hamdi,0.88,1.7,4.21,0.03,4SIM89
Youssef,Cherif,1.08,1.03,0.39,0.21,5NIDS7
Karim,Saidi,1.76,0.77,1.0,2.4,2A35
Mariem,Rekik,2.84,3.91,1.36,2.69,5NIDS7
Hedi,Mansour,1.84,4.03,2.32,2.1,3B23
Amina,Chouchene,0.73,2.21,2.45,2.43,2A73
Hela,Guettari,1.32,3.64,1.3,0.06,1A95
Aymen,Lahmar,3.47,1.79,4.24,1.05,5SE100
Mouna,Saidi,1.4,4.9,2.57,4.01,5SIM56
Rami,Driss,0.79,3.11,4.36,4.3,5SLEAM19
Mouna,Mansour,4.86,4.75,2.38,4.47,4IOSYS40
Sonia,Slimani,0.8,0.87,4.0,4.92,1A55
Ghassen,Gharbi,3.63,3.75,1.19,4.9,5GAMIX79
Wafa,Ben Ali,1.67,3.52,1.62,3.74,4SIM62
Sabrine,Ayari,1.45,3.52,3.51,0.1,2P30
Dorra,Nasri,1.91,4.3,1.73,4.3,5TWIN27
Lobna,Rekik,3.97,4.19,2.02,2.48,2P82
Hiba,Karoui,0.32,2.69,2.51,3.02,2P82
Hatem,Jaziri,2.26,4.92,1.71,3.52,5SAE33
Ines,Abidi,2.77,4.28,0.15,3.95,2A32
Meriem,Ben Amor,4.36,2.94,2.37,3.32,2P99
Mouna,Lahmar,1.2,4.74,3.11,0.38,1A33
Ahmed,Jebali,4.07,1.73,2.83,4.06,3B67
Hedi,Cherif,1.95,2.81,1.14,3.27,5GAMIX57
Salma,Baccouche,0.17,1.4,3.12,2.58,3A69
Youssef,Turki,4.3,1.52,3.27,1.23,1A90
Sami,Kanzari,3.16,0.86,0.42,3.03,3B93
Hamza,Karoui,3.99,3.29,4.52,4.16,2A58
Rania,Ben Salah,2.96,3.07,3.21,3.63,3B42
Mourad,Khlifi,1.84,0.98,2.82,2.36,5SAE33
Lotfi,Ferjani,3.24,0.81,3.51,4.72,1A39
Youssef,Baccouche,1.8,3.74,3.67,3.55,1A64
Cyrine,Abidi,4.7,0.37,3.32,1.23,3A96
Adel,Khlifi,2.07,1.85,2.11,3.35,2A63
Fatma,Ayari,2.25,4.04,0.16,4.47,2A63
Zied,Ben Ali,4.62,1.81,3.73,2.96,3B81
Dorra,Toumi,1.22,0.1,1.55,4.41,1A23
Asma,Gharbi,2.77,3.57,2.71,4.47,1A39
Tarek,Gharbi,4.82,4.33,2.89,4.58,4SAE18
Sarra,Karoui,1.39,1.51,4.1,4.42,1A95
Mouna,Karoui,3.77,0.48,4.66,4.54,2A4
Walid,Ben Salah,4.89,1.55,3.3,0.98,1A95
Amine,Ammar,0.53,4.26,4.87,4.57,3B67
Sabrine,Cherif,4.06,4.02,4.06,4.07,2P99
Ismail,Gharbi,3.56,1.3,4.44,0.05,3B85
Haythem,Ayari,2.9,1.28,3.04,2.37,4SIM89
Leila,Mansour,1.22,3.61,1.4,4.82,5SIM57
Olfa,Slimani,1.67,4.8,4.46,1.26,1A85
Olfa,Chebbi,1.58,4.56,1.28,0.01,4TWIN23
Mourad,Fourati,0.49,4.77,4.53,0.63,3B67
Zaineb,Ben Ali,1.53,4.2,0.49,3.21,1A33
Rami,Bouazizi,2.85,0.36,1.81,1.94,3A96
Amina,Guettari,0.75,1.78,0.75,0.22,1A33
Ismail,Maaloul,3.8,3.98,0.03,3.98,3B85
Foued,Jaziri,4.57,0.85,0.82,4.49,5SLEAM19
Ghada,Fourati,4.79,3.67,2.39,0.44,2A58
Samira,Khlifi,0.83,4.04,1.5,2.26,3A88
Olfa,Sassi,2.08,2.49,1.85,0.91,5GAMIX57
Hela,Ammar,0.96,3.06,0.12,4.36,1A18
Olfa,Mabrouk,2.46,1.31,0.08,1.04,1A82
Khadija,Driss,0.14,2.21,4.45,0.87,2A32
Khalil,Kanzari,1.37,4.57,3.75,1.59,2P99
Amina,Ben Ali,1.79,0.95,4.17,2.7,5TWIN79
Ismail,Mejri,0.97,0.96,2.93,3.47,1A95
Salma,Sassi,0.99,1.57,2.57,0.85,3A82
Lobna,Turki,4.7,4.44,4.5,0.37,4IOSYS40
Walid,Lahmar,1.27,4.06,4.96,0.65,3B81
Ghada,Zouari,2.37,0.69,4.88,3.34,3A96
Wided,Toumi,2.31,1.36,3.4,2.26,2P99
Oussama,Mejri,3.57,2.11,3.15,1.5,2A32
Siwar,Jaziri,1.37,2.43,2.6,4.21,2P51
Zied,Mabrouk,4.08,2.07,3.99,2.9,4ARCTIC87
Nizar,Chaabane,2.62,3.23,0.39,1.51,2P36
Samira,Khemiri,0.27,4.87,1.46,1.93,5IOSYS5
Ghada,Trabelsi,0.89,3.09,1.25,4.71,1A48
Olfa,Fourati,0.93,4.7,0.69,1.68,3A97
Haythem,Chouchene,0.4,4.13,1.83,3.38,2A4
Fatma,Sassi,1.69,1.58,1.28,1.47,3A97
Wafa,Baccouche,1.13,4.01,0.67,1.81,1A85
Iheb,Ben Amor,4.59,1.33,0.18,0.27,2A63
Skander,Jlassi,0.08,1.62,1.29,1.1,3B49
Fatma,Nasri,3.66,0.74,0.85,2.95,2P99
Fethi,Sassi,3.23,1.3,4.53,1.46,5ARCTIC86
Karim,Trabelsi,0.66,0.88,0.57,2.97,1A74
Lina,Ferjani,4.02,3.36,1.31,3.61,5ARCTIC86
Ismail,Turki,1.85,4.44,4.38,3.15,2A27
Hiba,Chaabane,1.97,4.93,4.15,2.35,1A85
Amina,Turki,1.84,4.77,1.0,0.04,2A6
Omar,Fourati,4.92,3.81,0.08,1.11,3A60
Leila,Chouchene,2.99,0.53,3.55,3.91,2A63
Ghassen,Slimani,3.99,0.87,2.86,4.02,2A49
Sofiene,Fourati,4.25,4.72,2.45,2.29,2P30
Sami,Hamdi,2.48,4.72,3.79,2.57,1A39
Asma,Miled,4.3,4.35,1.67,0.14,5SAE33
Wided,Mabrouk,2.72,0.92,1.96,4.78,5SE32
Nizar,Ben Amor,4.4,1.78,1.15,0.97,2A4
Ahmed,Trabelsi,2.49,0.34,2.99,1.95,4SAE18
Hedi,Slimani,2.53,3.38,3.41,3.79,4GAMIX83
Chaima,Jebali,2.73,4.5,2.95,3.51,5IOSYS58
Emna,Ghanouchi,2.56,4.92,1.03,0.68,1A95
Tarek,Guettari,0.24,1.84,4.81,3.14,4GAMIX83
Adel,Ferjani,2.57,4.03,4.6,4.5,4GAMIX39
Manel,Ammar,1.75,2.44,4.59,3.8,2P87
Wafa,Khemiri,1.63,2.25,4.56,2.06,4IOSYS40
Nizar,Slimani,3.78,4.11,2.43,4.56,2A75
Amel,Ammar,1.42,4.11,4.34,3.11,4GAMIX39
Lobna,Gharbi,4.17,0.23,2.09,1.16,3B60
Tarek,Ben Ali,1.52,1.02,4.87,1.54,3A10
Nizar,Zouari,4.6,4.66,2.3,2.08,1A16
Lobna,Zayani,1.27,4.44,3.86,0.3,3A75
Walid,Toumi,3.08,2.73,0.86,4.03,5TWIN2
Wassim,Ferjani,3.75,1.14,4.84,0.9,4ARCTIC27
Nizar,Haddad,0.95,1.46,0.87,4.64,5SIM57
Khalil,Makni,2.74,2.91,0.96,3.41,2A49
Asma,Makni,1.89,1.52,0.93,0.91,4SIM89
Olfa,Cherif,2.9,1.7,0.86,4.3,2P30
Salma,Hamdi,4.68,2.06,3.27,4.76,1A77
Hamza,Ghanouchi,3.92,3.05,3.12,3.74,5INFINI39
Yasmine,Miled,4.75,4.95,2.47,2.1,4SAE18
Dorra,Khemiri,0.66,4.06,0.64,4.51,1A55
Mouna,Nasri,1.43,4.44,2.98,2.18,2P87
Oumaima,Ben Ali,2.22,0.74,4.4,0.36,1A74
Omar,Sassi,4.07,2.65,0.54,4.39,2A63
Ali,Trabelsi,3.15,4.33,2.13,3.6,3B84
Hiba,Ghanouchi,4.26,4.14,1.31,0.05,5INFINI39
Fares,Mansour,1.25,4.14,3.49,4.1,5TWIN27
Walid,Baccouche,3.22,1.06,3.19,4.21,5SE32
Sarra,Chouchene,1.46,0.44,4.32,0.4,3B96
Nadia,Mansour,1.05,2.33,4.01,4.75,3A10
Iheb,Driss,3.24,3.42,1.38,1.01,4GAMIX83
Hiba,Fourati,1.04,1.82,0.42,3.5,1A16
Asma,Haddad,0.81,0.63,0.45,2.49,1A1
Ghassen,Ammar,1.81,0.94,4.56,3.69,4NIDS26
Sonia,Ferjani,2.51,3.93,3.98,3.85,2A4
Ghassen,Baccouche,2.36,0.67,2.25,4.26,1A7
Rania,Kanzari,1.19,0.64,0.37,4.42,3A88
Foued,Karoui,3.7,4.3,0.74,1.01,5ARCTIC60
Eya,Hamdi,2.35,4.59,0.37,1.29,5SAE33
Chokri,Zouari,3.94,4.35,1.14,5.0,2A77
Mourad,Sassi,4.63,3.64,3.09,0.32,1A13
Sabrine,Trabelsi,3.67,2.51,1.38,2.15,1A7
Chaima,Jlassi,4.8,0.42,0.82,1.88,3A70
Karim,Sassi,2.28,1.72,1.85,0.69,2P36
Sami,Mansour,2.14,2.36,3.28,2.79,1A39
Lotfi,Ammar,1.74,3.19,3.07,0.92,1A95
Mouna,Jaziri,0.15,0.29,4.5,3.42,2P21
Leila,Driss,1.09,2.27,2.69,4.82,1A62
Eya,Kanzari,3.38,4.96,4.75,1.9,4SIM62
Zied,Khlifi,1.59,0.8,2.96,0.69,5IOSYS5
Lotfi,Saidi,0.88,2.08,1.03,2.68,2P51
Sami,Lahmar,4.81,2.91,1.68,0.87,3A70
Anis,Kanzari,1.37,2.8,4.32,0.12,2A75
Emna,Chouchene,1.3,1.04,0.68,1.23,3B49
Ahmed,Lahmar,1.87,1.0,3.18,3.77,2A61
Khalil,Maaloul,1.54,1.85,4.09,1.62,5ARCTIC86
Asma,Driss,3.27,0.57,1.8,3.68,5SE100
Wassim,Zayani,2.25,3.54,2.07,2.54,3A66
Zied,Jaziri,1.41,4.33,1.26,2.47,2A75
Hiba,Maaloul,4.49,1.44,2.2,5.0,2A75
Mouna,Fourati,2.01,3.4,0.44,3.43,2A71
Rim,Ammar,0.77,0.93,3.78,3.58,1A18
Asma,Ben Salah,4.23,2.01,4.62,0.9,5INFINI39
Mohamed,Fourati,4.39,4.05,2.97,3.43,1A90
Eya,Fourati,4.54,0.98,0.84,1.16,2A71
Mehdi,Karoui,0.67,4.82,4.13,3.88,4SIM89
Rym,Cherif,1.22,0.75,4.0,3.09,3A96
Zaineb,Trabelsi,1.81,0.81,3.81,3.03,5SAE33
Samira,Driss,4.43,4.69,0.35,4.16,4IOSYS40
Rym,Bouazizi,3.74,2.97,0.84,3.28,3B42
Olfa,Baccouche,0.26,1.89,1.11,1.25,1A33
Mariem,Ferjani,4.63,2.74,3.09,4.56,2A31
Wided,Ghanouchi,4.23,2.34,4.39,3.66,5SAE2
Cyrine,Baccouche,0.72,4.15,0.4,4.7,3B12
Emna,Cherif,4.41,4.62,3.75,3.13,3B11
Aymen,Makni,3.26,0.31,1.89,0.21,2A89
Ahmed,Ben Salah,3.88,1.97,2.26,2.78,3B60
Mehdi,Toumi,1.69,2.58,2.75,1.69,5IOSYS22
Iheb,Abidi,4.53,2.76,3.73,1.44,4NIDS26
Manel,Nasri,0.9,1.57,1.09,4.02,2A75
Lobna,Baccouche,3.34,1.87,4.8,3.21,2A75
Ali,Jlassi,4.14,4.25,3.25,4.59,4NIDS26
Ines,Ayari,4.9,4.44,4.45,3.22,2A63
Fethi,Jaziri,1.05,3.5,1.44,3.69,5SAE2
Mouna,Zouari,2.55,3.34,3.95,1.86,5GAMIX42
Fethi,Kanzari,0.46,2.29,0.27,2.58,5SAE2
Bechir,Maaloul,3.46,3.87,1.31,3.56,1A82
Hichem,Ferjani,4.33,3.65,4.47,0.18,3B4
Emna,Baccouche,2.4,2.7,3.58,3.24,4SAE18
Karim,Gharbi,2.02,1.05,4.75,2.73,4ARCTIC27
Tarek,Chaabane,4.74,4.15,1.33,2.85,3A70
Zaineb,Driss,2.39,0.49,1.65,1.14,2P19
Yasmine,Ben Salah,4.98,1.04,4.06,2.27,5GAMIX57
Haythem,Jlassi,4.77,2.76,3.33,1.76,4GAMIX83
Sonia,Ben Salah,3.04,0.25,3.99,4.37,1A64
Siwar,Kanzari,3.18,3.9,0.3,1.55,5SAE59
Hamza,Mansour,4.63,2.77,4.91,1.19,3B85
Zaineb,Ayari,0.68,0.24,2.0,3.79,5NIDS7
Fatma,Jlassi,0.4,4.84,3.56,2.39,5GAMIX38
Hatem,Toumi,2.92,1.25,4.17,3.28,4ARCTIC87
Ali,Zayani,0.7,4.84,2.7,4.65,5BI77
Sarra,Fourati,0.24,1.88,0.78,0.14,1A74
Salma,Rekik,3.38,1.0,4.03,2.5,5IOSYS22
Hiba,Hamdi,4.73,2.02,1.36,3.65,1A92
Olfa,Zouari,4.75,2.53,2.41,0.11,2A25
Sonia,Zayani,4.13,0.13,4.13,2.17,2A71
Foued,Khlifi,3.89,4.83,3.91,3.72,3B84
Samira,Zouari,2.88,0.42,1.72,3.45,3A96
Amel,Maaloul,3.73,0.94,2.47,3.18,1A39
Iheb,Trabelsi,4.54,2.31,2.86,4.67,2A73
Asma,Lahmar,0.64,4.93,0.31,4.59,3A60
Hatem,Baccouche,2.78,0.98,1.66,2.55,4NIDS26
Rym,Ghanouchi,4.33,3.39,2.78,4.8,3A75
Salma,Guettari,0.7,0.47,2.25,1.69,2A6
Hatem,Ben Ali,3.5,4.0,1.86,1.67,2A4
Ali,Ayari,3.2,4.43,2.75,2.12,2P99
Mohamed,Ben Salah,0.66,0.68,4.52,2.92,3B42
Walid,Cherif,2.74,3.89,2.67,4.1,1A43
Meriem,Belkhir,2.37,1.54,3.69,3.0,2P19
Adel,Jlassi,3.79,0.04,2.69,3.05,5TWIN27
Fethi,Mabrouk,2.84,3.96,3.8,2.71,5TWIN27
Nour,Hamdi,4.76,4.63,1.8,0.13,3B11
Wafa,Khlifi,1.66,0.88,0.77,2.31,1A33
Chokri,Baccouche,2.36,3.99,2.07,4.37,1A23
Walid,Mansour,1.21,0.34,3.6,2.35,3A97
Rym,Ben Ali,4.89,4.57,0.76,0.61,3A96
Rania,Zayani,0.1,3.9,3.81,1.84,5IOSYS22
Amel,Rekik,2.57,4.15,4.65,4.41,3A19
Amine,Kanzari,1.24,2.19,1.07,4.85,1A85
Anis,Miled,1.95,2.16,4.13,2.67,3B11
Amina,Abidi,0.08,3.35,3.04,1.9,2A75
Nizar,Khlifi,2.65,2.36,4.39,4.05,1A13
Meriem,Toumi,2.65,2.14,4.49,4.05,5IOSYS5
Ahmed,Khemiri,2.27,3.94,0.83,4.93,3B23
Siwar,Cherif,4.8,2.3,2.44,3.29,3B93
Wassim,Ayari,3.39,4.58,0.74,3.85,5ARCTIC86
Fares,Ghanouchi,0.95,1.91,3.33,3.87,5SIM57
Zaineb,Jebali,2.08,3.11,0.39,0.77,5SAE33
Lina,Jaziri,2.04,0.93,1.2,1.91,1A13
Khadija,Hamdi,4.92,1.83,4.05,2.02,1A23
Ghassen,Maaloul,2.21,1.59,2.23,0.66,5NIDS35
Sami,Trabelsi,4.93,2.39,4.78,0.92,5GAMIX38
Ismail,Chebbi,2.59,1.45,2.02,4.46,2P30
Chaima,Maaloul,3.19,4.66,0.79,2.91,1A23
Emna,Ferjani,4.01,4.0,3.78,2.12,3B4
Sonia,Chebbi,3.64,1.09,4.99,0.8,5IOSYS58
Salma,Ben Ali,2.57,2.59,3.24,4.89,1A48
Khalil,Saidi,0.14,3.74,0.52,2.03,3A10
Mehdi,Ghanouchi,2.42,2.81,4.98,0.52,3B11
Khadija,Lahmar,0.66,3.4,1.27,2.11,3A60
Bechir,Zouari,3.97,1.92,3.27,0.58,4SAE18
Emna,Jaziri,2.39,0.88,4.54,4.4,2A73
Aymen,Zayani,0.02,4.9,3.47,2.94,3B84
Khadija,Gharbi,2.48,2.78,1.14,0.9,2A49
Fatma,Slimani,4.47,3.48,3.52,0.34,3A55
Chaima,Nasri,4.75,0.52,3.6,1.39,2P99
Hatem,Trabelsi,1.76,3.87,3.47,3.83,5TWIN27
Oumaima,Abidi,1.26,1.17,0.24,0.68,2A75
Hiba,Ayari,4.69,1.29,0.82,0.41,2A63
Rami,Abidi,2.71,1.2,4.42,4.08,5SLEAM43
Mariem,Ben Ali,4.65,3.9,2.64,4.64,2A31
Nadia,Maaloul,1.03,4.92,2.2,0.8,2P87
Yasmine,Zayani,0.55,0.16,4.22,0.65,3A97
Tarek,Ghanouchi,4.54,1.05,1.99,0.63,4GAMIX83
Haythem,Saidi,2.26,1.43,1.86,0.61,2A63
Zied,Jebali,1.64,4.11,4.98,4.73,5ARCTIC86
Youssef,Miled,0.59,4.62,2.56,2.34,5SAE33
Walid,Miled,2.87,4.77,3.76,4.43,1A1
Fares,Baccouche,2.28,1.53,4.49,0.61,5IOSYS7
Hamza,Jaziri,3.6,2.59,3.67,4.98,4BI6
Asma,Ferjani,1.31,0.19,2.07,1.24,2A27
Sabrine,Jaziri,1.08,3.72,0.67,1.59,4BI6
Hend,Cherif,2.07,2.35,3.7,0.75,4IOSYS40
Mohamed,Trabelsi,3.5,4.28,1.86,4.33,1A85
Lina,Cherif,4.57,3.8,4.12,1.0,3A75
Oussama,Jlassi,4.83,1.98,2.8,0.88,4SAE18
Hend,Miled,3.19,3.05,0.13,3.6,5SAE33
Oussama,Toumi,0.11,4.51,2.16,1.47,3B93
Haythem,Haddad,1.92,3.88,2.72,2.1,5SE32
Rania,Toumi,0.3,1.14,3.71,2.72,5SIM57
Hamza,Ferjani,1.22,3.05,3.69,0.42,5SAE33
Wafa,Kanzari,0.05,3.08,2.32,0.36,5TWIN27
Lobna,Jlassi,1.47,0.59,4.12,4.42,1A85
Emna,Rekik,0.07,3.42,4.35,1.61,1A64
Sofiene,Chouchene,2.12,2.14,0.16,2.82,1A16
Yasmine,Toumi,4.37,4.96,2.36,1.43,4ARCTIC87
Hiba,Makni,2.97,2.27,1.47,1.34,1A48
Fares,Driss,2.37,0.96,3.54,4.86,4GAMIX39
Walid,Fourati,1.93,2.23,0.76,0.77,2P51
Leila,Ferjani,1.19,2.94,2.0,4.59,4BI6
Manel,Khemiri,2.89,3.21,0.63,1.38,2A75
Iheb,Nasri,2.55,0.53,1.47,2.67,1A1
Mourad,Jaziri,3.14,0.61,3.66,2.9,4SAE18
Olfa,Jaziri,0.47,2.48,3.23,3.44,3B85
Rim,Cherif,2.2,1.37,2.4,0.77,4SAE18
Haythem,Jebali,3.3,0.8,2.35,0.75,2P21
Wassim,Chouchene,4.57,0.67,1.19,4.54,2A89
Aymen,Miled,2.85,3.52,0.58,2.1,3B49
Sarra,Hamdi,4.1,1.18,2.33,2.13,2P82
Dorra,Rekik,1.05,3.19,1.75,3.19,5SLEAM19
Bilel,Ferjani,0.27,0.55,2.1,4.72,1A16
Rami,Fourati,4.75,1.8,1.41,3.39,2A89
Ghada,Saidi,3.9,2.83,0.35,4.96,4NIDS26
Bechir,Slimani,4.3,3.06,4.22,3.16,2A35
Khalil,Chebbi,3.69,2.56,1.01,1.8,2P30
Rim,Bouazizi,0.55,0.59,0.76,4.07,4SIM89
Ghada,Driss,2.76,4.2,4.78,2.64,3A97
Emna,Mansour,0.49,4.74,4.21,1.78,3A55
Aymen,Karoui,3.73,2.37,4.62,2.3,3A82
Wided,Jaziri,2.49,2.62,4.21,2.44,2P51
Hela,Cherif,4.79,1.28,3.04,4.95,1A39
Omar,Saidi,0.53,3.38,4.0,1.73,3B81
Khalil,Rekik,3.88,3.98,0.6,2.53,3A96
Haythem,Ben Amor,1.39,1.66,4.39,2.4,2P21
Amina,Toumi,1.05,2.65,1.92,2.85,2A77
Nizar,Baccouche,0.49,1.75,1.34,0.31,1A55
Siwar,Chouchene,3.15,2.09,3.57,2.01,1A95
Ghada,Gharbi,4.55,2.66,2.89,0.56,3B60
Eya,Maaloul,2.0,2.54,3.01,1.68,2P19
Ghada,Makni,3.89,2.2,0.42,3.67,1A39
Mourad,Guettari,1.77,3.92,2.32,2.04,5BI77
Hedi,Ben Salah,3.49,3.86,2.61,4.98,5SIM57
Ines,Mabrouk,1.68,0.17,4.02,4.52,1A82
Emna,Ben Amor,1.91,2.52,4.3,1.47,2P30
Lotfi,Slimani,2.21,4.01,3.54,2.93,3A97
Emna,Turki,4.37,4.24,2.55,0.38,3A69
Bilel,Makni,4.55,3.75,4.99,3.15,3A10
Bechir,Turki,3.7,4.05,4.24,4.48,3B84
Rym,Chaabane,1.98,2.37,0.86,0.66,3A97
Mourad,Mabrouk,4.4,2.81,3.53,2.6,3B67
Walid,Ayari,0.16,4.37,2.34,0.95,5TWIN27
Fares,Kanzari,3.48,3.98,2.47,4.34,3B84
Youssef,Ghanouchi,1.53,3.42,1.23,1.7,1A1
Wided,Haddad,0.78,4.66,1.96,0.73,5NIDS35
Nadia,Turki,2.64,0.46,0.91,2.07,2A77
Amina,Zayani,0.03,3.15,0.72,4.37,1A39
Yasmine,Ben Ali,0.36,4.67,4.28,1.89,2A61
Hedi,Sassi,4.59,0.42,3.76,0.54,2P51
Nabil,Hamdi,0.96,4.24,2.52,0.32,2A73
Amel,Zouari,1.93,4.24,4.72,4.11,5ARCTIC86
Khadija,Saidi,0.06,1.44,4.44,2.21,2A75
Emna,Jlassi,0.19,1.48,1.88,2.61,1A95
Siwar,Guettari,0.61,2.93,4.18,0.31,5GAMIX42
Leila,Chaabane,3.51,4.88,0.28,1.68,5ARCTIC86
Eya,Lahmar,2.59,3.81,3.66,3.66,1A64
Ali,Mabrouk,1.14,1.18,3.1,4.13,4IOSYS40
Chokri,Nasri,2.31,3.95,1.27,4.69,5NIDS7
Sofiene,Saidi,4.19,2.28,2.64,4.18,2A75
Hatem,Sassi,2.22,1.44,0.73,4.85,1A62
Amina,Ghanouchi,3.35,3.04,1.91,0.93,3A97
Lina,Bouazizi,0.47,1.41,1.3,4.55,2P19
Rania,Miled,1.6,1.04,0.62,4.93,1A23
Rym,Ammar,0.71,4.85,0.95,4.74,5GAMIX38
Ahmed,Gharbi,2.44,3.86,4.47,2.46,2A63
Siwar,Ghanouchi,1.29,0.37,1.7,1.58,5NIDS35
Khalil,Ben Amor,2.19,4.57,1.66,3.34,3A88
Hela,Abidi,1.52,3.53,1.08,2.11,4ARCTIC87
Khalil,Sassi,4.37,4.8,2.45,3.55,3A60
Mehdi,Gharbi,0.61,4.82,2.61,2.88,1A77
Wassim,Khemiri,3.63,4.13,3.64,4.93,5SIM56
Wided,Kanzari,4.95,2.41,1.61,2.77,3A97
Khadija,Zayani,3.66,2.29,4.27,4.61,1A82
Sonia,Rekik,2.26,3.15,3.59,3.17,5SAE2
Samira,Trabelsi,3.99,4.62,4.73,1.43,4GAMIX83
Amine,Toumi,1.62,4.23,1.45,3.56,3B67
Ghada,Rekik,3.67,1.92,4.61,0.66,5SAE59
Zied,Chouchene,2.21,0.03,1.06,0.29,4SIM62
Nizar,Jaziri,2.44,1.93,0.82,0.51,2A35
Hedi,Ammar,2.44,3.47,2.61,2.51,5SE32
Hedi,Khlifi,3.15,0.33,0.46,3.56,5SE99
Hiba,Miled,0.93,3.56,0.05,0.36,1A43
Ahmed,Rekik,4.06,1.28,1.55,1.7,4ARCTIC87
Yasmine,Belkhir,0.78,0.2,1.46,3.27,3A97
Walid,Kanzari,0.31,2.09,4.83,1.13,1A55
Hend,Zouari,3.95,3.83,4.45,0.92,1A13
Hatem,Mabrouk,1.65,2.56,0.18,1.49,1A23
Ines,Toumi,4.57,1.05,0.54,1.14,2A73
Ines,Mejri,2.8,1.04,2.18,2.42,2P99
Foued,Mejri,0.52,0.34,2.75,4.23,1A85
Bechir,Ayari,1.56,3.56,4.15,0.9,3A82
Hatem,Cherif,0.09,2.69,3.99,1.76,1A18
Ali,Miled,1.22,3.48,4.0,1.27,2A32
Mourad,Karoui,3.87,3.29,0.23,4.35,2P30
Fares,Jaziri,4.4,1.99,4.23,3.96,4ARCTIC27
Aymen,Ben Salah,2.89,4.45,3.57,2.09,1A95
Dorra,Haddad,1.12,1.13,1.95,0.22,3B11
Zied,Khemiri,0.61,1.5,3.29,2.33,5SLEAM43
Rami,Ben Amor,2.53,3.15,0.54,3.07,1A39
Emna,Zouari,0.85,4.02,3.45,0.56,2A35
Lotfi,Sassi,2.84,4.55,0.91,3.44,4ARCTIC87
Amel,Ghanouchi,0.3,3.11,4.67,0.06,5GAMIX38
Rym,Jebali,0.89,3.68,0.73,4.27,3B11
Meriem,Chouchene,3.23,4.57,4.3,4.87,2P30
Khadija,Mansour,1.93,4.94,4.28,1.05,2A49
Anis,Nasri,3.83,1.69,0.91,1.81,1A16
Cyrine,Jlassi,3.49,0.72,1.33,1.25,3B85
Hichem,Haddad,2.89,1.37,3.29,2.53,2A98
Hatem,Zouari,0.25,1.63,1.81,1.01,4IOSYS40
Youssef,Ammar,2.49,4.88,1.36,2.77,1A13
Mohamed,Haddad,1.54,3.96,3.17,1.54,4SAE18
Chokri,Guettari,2.09,1.4,4.06,3.51,2P51
Oussama,Ammar,4.52,2.19,1.61,4.36,2A25
Adel,Hamdi,2.21,0.77,0.75,2.73,3A97
Wassim,Miled,1.14,2.63,0.38,3.26,1A13
Amine,Saidi,2.99,3.63,0.35,3.58,3A66
Khalil,Chaabane,0.22,0.59,1.1,3.03,3A66
Hichem,Driss,2.46,4.68,0.38,4.68,5ARCTIC60
Amel,Haddad,3.6,3.79,2.58,0.66,3A75
Wafa,Jebali,3.65,2.62,1.64,4.04,2A77
Hamza,Jebali,4.34,0.58,1.75,3.06,2A35
Mourad,Ben Ali,4.24,4.33,3.51,2.43,2A25
Fares,Rekik,2.69,0.05,2.1,0.25,4SIM62
Siwar,Chebbi,3.96,3.88,4.57,3.23,4IOSYS40
Adel,Zouari,2.4,1.11,1.27,2.1,1A7
Ali,Ben Amor,4.5,0.79,2.32,3.11,1A85
Salma,Driss,1.2,0.46,3.01,4.5,3B96
Oumaima,Saidi,2.17,2.45,3.22,2.21,3B11
Wassim,Ammar,0.51,1.24,3.77,2.77,3A96
Oumaima,Makni,4.58,1.77,0.16,3.48,5GAMIX79
Wafa,Zayani,0.06,3.75,3.71,1.75,1A82
Youssef,Trabelsi,3.38,0.64,1.37,0.35,2A63
Manel,Chouchene,0.35,2.64,1.41,4.5,4SAE18
Lobna,Ben Ali,1.34,3.74,4.65,1.03,4SIM89
Oumaima,Fourati,2.67,0.42,2.76,0.88,3A73
Asma,Ben Amor,2.52,3.46,3.04,3.25,2A31
Sonia,Trabelsi,2.71,4.11,1.02,0.15,4TWIN23
Mouna,Driss,1.33,4.13,4.38,0.52,3B85
Oussama,Maaloul,4.77,1.68,0.31,4.04,1A82
Tarek,Mansour,3.35,0.83,1.01,3.99,2A49
Khadija,Toumi,1.19,3.42,0.45,1.95,2P30
Amine,Maaloul,1.97,0.02,1.17,4.53,2A77
Khadija,Miled,3.16,0.99,3.24,3.35,5GAMIX57
Hend,Khemiri,2.46,2.74,4.6,3.95,3B23
Rim,Ghanouchi,3.83,4.44,3.56,0.14,5SAE2
Foued,Ayari,3.02,2.88,2.62,4.42,5IOSYS58
Foued,Rekik,2.42,3.43,4.36,3.26,3A70
Omar,Slimani,3.18,4.76,0.63,4.48,3A66
Khadija,Khlifi,3.49,0.12,1.36,4.17,4IOSYS40
Nabil,Rekik,1.59,1.54,2.85,3.48,3B93
Foued,Abidi,1.47,1.61,3.03,2.08,1A64
Ghada,Maaloul,2.89,2.18,4.52,3.04,5SAE2
Mariem,Zouari,1.27,1.75,4.62,4.16,1A23
Karim,Turki,1.69,1.26,2.96,1.33,3A97
Tarek,Driss,0.98,1.69,1.49,3.3,5GAMIX57
Amine,Bouazizi,0.69,0.62,0.44,3.77,2A27
Sofiene,Ferjani,1.38,0.22,0.31,1.33,4SAE18
Bechir,Gharbi,0.37,4.96,2.05,1.36,3B93
Oussama,Gharbi,2.33,0.26,1.86,3.49,3A10
Olfa,Ferjani,4.34,3.86,2.94,0.1,1A33
Adel,Driss,4.49,4.79,4.31,4.52,5SLEAM19
Anis,Lahmar,2.12,4.37,1.94,3.8,5IOSYS7
Mouna,Chebbi,1.32,0.81,0.43,3.9,3A60
Ahmed,Hamdi,1.41,4.46,3.41,0.65,5GAMIX38
Rami,Guettari,4.44,0.02,3.04,3.14,2P30
Leila,Baccouche,1.29,4.11,2.43,3.39,2A32
Lina,Belkhir,4.55,4.93,1.06,1.79,3B93
Amel,Bouazizi,0.11,3.17,4.13,3.67,3B60
Oumaima,Mejri,3.84,4.43,3.17,2.41,3B49
Siwar,Chaabane,0.91,0.42,3.57,1.34,1A39
Samira,Zayani,4.14,0.36,3.3,1.52,3B81
Zaineb,Jaziri,2.05,0.59,1.35,4.77,4NIDS26
Mariem,Kanzari,3.58,2.95,0.93,0.4,1A23
Mariem,Mansour,1.55,3.96,3.37,0.33,5SAE2
Mehdi,Saidi,3.65,4.84,4.37,1.37,1A64
Bilel,Cherif,2.99,2.9,0.57,0.74,3B67
Amina,Ferjani,2.43,4.63,1.53,3.25,1A85
Foued,Slimani,2.86,4.06,3.49,4.88,5NIDS35
Fatma,Mabrouk,4.87,0.15,1.4,4.07,2A77
Fethi,Ben Amor,4.73,0.85,2.66,4.72,2A99
Omar,Guettari,2.99,0.51,2.32,4.58,5SE32
Nadia,Driss,1.55,2.5,2.01,0.83,3A19
Siwar,Makni,1.6,3.75,1.81,3.26,2P87
Ines,Driss,0.65,1.66,1.05,4.0,3B67
Wided,Bouazizi,4.17,4.25,3.54,4.82,3A60
Khadija,Trabelsi,1.22,0.35,2.71,3.12,1A77
Foued,Khemiri,1.83,0.19,0.67,4.92,2A61
Haythem,Kanzari,0.25,3.94,1.58,1.0,3A55
Rania,Rekik,1.17,2.8,1.98,0.74,4GAMIX39
Hatem,Driss,1.56,0.55,2.04,0.6,1A13
Yasmine,Driss,0.97,3.18,4.95,1.53,1A18
Wafa,Belkhir,2.72,1.65,0.49,1.01,3B67
Walid,Ammar,3.71,2.83,2.29,4.96,5SAE33
Mouna,Baccouche,2.79,2.07,1.19,1.2,2A31
Khalil,Nasri,4.19,4.88,3.48,1.38,3A66
Mehdi,Haddad,3.68,1.9,0.05,4.36,5IOSYS7
Eya,Belkhir,1.97,4.16,0.38,3.68,2A35
Skander,Chaabane,0.78,4.09,3.23,4.97,2P30
Fares,Mejri,0.89,1.79,2.39,2.79,2A35
Aymen,Chaabane,1.24,0.63,4.47,4.21,2P30
Nadia,Belkhir,2.04,3.44,4.17,0.38,1A85
Manel,Turki,2.71,4.26,4.56,0.1,5ARCTIC60
Sarra,Mejri,4.51,1.87,3.4,2.31,1A90
Ghada,Mansour,1.22,1.45,0.66,3.75,2A75
Chaima,Miled,1.49,2.45,4.56,0.63,5BI77
Walid,Belkhir,1.42,2.04,2.39,3.88,5SAE33
Yasmine,Chebbi,3.19,0.63,1.65,0.92,5SLEAM43
Rami,Chebbi,4.27,2.28,4.4,2.95,5SAE59
Omar,Driss,2.88,2.82,4.47,3.2,1A23
Fatma,Haddad,3.39,0.36,0.1,4.4,2A75
Khadija,Ayari,4.95,3.87,3.8,2.85,1A74
Rym,Zayani,3.61,3.41,3.99,1.27,1A1
Hatem,Khemiri,1.76,0.72,2.5,4.71,1A39
Lina,Khlifi,3.06,3.17,3.61,4.92,3B81
Leila,Jebali,3.29,3.4,3.7,2.9,3A70
Fethi,Zayani,0.59,4.42,4.77,2.69,2A25
Meriem,Mansour,3.11,0.97,2.29,3.62,4ARCTIC27
Hichem,Nasri,2.91,0.78,0.83,3.61,1A95
Ines,Ghanouchi,3.09,4.07,0.54,1.27,4GAMIX83
Chokri,Haddad,0.66,1.9,3.39,1.21,3A88
Chaima,Guettari,2.38,4.33,3.4,4.24,5SLEAM19
Wassim,Belkhir,0.76,4.75,1.87,0.22,5TWIN27
Mouna,Ghanouchi,3.98,0.89,1.7,4.34,3B23
Rim,Miled,3.03,2.66,1.85,1.07,1A13
Mehdi,Jlassi,2.88,1.51,1.64,0.93,3A70
Oumaima,Ayari,4.77,2.46,1.8,3.58,3A69
Khalil,Khemiri,2.64,2.33,3.68,3.12,1A23
Olfa,Guettari,2.44,0.02,1.98,2.89,1A1
Ghada,Mejri,0.49,0.59,2.41,2.85,1A10
Foued,Makni,2.58,1.73,2.98,0.55,4SAE18
Khadija,Ben Amor,0.59,1.38,4.33,3.72,3B12
Leila,Gharbi,1.01,1.65,1.69,2.37,1A23
Hela,Chaabane,4.34,2.64,3.37,1.93,3A66
Dorra,Lahmar,0.66,0.28,4.93,0.4,2A6
Lotfi,Chouchene,0.35,4.27,4.3,2.86,2A4
Hiba,Nasri,0.09,0.3,4.18,3.28,1A10
Eya,Ben Ali,2.78,3.98,2.35,0.77,5BI77
Sofiene,Ghanouchi,2.26,1.64,0.53,4.82,3B84
Lotfi,Chebbi,4.6,3.31,0.99,1.81,5TWIN79
Sofiene,Mejri,0.73,3.03,3.78,0.42,5TWIN79
Bilel,Jebali,4.77,1.28,0.8,2.23,4ARCTIC27
Nizar,Driss,4.25,4.66,2.28,4.42,2A58
Marwen,Karoui,1.31,2.95,2.27,0.69,3A82
Adel,Ghanouchi,3.59,4.04,4.74,1.54,3B23
Dorra,Ben Amor,0.38,2.47,2.09,2.44,3B96
Mehdi,Chaabane,0.25,1.92,4.79,2.42,3B23
Amina,Mabrouk,1.08,0.6,4.69,0.44,3A88
Foued,Fourati,3.7,2.05,2.86,1.87,1A80
Rami,Zayani,2.94,0.93,4.31,2.12,2A32
Yasmine,Lahmar,1.7,4.89,2.73,0.86,5ARCTIC60
Meriem,Jebali,2.88,0.3,1.39,0.15,3B60
Sonia,Ben Amor,3.17,2.48,1.69,4.55,2P30
Hela,Khemiri,3.71,4.44,4.1,4.69,1A39
Anis,Ben Salah,4.39,4.56,0.94,2.77,5ARCTIC60
Hedi,Chouchene,2.2,2.15,3.15,1.53,5SE99
Youssef,Sassi,1.9,4.0,1.32,4.35,5SIM56
Ahmed,Haddad,2.78,2.91,1.52,2.84,1A48
Cyrine,Slimani,3.11,0.21,2.29,1.54,2A63
Anis,Maaloul,4.47,3.28,3.08,0.17,5SLEAM43
Fatma,Gharbi,2.08,2.74,1.46,3.62,2A27
Sonia,Toumi,3.86,3.6,0.65,3.01,1A55
Wided,Mansour,2.08,1.56,1.35,2.91,2P36
Wafa,Zouari,4.07,4.1,4.14,1.25,5SIM57
Farah,Zayani,2.08,1.72,3.39,0.84,5GAMIX79
Wided,Zouari,1.56,0.76,4.33,1.94,3B23
Ghassen,Ben Salah,4.41,4.64,2.72,4.85,5IOSYS7
Amine,Chouchene,4.66,4.82,3.48,0.96,5SE100
Sonia,Maaloul,0.23,0.92,1.03,1.14,5GAMIX42
Skander,Ben Ali,4.24,4.51,0.66,4.51,5ARCTIC86
Manel,Chebbi,4.25,1.27,0.41,2.83,2A89
Oussama,Ben Ali,1.46,3.07,3.41,0.28,1A18
Marwen,Hamdi,0.28,1.24,4.88,2.88,3A96
Dorra,Bouazizi,4.6,3.7,4.5,1.89,5SE32
Ines,Khemiri,0.8,4.44,2.02,3.26,1A13
Chokri,Turki,3.66,1.96,0.28,1.13,1A64
Ghada,Khlifi,3.24,0.15,1.28,4.29,5BI77
Wassim,Mejri,0.94,2.5,1.76,0.46,1A16
Chaima,Mabrouk,0.28,0.91,0.39,3.48,1A13
Hedi,Makni,1.12,3.72,1.96,4.94,5IOSYS22
Asma,Ammar,1.51,1.72,3.28,4.6,2P19
Haythem,Toumi,3.56,4.27,1.99,2.22,3B23
Manel,Khlifi,3.6,1.67,0.2,1.22,5SE32
Olfa,Trabelsi,2.18,0.25,0.77,0.91,2A49
Ismail,Zouari,1.73,2.6,3.53,0.1,2A6
Khadija,Jaziri,1.65,4.16,3.82,2.47,3B85
Mourad,Driss,1.01,2.13,3.97,0.65,2A98
Karim,Ferjani,1.33,4.25,3.26,0.75,5SE99
Mehdi,Jebali,4.84,4.8,4.91,1.34,3B67
Lobna,Toumi,4.74,0.76,0.5,2.91,4GAMIX39
Ines,Zouari,0.01,0.23,3.48,0.66,3B11
Amina,Mansour,0.67,3.93,0.62,4.2,2A49
Ali,Karoui,0.18,0.47,0.64,3.97,4GAMIX39
Farah,Toumi,0.28,0.26,1.7,1.68,4NIDS26
Ines,Maaloul,2.64,0.61,3.09,1.32,1A95
Zaineb,Zouari,4.51,2.06,1.8,1.55,5NIDS35
Nadia,Slimani,3.9,0.14,1.95,4.46,5IOSYS22
Sarra,Nasri,0.35,4.01,2.43,0.22,1A48
Sonia,Jlassi,1.11,1.06,3.0,4.29,2A6
Zaineb,Chaabane,3.41,1.22,4.15,0.9,5TWIN79
Aymen,Sassi,3.6,2.5,4.72,0.75,4ARCTIC87
Nadia,Nasri,4.95,4.17,4.75,0.49,5INFINI39
Hedi,Mejri,0.27,0.42,4.95,2.4,5SE32
Cyrine,Saidi,3.33,0.85,4.84,1.31,1A16
Salma,Ghanouchi,0.22,1.46,1.45,2.62,1A55
Rania,Jebali,3.89,2.58,3.46,0.75,1A74
Meriem,Gharbi,0.33,4.28,0.45,4.66,5SIM56
Samira,Bouazizi,2.79,3.17,0.17,1.2,5BI77
Hamza,Chaabane,0.3,3.26,2.58,3.28,3B49
Salma,Mejri,0.71,3.35,1.35,1.75,1A33
Lobna,Miled,1.17,0.88,4.61,3.55,1A62
Marwen,Abidi,0.0,3.86,1.56,4.58,4SIM89
Salma,Saidi,0.1,0.43,0.52,0.03,3A10
Mehdi,Ammar,4.4,4.05,0.06,4.27,3A55
Rim,Nasri,0.2,3.4,3.96,2.56,2A98
Yasmine,Sassi,4.94,0.76,4.49,3.09,3B67
Asma,Bouazizi,0.07,0.09,3.78,3.98,2A99
Nizar,Trabelsi,4.4,2.09,4.89,3.54,4SIM89
Lobna,Ghanouchi,2.32,0.17,2.64,2.2,4SIM62
Chokri,Makni,3.24,2.23,0.13,0.16,2A63
Meriem,Bouazizi,1.24,0.39,0.04,1.28,5SAE59
Rami,Ghanouchi,3.22,3.31,4.94,3.77,5SAE2
Eya,Gharbi,4.26,0.91,1.29,4.41,4GAMIX39
Zied,Zayani,4.8,0.42,1.47,0.59,1A77
Ghada,Mabrouk,4.98,1.55,4.88,4.87,1A7
Walid,Saidi,4.24,1.59,0.59,1.52,2A35
Ali,Bouazizi,1.08,2.56,0.06,3.65,4GAMIX39
Amine,Belkhir,2.34,0.88,3.81,1.63,2P36
Zied,Ferjani,1.0,3.38,3.03,0.85,2A32
Hamza,Rekik,1.85,2.91,0.87,2.99,1A85
Olfa,Abidi,3.37,4.34,1.78,1.41,1A62
Siwar,Jlassi,3.56,4.57,0.3,3.57,3A88
Nadia,Karoui,1.09,3.3,0.32,2.47,1A48
Iheb,Miled,4.23,0.33,0.88,3.85,1A80
Hamza,Fourati,2.02,4.28,3.79,2.65,1A85
Bilel,Jlassi,1.05,1.39,4.75,1.8,3B60
Lotfi,Toumi,0.29,3.47,3.83,0.23,5GAMIX42
Manel,Cherif,2.49,4.97,3.01,1.57,1A95
Rim,Makni,4.84,1.03,1.08,4.1,1A82
Lobna,Chebbi,0.39,1.56,3.02,3.29,5SE100
Lina,Chaabane,4.29,0.29,3.12,4.41,4SIM89
Hatem,Jlassi,1.96,4.6,2.56,3.33,1A33
Meriem,Ammar,2.96,4.8,1.34,1.77,4GAMIX39
Ismail,Driss,2.05,2.81,1.71,0.13,3B96
Meriem,Maaloul,3.57,2.26,0.1,2.67,3A55
Skander,Haddad,1.92,4.42,2.69,2.68,5SAE59
Chaima,Ben Ali,2.07,0.92,1.99,3.88,3A55
Wassim,Rekik,2.66,2.67,2.67,3.13,5ARCTIC86
Amine,Ben Amor,4.44,3.14,2.79,0.9,2A49
Amine,Sassi,1.12,3.58,0.76,2.5,3B12
Fatma,Trabelsi,1.31,1.66,4.31,0.92,2A71
Sami,Haddad,0.22,2.13,0.78,4.33,1A77
Oumaima,Slimani,1.87,2.09,3.56,2.21,5IOSYS22
Wided,Hamdi,3.2,4.15,3.95,0.87,1A10
Wided,Ayari,2.09,1.87,1.19,3.76,3A73
Zaineb,Sassi,0.75,3.78,2.28,3.75,2A73
Rim,Belkhir,0.81,1.68,4.71,2.87,5SIM56
Mariem,Chouchene,1.82,2.27,1.1,2.6,2A31
Aymen,Kanzari,3.15,4.9,3.31,3.51,3B84
Hend,Ghanouchi,1.0,3.87,4.47,1.42,3B93
Leila,Khlifi,0.32,4.54,2.6,1.29,3B67
Ahmed,Sassi,4.49,4.09,2.94,4.15,1A39
Hend,Rekik,2.09,3.07,3.09,2.99,5SLEAM43
Mourad,Jlassi,2.64,0.99,3.31,3.39,5SE32
Nour,Gharbi,1.0,4.62,4.96,4.58,3B49
Youssef,Belkhir,1.1,0.3,4.43,2.03,2A4
Hiba,Haddad,3.37,3.8,2.04,3.43,3A88
Adel,Khemiri,1.67,4.68,2.6,1.19,5TWIN27
Olfa,Zayani,4.32,2.87,1.58,4.8,2A27
Chaima,Mejri,3.71,1.58,2.1,2.69,1A13
Cyrine,Mabrouk,2.24,1.21,2.3,4.9,5IOSYS22
Salma,Lahmar,4.23,1.65,3.31,4.34,2A63
Haythem,Ben Salah,4.56,1.66,1.75,4.43,1A13
Marwen,Zayani,3.26,0.77,0.47,1.72,5SLEAM43
Ghada,Ayari,2.81,4.0,0.45,3.12,3A19
Samira,Mabrouk,2.04,3.47,1.02,4.57,5GAMIX79
Asma,Belkhir,4.07,0.16,3.52,3.73,3B96
Mohamed,Slimani,3.6,0.85,1.58,1.63,4SAE18
Wafa,Makni,3.07,1.27,3.49,4.81,3A55
Nizar,Kanzari,4.75,1.5,2.98,2.07,2P51
Zaineb,Ben Amor,3.84,4.36,0.62,0.37,2P30
Ghassen,Zouari,4.5,3.58,4.63,2.62,2A6
Nabil,Toumi,0.67,4.39,1.5,2.94,3B81
Amel,Karoui,4.62,4.33,1.14,2.54,2A58
Ismail,Chouchene,2.5,3.31,3.93,3.59,1A74
Emna,Fourati,4.3,3.29,4.34,0.52,3B60
Ali,Chaabane,4.94,1.05,1.62,4.06,3B85
Manel,Hamdi,0.44,3.37,1.78,0.96,2A27
Hamza,Lahmar,4.07,2.7,4.27,1.76,4SAE18
Karim,Makni,1.36,2.99,0.71,3.12,4NIDS26
Adel,Rekik,4.45,4.14,2.17,2.8,1A80
Skander,Driss,0.56,3.26,1.84,3.63,3A97
Sabrine,Ben Amor,4.37,4.4,4.77,3.19,1A82
Olfa,Ammar,2.44,1.21,2.46,0.07,4BI6
Leila,Saidi,0.78,3.72,4.85,2.8,2A77
Rania,Abidi,2.96,1.84,4.06,0.9,1A90
Hatem,Chaabane,1.73,2.18,1.25,4.38,4ARCTIC27
Mehdi,Ben Salah,1.22,1.68,1.61,1.77,4IOSYS40
Foued,Gharbi,1.44,1.13,3.08,1.11,2P21
Fatma,Cherif,1.78,2.41,1.46,4.18,1A82
Mehdi,Makni,4.82,0.27,0.09,4.88,1A23
Ghassen,Ferjani,1.04,1.2,0.78,1.75,2A25
Aymen,Jebali,3.48,3.32,4.01,1.6,2A32
Hela,Rekik,2.92,2.0,3.89,0.3,2P21
Haythem,Fourati,3.38,3.93,1.1,3.76,1A10
Bechir,Chaabane,0.44,3.4,3.49,0.34,1A16
Fethi,Chebbi,1.79,4.23,2.65,1.37,2P19
Hichem,Gharbi,3.88,4.58,1.14,2.34,3B67
Olfa,Belkhir,2.13,3.78,2.52,4.43,1A55
Marwen,Kanzari,0.35,2.41,3.81,2.41,3B81
Khadija,Chebbi,2.1,3.81,0.7,4.47,3B67
Chaima,Sassi,0.01,3.09,2.62,3.34,5SIM57
Olfa,Ben Salah,1.68,2.32,3.36,2.77,3B84
Hela,Slimani,0.35,0.57,3.61,1.0,2A71
Youssef,Bouazizi,1.5,2.07,1.43,1.3,3B67
Anis,Slimani,2.03,0.58,3.24,1.84,1A82
Rym,Karoui,1.38,4.74,4.73,4.44,2P51
Oussama,Zouari,2.76,1.96,0.29,4.67,5ARCTIC86
Yasmine,Gharbi,0.09,3.35,1.91,2.94,1A43
Amina,Jebali,0.87,4.23,3.77,2.04,2P21
Lobna,Abidi,1.62,1.08,3.2,4.29,5IOSYS5
Nabil,Saidi,3.87,3.7,4.46,2.01,2A31
Fares,Cherif,4.89,4.97,1.06,2.59,2A75
Karim,Jebali,4.79,4.36,2.89,0.26,2A75
Eya,Ayari,1.1,0.89,1.18,4.96,1A43
Fares,Zouari,3.93,4.08,3.11,2.26,5SE100
Rim,Abidi,2.68,0.02,4.56,0.27,1A77
Bilel,Ghanouchi,3.07,4.8,2.02,0.11,4ARCTIC87
Fares,Chouchene,4.95,3.38,3.95,0.44,2P99
Amel,Ben Amor,3.75,2.77,1.96,3.26,1A90
Nour,Khemiri,3.58,4.68,0.7,2.86,3B11
Adel,Ben Amor,4.18,0.52,1.8,3.12,2P30
Hiba,Khlifi,2.42,0.58,4.55,4.72,3A88
Wided,Driss,2.95,1.62,0.27,3.72,5GAMIX57
Chaima,Makni,1.21,3.35,0.06,4.22,3A55
Adel,Chaabane,2.94,2.56,2.27,2.83,2A75
Wafa,Gharbi,2.85,3.45,4.61,4.12,3A96
Sami,Makni,2.77,1.12,4.9,2.33,2P30
Cyrine,Turki,4.39,2.41,0.36,0.11,3A60
Hamza,Nasri,4.84,3.09,3.36,2.54,5GAMIX79
Hedi,Saidi,0.57,4.16,3.98,1.92,1A95
Rania,Saidi,3.77,4.88,0.54,2.57,1A74
Chaima,Trabelsi,0.35,1.95,4.27,1.64,2A6
Leila,Ghanouchi,4.81,4.66,4.27,3.71,3B12
Ismail,Khemiri,3.15,0.73,2.94,4.16,5NIDS7
Olfa,Kanzari,2.81,3.23,3.22,3.07,1A43
Adel,Cherif,3.82,2.05,0.38,1.82,2A99
Leila,Ben Amor,1.65,0.79,2.01,4.95,3A70
Ahmed,Mejri,0.59,4.84,2.44,3.81,4SIM89
Rami,Haddad,1.28,2.18,3.31,4.93,1A92
Fethi,Mejri,1.23,2.69,1.29,1.08,5TWIN27
Farah,Turki,3.54,4.36,4.21,0.18,4ARCTIC27
Sonia,Nasri,0.17,3.96,0.77,1.42,2A49
Nizar,Abidi,2.47,4.84,2.36,1.64,2P30
Eya,Saidi,4.92,2.0,3.79,1.81,5GAMIX79
