first_name,last_name,hard_skills,soft_skills,teamwork,creativity,class,overall_skill,skill_variance,dominant_skill,weakest_skill,norm_hard_skills,norm_soft_skills,norm_teamwork,norm_creativity,cluster,group_id
Ines,Karoui,4.3,4.91,4.7,4.78,3B4,4.6725,0.06915833333333342,soft_skills,hard_skills,0.86,0.9820000000000001,0.9400000000000001,0.9560000000000001,3,0
Amine,Ferjani,4.9,4.0,4.83,4.44,2A32,4.5425,0.17175833333333343,hard_skills,soft_skills,0.9800000000000001,0.8,0.9660000000000001,0.8880000000000001,3,0
Adel,Driss,4.49,4.79,4.31,4.52,5SLEAM19,4.5275,0.03922500000000006,soft_skills,teamwork,0.8980000000000001,0.9580000000000001,0.862,0.9039999999999999,3,0
Leila,Ghanouchi,4.81,4.66,4.27,3.71,3B12,4.3625,0.24102499999999996,hard_skills,creativity,0.962,0.932,0.854,0.742,1,0
Khalil,Abidi,4.54,4.58,3.63,4.53,3B93,4.32,0.21206666666666676,soft_skills,teamwork,0.908,0.916,0.726,0.9060000000000001,0,1
Ines,Ayari,4.9,4.44,4.45,3.22,2A63,4.2524999999999995,0.5198250000000001,hard_skills,creativity,0.9800000000000001,0.8880000000000001,0.8900000000000001,0.6440000000000001,1,1
Meriem,Chouchene,3.23,4.57,4.3,4.87,2P30,4.242500000000001,0.5098250000000001,creativity,hard_skills,0.646,0.9140000000000001,0.86,0.9740000000000001,3,1
Marwen,Khemiri,4.81,4.09,3.28,4.89,4TWIN23,4.267499999999999,0.5628249999999998,creativity,teamwork,0.962,0.8180000000000001,0.656,0.978,0,1
Haythem,Chebbi,4.08,4.46,3.51,4.99,5NIDS35,4.26,0.38926666666666687,creativity,teamwork,0.8160000000000001,0.892,0.702,0.9980000000000001,0,2
Sabrine,Ben Amor,4.37,4.4,4.77,3.19,1A82,4.1825,0.47089166666666654,teamwork,creativity,0.8740000000000001,0.8800000000000001,0.954,0.638,1,2
Sofiene,Kanzari,4.51,4.49,3.26,4.75,4SIM89,4.2524999999999995,0.4517583333333335,creativity,teamwork,0.902,0.8980000000000001,0.652,0.9500000000000001,0,2
Hela,Khemiri,3.71,4.44,4.1,4.69,1A39,4.235,0.18096666666666686,creativity,hard_skills,0.742,0.8880000000000001,0.82,0.9380000000000002,3,2
Nabil,Mabrouk,3.43,4.44,4.33,4.62,2A71,4.205,0.2812333333333334,creativity,hard_skills,0.686,0.8880000000000001,0.8660000000000001,0.924,3,3
Sonia,Zouari,4.76,4.45,4.27,3.14,2A75,4.155,0.4988333333333331,hard_skills,creativity,0.952,0.8900000000000001,0.854,0.6280000000000001,1,3
Wided,Bouazizi,4.17,4.25,3.54,4.82,3A60,4.195,0.2744333333333335,creativity,teamwork,0.8340000000000001,0.8500000000000001,0.7080000000000001,0.9640000000000001,3,3
Zied,Miled,3.63,4.04,4.94,4.07,3B42,4.17,0.30380000000000024,teamwork,hard_skills,0.726,0.808,0.9880000000000001,0.8140000000000001,3,3
Nabil,Chouchene,4.34,4.62,3.07,4.64,5SIM56,4.1675,0.5540916666666666,creativity,teamwork,0.868,0.924,0.614,0.9279999999999999,0,4
Salma,Mansour,4.84,3.31,4.8,3.62,3A97,4.1425,0.6282916666666665,hard_skills,soft_skills,0.968,0.662,0.96,0.7240000000000001,3,4
Mehdi,Khlifi,4.29,4.08,4.22,4.06,1A18,4.1625,0.012291666666666685,hard_skills,creativity,0.8580000000000001,0.8160000000000001,0.844,0.8119999999999999,3,4
Ghassen,Ben Salah,4.41,4.64,2.72,4.85,5IOSYS7,4.155,0.9474999999999995,creativity,teamwork,0.8820000000000001,0.9279999999999999,0.544,0.97,0,4
Ismail,Mabrouk,4.73,4.4,3.17,4.32,4TWIN23,4.155,0.46270000000000033,hard_skills,teamwork,0.9460000000000002,0.8800000000000001,0.634,0.8640000000000001,0,5
Foued,Ben Amor,3.49,3.42,4.69,4.91,1A33,4.1275,0.6118916666666668,creativity,soft_skills,0.6980000000000001,0.684,0.9380000000000002,0.9820000000000001,3,5
Siwar,Abidi,4.67,4.91,3.12,3.91,3B81,4.1525,0.6554916666666667,soft_skills,teamwork,0.934,0.9820000000000001,0.6240000000000001,0.782,0,5
Haythem,Guettari,4.6,3.54,4.83,3.52,4SAE18,4.1225000000000005,0.4769583333333332,teamwork,creativity,0.9199999999999999,0.7080000000000001,0.9660000000000001,0.7040000000000001,3,5
Tarek,Gharbi,4.82,4.33,2.89,4.58,4SAE18,4.155,0.7512333333333334,hard_skills,teamwork,0.9640000000000001,0.8660000000000001,0.5780000000000001,0.916,0,6
Bilel,Makni,4.55,3.75,4.99,3.15,3A10,4.11,0.6730666666666668,teamwork,creativity,0.91,0.75,0.9980000000000001,0.63,3,6
Bechir,Turki,3.7,4.05,4.24,4.48,3B84,4.1175,0.10842500000000006,creativity,hard_skills,0.7400000000000001,0.81,0.8480000000000001,0.8960000000000001,3,6
Ines,Fourati,4.81,4.52,2.45,4.81,1A92,4.147499999999999,1.2993583333333325,hard_skills,teamwork,0.962,0.9039999999999999,0.49000000000000005,0.962,0,6
Ghassen,Belkhir,4.45,4.96,2.39,4.69,1A13,4.1225000000000005,1.3774250000000003,soft_skills,teamwork,0.8900000000000001,0.992,0.47800000000000004,0.9380000000000002,0,7
Ghada,Mabrouk,4.98,1.55,4.88,4.87,1A7,4.07,2.8248666666666673,hard_skills,soft_skills,0.9960000000000001,0.31000000000000005,0.976,0.9740000000000001,3,7
Omar,Rekik,3.92,4.42,4.72,3.4,2A71,4.114999999999999,0.3360999999999999,teamwork,creativity,0.784,0.884,0.944,0.68,1,7
Ines,Chouchene,3.0,4.87,3.99,4.53,3A97,4.0975,0.6666250000000001,soft_skills,hard_skills,0.6000000000000001,0.9740000000000001,0.798,0.9060000000000001,0,7
Mouna,Mansour,4.86,4.75,2.38,4.47,4IOSYS40,4.114999999999999,1.3648333333333336,hard_skills,teamwork,0.9720000000000001,0.9500000000000001,0.476,0.894,0,8
Rym,Gharbi,2.5,3.84,4.83,4.85,5SAE59,4.005,1.2289666666666665,creativity,hard_skills,0.5,0.768,0.9660000000000001,0.97,3,8
Samira,Miled,4.9,2.98,4.29,4.15,2P99,4.08,0.6438000000000003,hard_skills,soft_skills,0.9800000000000001,0.596,0.8580000000000001,0.8300000000000001,3,8
Karim,Lahmar,4.87,4.93,3.18,3.38,3A96,4.09,0.8820666666666664,soft_skills,teamwork,0.9740000000000001,0.986,0.6360000000000001,0.676,0,8
Foued,Khlifi,3.89,4.83,3.91,3.72,3B84,4.0875,0.25229166666666664,soft_skills,creativity,0.778,0.9660000000000001,0.782,0.7440000000000001,0,9
Hela,Ghanouchi,4.7,2.21,4.38,4.87,3B42,4.04,1.5296666666666667,creativity,soft_skills,0.9400000000000001,0.442,0.876,0.9740000000000001,3,9
Amel,Zayani,3.96,4.57,4.43,3.32,5IOSYS7,4.07,0.3180666666666668,soft_skills,creativity,0.792,0.9140000000000001,0.886,0.664,1,9
Wassim,Khemiri,3.63,4.13,3.64,4.93,5SIM56,4.0825,0.37369166666666653,creativity,hard_skills,0.726,0.8260000000000001,0.7280000000000001,0.986,3,9
Salma,Makni,4.49,3.89,3.52,4.43,5IOSYS22,4.0825,0.21342499999999998,hard_skills,teamwork,0.8980000000000001,0.778,0.7040000000000001,0.886,3,10
Hamza,Cherif,3.35,4.52,4.44,3.92,3B60,4.057499999999999,0.2932249999999999,soft_skills,hard_skills,0.67,0.9039999999999999,0.8880000000000001,0.784,3,10
Hela,Jebali,4.81,2.91,4.18,4.36,2A61,4.0649999999999995,0.6630999999999998,hard_skills,soft_skills,0.962,0.5820000000000001,0.836,0.8720000000000001,3,10
Sonia,Belkhir,3.2,4.24,4.05,4.82,1A18,4.077500000000001,0.4494916666666667,creativity,hard_skills,0.6400000000000001,0.8480000000000001,0.81,0.9640000000000001,3,10
Amina,Fourati,3.13,4.75,3.8,4.57,5IOSYS7,4.0625,0.5562250000000003,soft_skills,hard_skills,0.626,0.9500000000000001,0.76,0.9140000000000001,0,11
Youssef,Ayari,4.68,4.41,4.16,2.95,1A62,4.05,0.5828666666666665,hard_skills,creativity,0.9359999999999999,0.8820000000000001,0.8320000000000001,0.5900000000000001,1,11
Ali,Jlassi,4.14,4.25,3.25,4.59,4NIDS26,4.0575,0.3264916666666666,creativity,teamwork,0.828,0.8500000000000001,0.65,0.918,0,11
Sabrine,Cherif,4.06,4.02,4.06,4.07,2P99,4.052499999999999,0.0004916666666666753,creativity,soft_skills,0.8119999999999999,0.8039999999999999,0.8119999999999999,0.8140000000000001,3,11
Walid,Khlifi,3.3,4.22,3.93,4.76,1A48,4.0525,0.3699583333333332,creativity,hard_skills,0.66,0.844,0.786,0.952,3,12
Mehdi,Jebali,4.84,4.8,4.91,1.34,3B67,3.9725,3.082091666666667,teamwork,creativity,0.968,0.96,0.9820000000000001,0.268,1,12
Emna,Guettari,4.79,3.92,2.33,4.76,5GAMIX79,3.95,1.329,hard_skills,teamwork,0.9580000000000001,0.784,0.466,0.952,0,12
Hamza,Karoui,3.99,3.29,4.52,4.16,2A58,3.99,0.26659999999999984,teamwork,soft_skills,0.798,0.658,0.9039999999999999,0.8320000000000001,3,12
Omar,Mansour,4.78,4.85,4.21,2.11,3B23,3.9875,1.6488250000000002,soft_skills,creativity,0.9560000000000001,0.97,0.8420000000000001,0.422,1,13
Amel,Rekik,2.57,4.15,4.65,4.41,3A19,3.9450000000000003,0.881966666666667,teamwork,hard_skills,0.514,0.8300000000000001,0.9300000000000002,0.8820000000000001,3,13
Mariem,Ben Ali,4.65,3.9,2.64,4.64,2A31,3.9575000000000005,0.894825,hard_skills,teamwork,0.9300000000000002,0.78,0.528,0.9279999999999999,0,13
Emna,Cherif,4.41,4.62,3.75,3.13,3B11,3.9775,0.4566250000000001,soft_skills,creativity,0.8820000000000001,0.924,0.75,0.626,1,13
Walid,Miled,2.87,4.77,3.76,4.43,1A1,3.9574999999999996,0.7016916666666663,soft_skills,hard_skills,0.5740000000000001,0.954,0.752,0.886,0,14
Cyrine,Chaabane,4.94,3.8,4.72,2.26,3A88,3.93,1.4833333333333336,hard_skills,creativity,0.9880000000000001,0.76,0.944,0.45199999999999996,1,14
Hichem,Zayani,3.69,3.05,4.23,4.67,2P82,3.91,0.48933333333333345,creativity,soft_skills,0.738,0.61,0.8460000000000001,0.934,3,14
Meriem,Chebbi,3.97,4.67,3.47,3.68,4SIM62,3.9475000000000002,0.2740249999999999,soft_skills,teamwork,0.794,0.934,0.6940000000000001,0.7360000000000001,0,14
Asma,Maaloul,3.8,3.82,4.97,3.16,3A66,3.9375,0.5677583333333331,teamwork,creativity,0.76,0.764,0.994,0.6320000000000001,1,15
Nizar,Driss,4.25,4.66,2.28,4.42,2A58,3.9025,1.1982916666666668,soft_skills,teamwork,0.8500000000000001,0.932,0.45599999999999996,0.884,0,15
Adel,Ferjani,2.57,4.03,4.6,4.5,4GAMIX39,3.925,0.8777666666666667,teamwork,hard_skills,0.514,0.806,0.9199999999999999,0.9,3,15
Nadia,Toumi,4.83,4.42,3.19,3.24,2P36,3.92,0.6911333333333333,hard_skills,teamwork,0.9660000000000001,0.884,0.638,0.6480000000000001,0,15
Eya,Chouchene,4.16,4.41,4.96,2.15,2A32,3.9200000000000004,1.5040666666666667,teamwork,creativity,0.8320000000000001,0.8820000000000001,0.992,0.43,1,16
Nabil,Karoui,3.73,4.35,2.71,4.81,3A73,3.8999999999999995,0.8251999999999997,creativity,teamwork,0.746,0.87,0.542,0.962,0,16
Ahmed,Sassi,4.49,4.09,2.94,4.15,1A39,3.9175,0.45569166666666683,hard_skills,teamwork,0.8980000000000001,0.8180000000000001,0.588,0.8300000000000001,0,16
Siwar,Chebbi,3.96,3.88,4.57,3.23,4IOSYS40,3.91,0.3004666666666668,teamwork,creativity,0.792,0.776,0.9140000000000001,0.646,1,16
Mariem,Gharbi,4.97,4.85,4.21,1.53,5ARCTIC60,3.89,2.5866666666666664,hard_skills,creativity,0.994,0.97,0.8420000000000001,0.30600000000000005,1,17
Mourad,Jebali,1.76,3.85,4.89,4.9,1A85,3.85,2.1840666666666664,creativity,hard_skills,0.35200000000000004,0.77,0.978,0.9800000000000001,3,17
Ines,Gharbi,4.89,4.22,1.91,4.38,1A18,3.8499999999999996,1.754333333333333,hard_skills,teamwork,0.978,0.844,0.382,0.876,0,17
Sarra,Abidi,3.1,3.32,4.97,4.09,4NIDS26,3.87,0.7179333333333332,teamwork,hard_skills,0.6200000000000001,0.664,0.994,0.8180000000000001,3,17
Khadija,Ayari,4.95,3.87,3.8,2.85,1A74,3.8675,0.737225,hard_skills,creativity,0.9900000000000001,0.774,0.76,0.5700000000000001,1,18
Zied,Jebali,1.64,4.11,4.98,4.73,5ARCTIC86,3.865,2.3340333333333345,teamwork,hard_skills,0.328,0.8220000000000001,0.9960000000000001,0.9460000000000002,3,18
Hichem,Ammar,4.69,4.05,2.63,4.05,5SE99,3.8550000000000004,0.7579666666666669,hard_skills,teamwork,0.9380000000000002,0.81,0.526,0.81,0,18
Hichem,Hamdi,4.67,3.28,4.42,3.08,5GAMIX42,3.8625,0.6381583333333333,hard_skills,creativity,0.934,0.656,0.884,0.6160000000000001,3,18
Nadia,Chouchene,2.55,4.65,4.93,3.34,3A97,3.8674999999999997,1.2517583333333338,teamwork,hard_skills,0.51,0.9300000000000002,0.986,0.668,1,19
Rym,Ghanouchi,4.33,3.39,2.78,4.8,3A75,3.825,0.8289666666666666,creativity,teamwork,0.8660000000000001,0.678,0.5559999999999999,0.96,0,19
Chokri,Jebali,4.78,4.26,3.46,2.92,3A97,3.855,0.6833000000000001,hard_skills,creativity,0.9560000000000001,0.852,0.6920000000000001,0.584,1,19
Amel,Ayari,3.76,3.82,3.88,4.0,3A60,3.865,0.010500000000000018,creativity,hard_skills,0.752,0.764,0.776,0.8,3,19
Hamza,Miled,3.23,4.64,4.12,3.45,4ARCTIC87,3.8599999999999994,0.41366666666666646,soft_skills,hard_skills,0.646,0.9279999999999999,0.8240000000000001,0.6900000000000001,1,20
Ghassen,Saidi,4.82,2.36,4.32,3.7,1A95,3.8,1.131466666666667,hard_skills,soft_skills,0.9640000000000001,0.472,0.8640000000000001,0.7400000000000001,3,20
Mohamed,Ghanouchi,2.35,4.71,3.55,4.66,1A64,3.8175,1.243825,soft_skills,hard_skills,0.47000000000000003,0.9420000000000001,0.71,0.932,0,20
Ghassen,Zouari,4.5,3.58,4.63,2.62,2A6,3.8325000000000005,0.8718249999999999,teamwork,creativity,0.9,0.7160000000000001,0.926,0.524,1,20
Leila,Maaloul,4.58,4.74,4.95,1.05,5SIM57,3.83,3.4578000000000007,teamwork,creativity,0.916,0.9480000000000001,0.9900000000000001,0.21000000000000002,1,21
Foued,Slimani,2.86,4.06,3.49,4.88,5NIDS35,3.8225,0.7372249999999999,creativity,hard_skills,0.572,0.8119999999999999,0.6980000000000001,0.976,3,21
Omar,Chouchene,3.7,4.02,3.47,4.06,4TWIN23,3.8125,0.07809166666666649,creativity,teamwork,0.7400000000000001,0.8039999999999999,0.6940000000000001,0.8119999999999999,3,21
Chaima,Abidi,3.88,3.6,3.96,3.8,1A39,3.8100000000000005,0.023866666666666647,teamwork,soft_skills,0.776,0.7200000000000001,0.792,0.76,3,21
Sarra,Slimani,4.63,4.18,4.99,1.51,5IOSYS22,3.8274999999999997,2.4968250000000003,teamwork,creativity,0.926,0.836,0.9980000000000001,0.30200000000000005,1,22
Hedi,Ben Salah,3.49,3.86,2.61,4.98,5SIM57,3.735,0.963766666666667,creativity,teamwork,0.6980000000000001,0.772,0.522,0.9960000000000001,0,22
Rym,Karoui,1.38,4.74,4.73,4.44,2P51,3.8225000000000007,2.6708250000000007,soft_skills,hard_skills,0.27599999999999997,0.9480000000000001,0.9460000000000002,0.8880000000000001,3,22
Aymen,Ferjani,4.48,3.61,3.26,3.83,1A77,3.795,0.26363333333333366,hard_skills,teamwork,0.8960000000000001,0.722,0.652,0.766,3,22
Siwar,Mansour,2.66,4.9,4.09,3.61,2A75,3.815,0.8763000000000002,soft_skills,hard_skills,0.532,0.9800000000000001,0.8180000000000001,0.722,1,23
Fares,Lahmar,4.43,1.89,4.92,3.85,5SAE33,3.7724999999999995,1.7662916666666668,teamwork,soft_skills,0.886,0.378,0.984,0.77,3,23
Khalil,Sassi,4.37,4.8,2.45,3.55,3A60,3.7925000000000004,1.0698916666666665,soft_skills,teamwork,0.8740000000000001,0.96,0.49000000000000005,0.71,0,23
Mouna,Gharbi,2.77,3.56,4.86,4.06,2P82,3.8125,0.7696916666666668,teamwork,hard_skills,0.554,0.7120000000000001,0.9720000000000001,0.8119999999999999,3,23
Karim,Slimani,4.09,4.05,4.58,2.52,5SE99,3.81,0.7976666666666666,teamwork,creativity,0.8180000000000001,0.81,0.916,0.504,1,24
Foued,Toumi,3.36,3.31,3.86,4.6,1A85,3.7824999999999998,0.35869166666666646,creativity,soft_skills,0.672,0.662,0.772,0.9199999999999999,3,24
Lobna,Mejri,4.79,4.33,2.95,3.09,2A58,3.79,0.8290666666666667,hard_skills,teamwork,0.9580000000000001,0.8660000000000001,0.5900000000000001,0.618,0,24
Nour,Gharbi,1.0,4.62,4.96,4.58,3B49,3.79,3.488666666666667,teamwork,hard_skills,0.2,0.924,0.992,0.916,3,24
Rami,Ghanouchi,3.22,3.31,4.94,3.77,5SAE2,3.81,0.6255333333333336,teamwork,hard_skills,0.6440000000000001,0.662,0.9880000000000001,0.754,3,25
Rym,Jaziri,4.54,4.34,2.57,3.57,3B81,3.755,0.7989666666666668,hard_skills,teamwork,0.908,0.868,0.514,0.714,0,25
Chaima,Toumi,3.07,3.08,4.39,4.61,3A60,3.7874999999999996,0.6849583333333333,creativity,hard_skills,0.614,0.6160000000000001,0.878,0.9220000000000002,3,25
Sabrine,Mabrouk,4.01,4.67,4.82,1.7,2P51,3.8,2.0837999999999997,teamwork,creativity,0.802,0.934,0.9640000000000001,0.34,1,25
Wassim,Ben Amor,2.93,3.87,4.28,4.02,2A27,3.7750000000000004,0.34603333333333325,teamwork,hard_skills,0.5860000000000001,0.774,0.8560000000000001,0.8039999999999999,3,26
Samira,Chaabane,4.95,2.51,4.66,2.96,4GAMIX83,3.7700000000000005,1.4760666666666673,hard_skills,soft_skills,0.9900000000000001,0.502,0.932,0.592,3,26
Salma,Zouari,2.36,4.87,3.72,4.03,3B12,3.745,1.0885666666666667,soft_skills,hard_skills,0.472,0.9740000000000001,0.7440000000000001,0.806,0,26
Mariem,Ferjani,4.63,2.74,3.09,4.56,2A31,3.755,0.962033333333333,hard_skills,soft_skills,0.926,0.548,0.618,0.9119999999999999,3,26
Aymen,Slimani,4.04,3.28,4.62,3.15,2A99,3.7725000000000004,0.47329166666666683,teamwork,creativity,0.808,0.656,0.924,0.63,3,27
Nizar,Slimani,3.78,4.11,2.43,4.56,2A75,3.7199999999999998,0.8417999999999998,creativity,teamwork,0.756,0.8220000000000001,0.48600000000000004,0.9119999999999999,0,27
Hatem,Saidi,3.86,4.1,4.61,2.52,4TWIN23,3.7725,0.795025,teamwork,creativity,0.772,0.82,0.9220000000000002,0.504,1,27
Chaima,Zayani,3.14,2.97,4.04,4.9,5GAMIX38,3.7625,0.7954916666666669,creativity,soft_skills,0.6280000000000001,0.5940000000000001,0.808,0.9800000000000001,3,27
Aymen,Fourati,4.6,4.31,4.74,1.39,2A73,3.7600000000000002,2.528466666666666,teamwork,creativity,0.9199999999999999,0.862,0.9480000000000001,0.27799999999999997,1,28
Youssef,Chebbi,3.65,3.11,3.15,4.99,3A55,3.725,0.7715666666666668,creativity,soft_skills,0.73,0.622,0.63,0.9980000000000001,3,28
Amel,Zouari,1.93,4.24,4.72,4.11,5ARCTIC86,3.75,1.5409999999999997,teamwork,hard_skills,0.386,0.8480000000000001,0.944,0.8220000000000001,3,28
Sabrine,Khemiri,4.56,3.61,2.59,4.15,3B42,3.7275,0.726425,hard_skills,teamwork,0.9119999999999999,0.722,0.518,0.8300000000000001,0,28
Wafa,Gharbi,2.85,3.45,4.61,4.12,3A96,3.7575000000000003,0.5920916666666668,teamwork,hard_skills,0.5700000000000001,0.6900000000000001,0.9220000000000002,0.8240000000000001,3,29
Wassim,Jebali,4.88,4.96,2.06,2.9,3B67,3.7,2.1031999999999997,soft_skills,teamwork,0.976,0.992,0.41200000000000003,0.58,0,29
Ines,Trabelsi,3.96,2.69,4.58,3.75,1A16,3.745,0.6188333333333335,teamwork,soft_skills,0.792,0.538,0.916,0.75,3,29
Nizar,Karoui,3.67,4.24,3.98,3.12,2P36,3.7525000000000004,0.23209166666666667,soft_skills,creativity,0.734,0.8480000000000001,0.796,0.6240000000000001,1,29
Karim,Jlassi,4.5,4.78,3.91,1.82,5BI77,3.7525000000000004,1.7912916666666667,soft_skills,creativity,0.9,0.9560000000000001,0.782,0.36400000000000005,1,30
Hamza,Jaziri,3.6,2.59,3.67,4.98,4BI6,3.71,0.9603333333333337,creativity,soft_skills,0.7200000000000001,0.518,0.734,0.9960000000000001,3,30
Hiba,Driss,2.34,4.26,3.49,4.81,2P21,3.7249999999999996,1.145633333333333,creativity,hard_skills,0.46799999999999997,0.852,0.6980000000000001,0.962,3,30
Nizar,Trabelsi,4.4,2.09,4.89,3.54,4SIM89,3.7299999999999995,1.5067333333333337,teamwork,soft_skills,0.8800000000000001,0.418,0.978,0.7080000000000001,3,30
Eya,Kanzari,3.38,4.96,4.75,1.9,4SIM62,3.7475,2.007825,soft_skills,creativity,0.676,0.992,0.9500000000000001,0.38,1,31
Salma,Hamdi,4.68,2.06,3.27,4.76,1A77,3.6925,1.6527583333333329,creativity,soft_skills,0.9359999999999999,0.41200000000000003,0.654,0.952,3,31
Aymen,Kanzari,3.15,4.9,3.31,3.51,3B84,3.7175000000000002,0.6431583333333337,soft_skills,hard_skills,0.63,0.9800000000000001,0.662,0.702,0,31
Khadija,Zayani,3.66,2.29,4.27,4.61,1A82,3.7074999999999996,1.0474916666666665,creativity,soft_skills,0.7320000000000001,0.458,0.854,0.9220000000000002,3,31
Nour,Jlassi,4.64,4.15,2.98,3.19,3A82,3.7399999999999998,0.6193999999999998,hard_skills,teamwork,0.9279999999999999,0.8300000000000001,0.596,0.638,0,32
Skander,Ben Salah,3.32,2.01,4.8,4.61,3A19,3.6849999999999996,1.679233333333334,teamwork,soft_skills,0.664,0.40199999999999997,0.96,0.9220000000000002,3,32
Zaineb,Abidi,3.83,4.39,2.96,3.68,1A64,3.715,0.34669999999999995,soft_skills,teamwork,0.766,0.878,0.592,0.7360000000000001,0,32
Amine,Lahmar,4.97,3.99,4.32,1.62,1A62,3.7250000000000005,2.1350999999999996,hard_skills,creativity,0.994,0.798,0.8640000000000001,0.32400000000000007,1,32
Mohamed,Fourati,4.39,4.05,2.97,3.43,1A90,3.71,0.40133333333333293,hard_skills,teamwork,0.878,0.81,0.5940000000000001,0.686,0,33
Hela,Ben Salah,4.37,1.76,4.68,4.01,4BI6,3.7049999999999996,1.7562999999999998,teamwork,soft_skills,0.8740000000000001,0.35200000000000004,0.9359999999999999,0.802,3,33
Siwar,Turki,2.73,4.86,3.39,3.76,3B11,3.685,0.7951000000000003,soft_skills,hard_skills,0.546,0.9720000000000001,0.678,0.752,0,33
Samira,Trabelsi,3.99,4.62,4.73,1.43,4GAMIX83,3.6925,2.3813583333333344,teamwork,creativity,0.798,0.924,0.9460000000000002,0.286,1,33
Ali,Slimani,4.19,3.97,2.48,4.17,1A95,3.7025,0.6740916666666669,hard_skills,teamwork,0.8380000000000001,0.794,0.496,0.8340000000000001,0,34
Bilel,Zouari,4.86,4.71,4.9,0.24,1A62,3.6775,5.258425,teamwork,creativity,0.9720000000000001,0.9420000000000001,0.9800000000000001,0.048,1,34
Lina,Khlifi,3.06,3.17,3.61,4.92,3B81,3.69,0.7288666666666667,creativity,hard_skills,0.6120000000000001,0.634,0.722,0.984,3,34
Rami,Khemiri,3.73,1.73,4.59,4.66,5ARCTIC60,3.6775,1.8644916666666667,creativity,soft_skills,0.746,0.34600000000000003,0.918,0.932,3,34
Ismail,Zayani,4.49,4.17,1.87,4.22,5GAMIX57,3.6875,1.4878916666666668,hard_skills,teamwork,0.8980000000000001,0.8340000000000001,0.37400000000000005,0.844,0,35
Oumaima,Zayani,2.22,4.9,4.78,2.78,3B11,3.6700000000000004,1.8798666666666672,soft_skills,hard_skills,0.44400000000000006,0.9800000000000001,0.9560000000000001,0.5559999999999999,1,35
Sofiene,Mansour,3.94,1.41,4.85,4.51,2A98,3.6774999999999998,2.4260916666666668,teamwork,soft_skills,0.788,0.282,0.97,0.902,3,35
Hend,Turki,4.73,3.71,3.6,2.7,1A13,3.6850000000000005,0.6900333333333335,hard_skills,creativity,0.9460000000000002,0.742,0.7200000000000001,0.54,1,35
Chokri,Mansour,3.93,4.25,4.65,1.91,3A70,3.685,1.4870333333333339,teamwork,creativity,0.786,0.8500000000000001,0.9300000000000002,0.382,1,36
Nabil,Maaloul,3.53,4.46,1.74,4.87,5GAMIX42,3.6500000000000004,1.9356666666666669,creativity,teamwork,0.706,0.892,0.34800000000000003,0.9740000000000001,0,36
Sabrine,Ammar,4.97,2.02,4.27,3.46,4SIM62,3.6799999999999997,1.6053999999999995,hard_skills,soft_skills,0.994,0.404,0.854,0.6920000000000001,3,36
Anis,Mansour,3.06,3.66,3.48,4.48,2A99,3.6700000000000004,0.3548000000000002,creativity,hard_skills,0.6120000000000001,0.7320000000000001,0.6960000000000001,0.8960000000000001,3,36
Bechir,Slimani,4.3,3.06,4.22,3.16,2A35,3.6849999999999996,0.44356666666666644,hard_skills,soft_skills,0.86,0.6120000000000001,0.844,0.6320000000000001,3,37
Mehdi,Nasri,4.4,4.58,1.47,4.2,5SE32,3.6625000000000005,2.160558333333334,soft_skills,teamwork,0.8800000000000001,0.916,0.294,0.8400000000000001,0,37
Khadija,Ghanouchi,2.57,4.0,4.85,3.19,5NIDS35,3.6525,0.9801583333333331,teamwork,hard_skills,0.514,0.8,0.97,0.638,1,37
Wided,Ghanouchi,4.23,2.34,4.39,3.66,5SAE2,3.6550000000000002,0.8667000000000001,teamwork,soft_skills,0.8460000000000001,0.46799999999999997,0.878,0.7320000000000001,3,37
Marwen,Saidi,4.02,4.1,4.6,1.98,3A19,3.675,1.342766666666666,teamwork,creativity,0.8039999999999999,0.82,0.9199999999999999,0.396,1,38
Chokri,Zouari,3.94,4.35,1.14,5.0,2A77,3.6075,2.8964916666666674,creativity,teamwork,0.788,0.87,0.22799999999999998,1.0,0,38
Samira,Ammar,4.11,1.81,4.59,4.02,4TWIN23,3.6325,1.5388249999999999,teamwork,soft_skills,0.8220000000000001,0.36200000000000004,0.918,0.8039999999999999,3,38
Fares,Khemiri,3.0,4.28,3.3,4.06,3A66,3.66,0.36986666666666673,soft_skills,hard_skills,0.6000000000000001,0.8560000000000001,0.66,0.8119999999999999,0,38
Dorra,Bouazizi,4.6,3.7,4.5,1.89,5SE32,3.6725000000000003,1.5743583333333333,hard_skills,creativity,0.9199999999999999,0.7400000000000001,0.9,0.378,1,39
Aymen,Chouchene,3.41,4.76,1.66,4.68,3A97,3.6275,2.1028916666666664,soft_skills,teamwork,0.682,0.952,0.332,0.9359999999999999,0,39
Wassim,Jaziri,2.53,3.12,4.42,4.49,2P51,3.64,0.9444666666666669,creativity,hard_skills,0.506,0.6240000000000001,0.884,0.8980000000000001,3,39
Wassim,Fourati,4.33,4.34,4.07,1.94,5SE100,3.67,1.3458000000000003,soft_skills,creativity,0.8660000000000001,0.868,0.8140000000000001,0.388,1,39
Cyrine,Kanzari,3.78,3.65,4.25,2.98,2A25,3.665,0.27496666666666664,teamwork,creativity,0.756,0.73,0.8500000000000001,0.596,1,40
Hamza,Guettari,4.06,3.09,2.78,4.7,3B93,3.6574999999999998,0.7802916666666668,creativity,teamwork,0.8119999999999999,0.618,0.5559999999999999,0.9400000000000001,3,40
Tarek,Belkhir,3.26,3.65,4.31,3.4,5ARCTIC60,3.655,0.2166999999999999,teamwork,hard_skills,0.652,0.73,0.862,0.68,3,40
Siwar,Maaloul,4.49,4.82,1.72,3.52,2A25,3.6375,1.9385583333333336,soft_skills,teamwork,0.8980000000000001,0.9640000000000001,0.34400000000000003,0.7040000000000001,0,40
Hend,Mejri,4.13,2.51,4.46,3.5,3B42,3.65,0.7362000000000002,teamwork,soft_skills,0.8260000000000001,0.502,0.892,0.7000000000000001,3,41
Mourad,Miled,3.48,4.82,2.0,4.12,4SAE18,3.6050000000000004,1.444366666666667,soft_skills,teamwork,0.6960000000000001,0.9640000000000001,0.4,0.8240000000000001,0,41
Skander,Zouari,4.82,4.36,4.15,1.25,5SE99,3.645,2.6276333333333337,hard_skills,creativity,0.9640000000000001,0.8720000000000001,0.8300000000000001,0.25,1,41
Foued,Chaabane,2.23,2.77,4.95,4.5,4NIDS26,3.6125,1.7325583333333336,teamwork,hard_skills,0.446,0.554,0.9900000000000001,0.9,3,41
Fares,Jaziri,4.4,1.99,4.23,3.96,4ARCTIC27,3.6450000000000005,1.250166666666667,hard_skills,soft_skills,0.8800000000000001,0.398,0.8460000000000001,0.792,3,42
Rim,Lahmar,1.33,4.95,4.76,3.29,5SIM57,3.5824999999999996,2.8052916666666667,soft_skills,hard_skills,0.266,0.9900000000000001,0.952,0.658,1,42
Sabrine,Zouari,4.88,4.19,2.56,2.84,1A77,3.6175,1.214825,hard_skills,teamwork,0.976,0.8380000000000001,0.512,0.568,0,42
Tarek,Chouchene,3.66,2.61,3.22,4.99,5SLEAM43,3.62,1.0195333333333336,creativity,soft_skills,0.7320000000000001,0.522,0.6440000000000001,0.9980000000000001,3,42
Rania,Hamdi,2.58,4.22,3.76,4.01,1A18,3.6424999999999996,0.5370916666666664,soft_skills,hard_skills,0.516,0.844,0.752,0.802,3,43
Rym,Abidi,4.97,1.64,3.8,3.95,3B60,3.59,1.9601999999999997,hard_skills,soft_skills,0.994,0.328,0.76,0.79,3,43
Mourad,Ben Ali,4.24,4.33,3.51,2.43,2A25,3.6275,0.7721583333333334,soft_skills,creativity,0.8480000000000001,0.8660000000000001,0.702,0.48600000000000004,1,43
Olfa,Ghanouchi,2.42,3.87,4.11,4.03,4SIM89,3.6075,0.636691666666667,teamwork,hard_skills,0.484,0.774,0.8220000000000001,0.806,3,43
Zied,Kanzari,3.14,3.74,4.68,2.89,3A75,3.6125000000000003,0.6336916666666663,teamwork,creativity,0.6280000000000001,0.7480000000000001,0.9359999999999999,0.5780000000000001,1,44
Ghassen,Khlifi,4.78,4.28,0.71,4.33,2A71,3.525,3.572433333333334,hard_skills,teamwork,0.9560000000000001,0.8560000000000001,0.142,0.8660000000000001,0,44
Amina,Jlassi,2.26,3.32,4.76,4.09,3A97,3.6075,1.1531583333333333,teamwork,hard_skills,0.45199999999999996,0.664,0.952,0.8180000000000001,3,44
Nadia,Nasri,4.95,4.17,4.75,0.49,5INFINI39,3.5900000000000003,4.380533333333333,hard_skills,creativity,0.9900000000000001,0.8340000000000001,0.9500000000000001,0.098,1,44
Karim,Nasri,3.38,3.56,2.69,4.81,3A97,3.6099999999999994,0.7805999999999997,creativity,teamwork,0.676,0.7120000000000001,0.538,0.962,0,45
Ahmed,Mansour,4.19,4.74,4.72,0.47,3A73,3.53,4.226466666666667,soft_skills,creativity,0.8380000000000001,0.9480000000000001,0.944,0.094,1,45
Rim,Ayari,3.56,1.69,4.38,4.73,3B11,3.59,1.844866666666667,creativity,soft_skills,0.7120000000000001,0.338,0.876,0.9460000000000002,3,45
Sarra,Driss,3.2,3.09,3.21,4.91,4NIDS26,3.6025,0.7627583333333335,creativity,soft_skills,0.6400000000000001,0.618,0.642,0.9820000000000001,3,45
Skander,Miled,2.96,3.26,4.51,3.67,1A1,3.6,0.45273333333333327,teamwork,hard_skills,0.592,0.652,0.902,0.734,3,46
Walid,Ben Amor,4.43,4.57,2.7,2.67,3B67,3.5925,1.1014916666666665,soft_skills,creativity,0.886,0.9140000000000001,0.54,0.534,0,46
Iheb,Trabelsi,4.54,2.31,2.86,4.67,2A73,3.5949999999999998,1.4133666666666667,creativity,soft_skills,0.908,0.462,0.572,0.934,3,46
Ghada,Driss,2.76,4.2,4.78,2.64,3A97,3.595,1.1265000000000003,teamwork,creativity,0.5519999999999999,0.8400000000000001,0.9560000000000001,0.528,1,46
Hedi,Turki,2.72,3.51,4.63,3.52,2A31,3.5949999999999998,0.6165666666666666,teamwork,hard_skills,0.544,0.702,0.926,0.7040000000000001,3,47
Hela,Baccouche,4.47,4.48,1.81,3.46,4SAE18,3.5549999999999997,1.5823000000000003,soft_skills,teamwork,0.894,0.8960000000000001,0.36200000000000004,0.6920000000000001,0,47
Hamza,Bouazizi,3.41,2.77,4.63,3.54,1A1,3.5874999999999995,0.5962916666666666,teamwork,soft_skills,0.682,0.554,0.926,0.7080000000000001,3,47
Khalil,Chouchene,4.21,4.17,3.48,2.52,4ARCTIC87,3.5949999999999998,0.6259,hard_skills,creativity,0.8420000000000001,0.8340000000000001,0.6960000000000001,0.504,1,47
Hichem,Zouari,4.84,3.08,3.49,2.95,5SE32,3.59,0.7473999999999998,hard_skills,creativity,0.968,0.6160000000000001,0.6980000000000001,0.5900000000000001,3,48
Amine,Ammar,0.53,4.26,4.87,4.57,3B67,3.5575,4.135691666666666,teamwork,hard_skills,0.10600000000000001,0.852,0.9740000000000001,0.9140000000000001,3,48
Yasmine,Miled,4.75,4.95,2.47,2.1,4SAE18,3.5675,2.222558333333333,soft_skills,creativity,0.9500000000000001,0.9900000000000001,0.49400000000000005,0.42000000000000004,0,48
Fethi,Fourati,4.27,2.04,3.45,4.55,2P30,3.5774999999999997,1.2684916666666666,creativity,soft_skills,0.854,0.40800000000000003,0.6900000000000001,0.91,3,48
Chaima,Guettari,2.38,4.33,3.4,4.24,5SLEAM19,3.5875,0.8234250000000003,soft_skills,hard_skills,0.476,0.8660000000000001,0.68,0.8480000000000001,0,49
Lina,Ammar,4.45,1.98,4.65,3.21,5GAMIX57,3.5725,1.532825,teamwork,soft_skills,0.8900000000000001,0.396,0.9300000000000002,0.642,3,49
Lina,Makni,4.84,3.78,2.85,2.78,4SAE18,3.5624999999999996,0.9330916666666665,hard_skills,creativity,0.968,0.756,0.5700000000000001,0.5559999999999999,0,49
Sabrine,Belkhir,2.76,3.67,3.1,4.8,5SE32,3.5824999999999996,0.7997583333333332,creativity,hard_skills,0.5519999999999999,0.734,0.6200000000000001,0.96,3,49
Ghada,Haddad,4.41,2.95,3.53,3.42,3B67,3.5775,0.37129166666666674,hard_skills,soft_skills,0.8820000000000001,0.5900000000000001,0.706,0.684,3,50
Iheb,Jebali,1.07,4.3,4.15,4.71,2A4,3.5575,2.8060916666666658,creativity,hard_skills,0.21400000000000002,0.86,0.8300000000000001,0.9420000000000001,3,50
Adel,Saidi,4.36,4.41,4.32,1.18,5TWIN27,3.5675,2.5347583333333343,soft_skills,creativity,0.8720000000000001,0.8820000000000001,0.8640000000000001,0.236,1,50
Fares,Kanzari,3.48,3.98,2.47,4.34,3B84,3.5675,0.6596916666666665,creativity,teamwork,0.6960000000000001,0.796,0.49400000000000005,0.868,0,50
Youssef,Karoui,2.36,4.29,3.21,4.43,3A66,3.5725,0.9505583333333333,creativity,hard_skills,0.472,0.8580000000000001,0.642,0.886,0,51
Lobna,Turki,4.7,4.44,4.5,0.37,4IOSYS40,3.5025,4.373491666666666,hard_skills,creativity,0.9400000000000001,0.8880000000000001,0.9,0.074,1,51
Hela,Cherif,4.79,1.28,3.04,4.95,1A39,3.5149999999999997,2.9685666666666664,creativity,soft_skills,0.9580000000000001,0.256,0.6080000000000001,0.9900000000000001,3,51
Sonia,Ferjani,2.51,3.93,3.98,3.85,2A4,3.5675,0.49989166666666685,teamwork,hard_skills,0.502,0.786,0.796,0.77,3,51
Walid,Nasri,2.63,4.32,4.5,2.82,5SE100,3.5675,0.9578250000000003,teamwork,hard_skills,0.526,0.8640000000000001,0.9,0.564,1,52
Farah,Mabrouk,4.55,3.49,1.63,4.44,3A75,3.5275,1.826691666666667,hard_skills,teamwork,0.91,0.6980000000000001,0.326,0.8880000000000001,0,52
Siwar,Sassi,2.67,2.48,4.69,4.43,1A62,3.5675,1.3306916666666668,teamwork,soft_skills,0.534,0.496,0.9380000000000002,0.886,3,52
Mehdi,Saidi,3.65,4.84,4.37,1.37,1A64,3.5575,2.3662249999999996,soft_skills,creativity,0.73,0.968,0.8740000000000001,0.274,1,52
Rim,Guettari,4.31,3.56,3.58,2.8,1A77,3.5625,0.38015833333333315,hard_skills,creativity,0.862,0.7120000000000001,0.7160000000000001,0.5599999999999999,1,53
Meriem,Abidi,2.92,4.21,2.44,4.65,3B67,3.555,1.0915000000000001,creativity,teamwork,0.584,0.8420000000000001,0.488,0.9300000000000002,0,53
Nabil,Zouari,4.08,2.65,4.41,3.05,3A97,3.5475000000000003,0.693491666666667,teamwork,soft_skills,0.8160000000000001,0.53,0.8820000000000001,0.61,3,53
Sami,Guettari,3.16,4.13,2.83,4.12,2A49,3.5600000000000005,0.4438,soft_skills,teamwork,0.6320000000000001,0.8260000000000001,0.5660000000000001,0.8240000000000001,0,53
Omar,Ferjani,4.43,3.67,2.91,3.21,3B96,3.5549999999999997,0.43796666666666645,hard_skills,teamwork,0.886,0.734,0.5820000000000001,0.642,0,54
Khalil,Jaziri,1.54,3.98,3.91,4.59,3B60,3.505,1.8093666666666666,creativity,hard_skills,0.30800000000000005,0.796,0.782,0.918,3,54
Mariem,Jlassi,4.44,4.91,4.31,0.43,3B60,3.5225,4.316891666666667,soft_skills,creativity,0.8880000000000001,0.9820000000000001,0.862,0.08600000000000001,1,54
Sofiene,Bouazizi,3.52,2.34,3.42,4.9,3B23,3.545,1.1014333333333337,creativity,soft_skills,0.7040000000000001,0.46799999999999997,0.684,0.9800000000000001,3,54
Dorra,Turki,3.61,4.75,1.54,4.25,2A77,3.5374999999999996,1.9910249999999998,soft_skills,teamwork,0.722,0.9500000000000001,0.30800000000000005,0.8500000000000001,0,55
Nabil,Saidi,3.87,3.7,4.46,2.01,2A31,3.5100000000000002,1.106066666666667,teamwork,creativity,0.774,0.7400000000000001,0.892,0.40199999999999997,1,55
Omar,Makni,4.42,2.37,3.2,4.15,5IOSYS22,3.535,0.8769666666666666,hard_skills,soft_skills,0.884,0.47400000000000003,0.6400000000000001,0.8300000000000001,3,55
Youssef,Toumi,2.3,4.54,3.81,3.47,3A10,3.5300000000000002,0.8716666666666667,soft_skills,hard_skills,0.45999999999999996,0.908,0.762,0.6940000000000001,1,55
Fares,Nasri,3.82,3.89,1.79,4.64,1A43,3.535,1.4910999999999996,creativity,teamwork,0.764,0.778,0.35800000000000004,0.9279999999999999,0,56
Adel,Ghanouchi,3.59,4.04,4.74,1.54,3B23,3.4775,1.892291666666667,teamwork,creativity,0.718,0.808,0.9480000000000001,0.30800000000000005,1,56
Rania,Chaabane,4.5,2.31,3.51,3.81,2A73,3.5325,0.8360249999999998,hard_skills,soft_skills,0.9,0.462,0.702,0.762,3,56
Nizar,Nasri,1.8,4.04,3.15,4.96,1A95,3.4875,1.8116916666666665,creativity,hard_skills,0.36000000000000004,0.808,0.63,0.992,0,56
Emna,Ayari,3.63,4.4,3.95,2.14,5SIM56,3.5300000000000002,0.9584666666666668,soft_skills,creativity,0.726,0.8800000000000001,0.79,0.42800000000000005,1,57
Siwar,Slimani,4.63,2.26,3.19,4.04,4GAMIX83,3.5300000000000002,1.0662000000000003,hard_skills,soft_skills,0.926,0.45199999999999996,0.638,0.808,3,57
Nizar,Mejri,2.91,4.56,2.32,4.23,5ARCTIC60,3.505,1.1322999999999999,soft_skills,teamwork,0.5820000000000001,0.9119999999999999,0.46399999999999997,0.8460000000000001,0,57
Eya,Jaziri,2.57,3.92,4.74,2.76,3A88,3.4975,1.0421583333333337,teamwork,hard_skills,0.514,0.784,0.9480000000000001,0.5519999999999999,1,57
Olfa,Chaabane,4.21,3.86,3.84,2.17,3B23,3.52,0.8388666666666666,hard_skills,creativity,0.8420000000000001,0.772,0.768,0.434,1,58
Nabil,Belkhir,2.11,4.65,2.12,4.93,5SE32,3.4524999999999997,2.3982916666666667,creativity,hard_skills,0.422,0.9300000000000002,0.42400000000000004,0.986,0,58
Tarek,Ben Amor,4.87,1.87,3.44,3.78,3A75,3.4899999999999998,1.5384666666666666,hard_skills,soft_skills,0.9740000000000001,0.37400000000000005,0.6880000000000001,0.756,3,58
Oussama,Karoui,3.15,4.18,3.34,3.39,2A31,3.515,0.20723333333333324,soft_skills,hard_skills,0.63,0.836,0.668,0.678,0,58
Hedi,Haddad,3.98,4.17,3.72,2.17,4SIM89,3.5100000000000002,0.8320666666666666,soft_skills,creativity,0.796,0.8340000000000001,0.7440000000000001,0.434,1,59
Wassim,Gharbi,4.39,2.13,3.0,4.42,5GAMIX79,3.485,1.2548333333333332,creativity,soft_skills,0.878,0.426,0.6000000000000001,0.884,3,59
Ahmed,Ghanouchi,1.33,4.18,4.34,4.04,1A39,3.4725,2.0551583333333334,teamwork,hard_skills,0.266,0.836,0.868,0.808,3,59
Amine,Rekik,4.97,2.85,2.52,3.65,4IOSYS40,3.4975,1.1887583333333331,hard_skills,teamwork,0.994,0.5700000000000001,0.504,0.73,0,59
Anis,Karoui,3.98,2.56,3.47,4.0,3B96,3.5025,0.4549583333333333,creativity,soft_skills,0.796,0.512,0.6940000000000001,0.8,3,60
Khalil,Nasri,4.19,4.88,3.48,1.38,3A66,3.4825,2.2913583333333336,soft_skills,creativity,0.8380000000000001,0.976,0.6960000000000001,0.27599999999999997,1,60
Rim,Khemiri,1.68,3.88,3.79,4.53,2A32,3.4699999999999998,1.5327333333333335,creativity,hard_skills,0.336,0.776,0.758,0.9060000000000001,3,60
Eya,Turki,4.27,2.19,3.59,3.95,2P30,3.5,0.8398666666666664,hard_skills,soft_skills,0.854,0.438,0.718,0.79,3,60
Samira,Jebali,3.49,3.56,4.34,2.61,1A23,3.5,0.5004666666666667,teamwork,creativity,0.6980000000000001,0.7120000000000001,0.868,0.522,1,61
Skander,Ben Ali,4.24,4.51,0.66,4.51,5ARCTIC86,3.48,3.5505999999999998,soft_skills,teamwork,0.8480000000000001,0.902,0.132,0.902,0,61
Khadija,Khemiri,3.12,3.01,4.57,3.23,5GAMIX38,3.4825,0.5336916666666669,teamwork,soft_skills,0.6240000000000001,0.602,0.9140000000000001,0.646,3,61
Mohamed,Ben Ali,4.12,2.52,4.16,3.16,1A77,3.49,0.6318666666666667,teamwork,soft_skills,0.8240000000000001,0.504,0.8320000000000001,0.6320000000000001,3,61
Ali,Hamdi,4.19,4.87,2.61,2.32,3B67,3.4975,1.5124916666666672,soft_skills,creativity,0.8380000000000001,0.9740000000000001,0.522,0.46399999999999997,0,62
Manel,Saidi,3.41,0.36,4.85,4.91,3A75,3.3825,4.541025,creativity,soft_skills,0.682,0.072,0.97,0.9820000000000001,3,62
Iheb,Mejri,3.23,4.74,1.71,4.29,2P99,3.4924999999999997,1.8128250000000001,soft_skills,teamwork,0.646,0.9480000000000001,0.342,0.8580000000000001,0,62
Amine,Chouchene,4.66,4.82,3.48,0.96,5SE100,3.4800000000000004,3.179466666666667,soft_skills,creativity,0.932,0.9640000000000001,0.6960000000000001,0.192,1,62
Mohamed,Trabelsi,3.5,4.28,1.86,4.33,1A85,3.4925,1.3288916666666666,creativity,teamwork,0.7000000000000001,0.8560000000000001,0.37200000000000005,0.8660000000000001,0,63
Hedi,Karoui,3.88,3.19,4.56,2.26,4IOSYS40,3.4724999999999997,0.966225,teamwork,creativity,0.776,0.638,0.9119999999999999,0.45199999999999996,1,63
Rami,Chebbi,4.27,2.28,4.4,2.95,5SAE59,3.4749999999999996,1.0637666666666667,teamwork,soft_skills,0.854,0.45599999999999996,0.8800000000000001,0.5900000000000001,3,63
Amel,Chebbi,2.08,4.47,3.41,3.96,5SIM57,3.4800000000000004,1.0584666666666664,soft_skills,hard_skills,0.41600000000000004,0.894,0.682,0.792,0,63
Mourad,Ayari,4.33,4.93,2.24,2.41,5IOSYS7,3.4775,1.8358249999999996,soft_skills,teamwork,0.8660000000000001,0.986,0.44800000000000006,0.48200000000000004,0,64
Mouna,Karoui,3.77,0.48,4.66,4.54,2A4,3.3625,3.848291666666667,teamwork,soft_skills,0.754,0.096,0.932,0.908,3,64
Bechir,Ghanouchi,2.88,4.77,2.94,3.3,3B93,3.4725,0.7826249999999998,soft_skills,hard_skills,0.576,0.954,0.588,0.66,0,64
Ismail,Turki,1.85,4.44,4.38,3.15,2A27,3.4550000000000005,1.4983000000000002,soft_skills,hard_skills,0.37000000000000005,0.8880000000000001,0.876,0.63,1,64
Emna,Ferjani,4.01,4.0,3.78,2.12,3B4,3.4775,0.8302916666666663,hard_skills,creativity,0.802,0.8,0.756,0.42400000000000004,1,65
Walid,Ammar,3.71,2.83,2.29,4.96,5SAE33,3.4475,1.3592249999999997,creativity,teamwork,0.742,0.5660000000000001,0.458,0.992,0,65
Chaima,Gharbi,2.34,4.69,4.94,1.82,4IOSYS40,3.4475000000000002,2.5488916666666674,teamwork,creativity,0.46799999999999997,0.9380000000000002,0.9880000000000001,0.36400000000000005,1,65
Bilel,Maaloul,3.11,2.48,3.75,4.5,2A27,3.46,0.7495333333333334,creativity,soft_skills,0.622,0.496,0.75,0.9,3,65
Karim,Jaziri,4.45,2.9,3.89,2.63,3A70,3.4675000000000002,0.7224250000000002,hard_skills,creativity,0.8900000000000001,0.58,0.778,0.526,3,66
Salma,Kanzari,0.87,4.16,3.95,4.61,3A96,3.3975,2.9150250000000004,creativity,hard_skills,0.17400000000000002,0.8320000000000001,0.79,0.9220000000000002,3,66
Farah,Nasri,4.65,4.87,0.57,3.77,5INFINI39,3.465,3.950766666666668,soft_skills,teamwork,0.9300000000000002,0.9740000000000001,0.11399999999999999,0.754,0,66
Nour,Jaziri,4.27,2.29,4.85,2.27,2A89,3.42,1.7889333333333326,teamwork,creativity,0.854,0.458,0.97,0.454,3,66
Karim,Ayari,4.23,3.56,2.54,3.52,1A95,3.4625000000000004,0.48429166666666684,hard_skills,teamwork,0.8460000000000001,0.7120000000000001,0.508,0.7040000000000001,0,67
Ghassen,Toumi,1.58,3.54,4.87,3.77,3A69,3.44,1.8744666666666667,teamwork,hard_skills,0.31600000000000006,0.7080000000000001,0.9740000000000001,0.754,3,67
Hamza,Nasri,4.84,3.09,3.36,2.54,5GAMIX79,3.4574999999999996,0.9658916666666665,hard_skills,creativity,0.968,0.618,0.672,0.508,1,67
Asma,Chaabane,4.04,4.13,1.57,4.09,5IOSYS5,3.4575,1.584758333333333,soft_skills,teamwork,0.808,0.8260000000000001,0.31400000000000006,0.8180000000000001,0,67
Oumaima,Mejri,3.84,4.43,3.17,2.41,3B49,3.4625,0.7572916666666664,soft_skills,creativity,0.768,0.886,0.634,0.48200000000000004,1,68
Lina,Driss,1.77,3.02,4.31,4.58,3A82,3.42,1.6733999999999998,creativity,hard_skills,0.35400000000000004,0.6040000000000001,0.862,0.916,3,68
Farah,Saidi,4.82,2.58,2.97,3.43,2P21,3.45,0.9548666666666668,hard_skills,soft_skills,0.9640000000000001,0.516,0.5940000000000001,0.686,3,68
Sabrine,Makni,3.3,4.64,2.07,3.81,5SLEAM43,3.455,1.1575,soft_skills,teamwork,0.66,0.9279999999999999,0.414,0.762,0,68
Hamza,Ghanouchi,3.92,3.05,3.12,3.74,5INFINI39,3.4575,0.19122500000000006,hard_skills,soft_skills,0.784,0.61,0.6240000000000001,0.7480000000000001,3,69
Samira,Jaziri,2.3,4.76,4.32,2.38,4GAMIX39,3.4399999999999995,1.6466666666666667,soft_skills,hard_skills,0.45999999999999996,0.952,0.8640000000000001,0.476,1,69
Wassim,Ben Salah,4.22,3.89,0.89,4.75,3A69,3.4375,3.0098249999999993,creativity,teamwork,0.844,0.778,0.17800000000000002,0.9500000000000001,0,69
Hend,Khemiri,2.46,2.74,4.6,3.95,3B23,3.4375,1.0186916666666663,teamwork,hard_skills,0.492,0.548,0.9199999999999999,0.79,3,69
Wafa,Mabrouk,3.68,3.9,2.84,3.41,1A95,3.4575,0.20962500000000003,soft_skills,teamwork,0.7360000000000001,0.78,0.568,0.682,0,70
Aymen,Cherif,1.64,3.45,4.94,3.69,1A39,3.43,1.850733333333334,teamwork,hard_skills,0.328,0.6900000000000001,0.9880000000000001,0.738,3,70
Rania,Trabelsi,4.15,4.94,0.03,4.59,1A7,3.4274999999999998,5.234691666666667,soft_skills,teamwork,0.8300000000000001,0.9880000000000001,0.006,0.918,0,70
Skander,Nasri,4.08,4.57,4.6,0.52,4NIDS26,3.4425,3.8528249999999997,teamwork,creativity,0.8160000000000001,0.9140000000000001,0.9199999999999999,0.10400000000000001,1,70
Chokri,Chebbi,4.19,4.18,3.43,2.01,2P82,3.4525,1.051491666666667,hard_skills,creativity,0.8380000000000001,0.836,0.686,0.40199999999999997,1,71
Fethi,Bouazizi,1.73,3.32,4.27,4.41,2P30,3.4325,1.5226916666666666,creativity,hard_skills,0.34600000000000003,0.664,0.854,0.8820000000000001,3,71
Zaineb,Saidi,4.91,3.7,1.15,3.86,3B49,3.405,2.5480333333333336,hard_skills,teamwork,0.9820000000000001,0.7400000000000001,0.22999999999999998,0.772,0,71
Nadia,Ben Salah,2.99,3.63,4.35,2.77,2A98,3.4349999999999996,0.5051666666666664,teamwork,creativity,0.5980000000000001,0.726,0.87,0.554,1,71
Amine,Driss,4.0,4.9,2.59,2.27,5SIM56,3.44,1.5122000000000002,soft_skills,creativity,0.8,0.9800000000000001,0.518,0.454,0,72
Manel,Haddad,3.99,0.26,4.51,4.43,2P36,3.2975,4.152891666666666,teamwork,soft_skills,0.798,0.052000000000000005,0.902,0.886,3,72
Youssef,Ferjani,2.71,4.28,2.43,4.29,3B81,3.4275,0.9934916666666669,creativity,teamwork,0.542,0.8560000000000001,0.48600000000000004,0.8580000000000001,0,72
Haythem,Trabelsi,2.83,4.37,4.69,1.76,2A75,3.4125,1.8729583333333337,teamwork,creativity,0.5660000000000001,0.8740000000000001,0.9380000000000002,0.35200000000000004,1,72
Amine,Nasri,3.7,3.98,2.38,3.69,3A60,3.4374999999999996,0.5150916666666668,soft_skills,teamwork,0.7400000000000001,0.796,0.476,0.738,0,73
Asma,Hamdi,2.89,2.76,4.9,3.0,2A32,3.3875,1.0263583333333337,teamwork,soft_skills,0.5780000000000001,0.5519999999999999,0.9800000000000001,0.6000000000000001,3,73
Rym,Baccouche,4.42,3.57,2.51,3.24,2A31,3.435,0.6273666666666667,hard_skills,teamwork,0.884,0.714,0.502,0.6480000000000001,0,73
Nour,Ben Ali,2.27,3.54,4.11,3.81,3A55,3.4325000000000006,0.6548250000000001,teamwork,hard_skills,0.454,0.7080000000000001,0.8220000000000001,0.762,3,73
Eya,Lahmar,2.59,3.81,3.66,3.66,1A64,3.43,0.31860000000000016,soft_skills,hard_skills,0.518,0.762,0.7320000000000001,0.7320000000000001,3,74
Eya,Ferjani,4.73,3.26,4.08,1.57,2A98,3.41,1.866466666666667,hard_skills,creativity,0.9460000000000002,0.652,0.8160000000000001,0.31400000000000006,1,74
Samira,Driss,4.43,4.69,0.35,4.16,4IOSYS40,3.4075,4.201625,soft_skills,teamwork,0.886,0.9380000000000002,0.06999999999999999,0.8320000000000001,0,74
Hichem,Sassi,2.48,2.42,4.58,4.03,5SAE2,3.3775000000000004,1.1980250000000003,teamwork,soft_skills,0.496,0.484,0.916,0.806,3,74
Sofiene,Fourati,4.25,4.72,2.45,2.29,2P30,3.4274999999999993,1.532158333333333,soft_skills,creativity,0.8500000000000001,0.944,0.49000000000000005,0.458,0,75
Lobna,Driss,3.99,0.92,3.99,4.46,3B42,3.34,2.6519333333333335,creativity,soft_skills,0.798,0.18400000000000002,0.798,0.892,3,75
Mehdi,Karoui,0.67,4.82,4.13,3.88,4SIM89,3.375,3.4100333333333332,soft_skills,hard_skills,0.134,0.9640000000000001,0.8260000000000001,0.776,1,75
Hamza,Toumi,4.76,4.61,3.41,0.88,5INFINI39,3.4150000000000005,3.2211000000000003,hard_skills,creativity,0.952,0.9220000000000002,0.682,0.17600000000000002,1,75
Sabrine,Nasri,4.18,3.78,1.9,3.83,3B60,3.4225,1.0618916666666665,hard_skills,teamwork,0.836,0.756,0.38,0.766,0,76
Sami,Chebbi,2.29,3.49,4.67,3.05,2P87,3.375,0.9910333333333333,teamwork,hard_skills,0.458,0.6980000000000001,0.934,0.61,1,76
Karim,Fourati,4.78,2.84,4.46,1.52,5NIDS35,3.4,2.2920000000000003,hard_skills,creativity,0.9560000000000001,0.568,0.892,0.30400000000000005,1,76
Amel,Chaabane,3.13,4.04,1.49,4.89,5SAE59,3.3875,2.1166916666666666,creativity,teamwork,0.626,0.808,0.298,0.978,0,76
Chaima,Jebali,2.73,4.5,2.95,3.51,5IOSYS58,3.4225,0.623825,soft_skills,hard_skills,0.546,0.9,0.5900000000000001,0.702,0,77
Yasmine,Sassi,4.94,0.76,4.49,3.09,3B67,3.3200000000000003,3.5332666666666683,hard_skills,soft_skills,0.9880000000000001,0.15200000000000002,0.8980000000000001,0.618,3,77
Nadia,Abidi,3.65,4.68,1.99,3.36,3A66,3.42,1.2296666666666665,soft_skills,teamwork,0.73,0.9359999999999999,0.398,0.672,0,77
Sofiene,Mabrouk,1.94,3.53,4.19,3.93,2P30,3.3975,1.0178250000000004,teamwork,hard_skills,0.388,0.706,0.8380000000000001,0.786,3,77
Samira,Ferjani,3.3,4.99,3.31,2.04,3B67,3.41,1.4651333333333338,soft_skills,creativity,0.66,0.9980000000000001,0.662,0.40800000000000003,1,78
Salma,Lahmar,4.23,1.65,3.31,4.34,2A63,3.3825000000000003,1.547291666666667,creativity,soft_skills,0.8460000000000001,0.33,0.662,0.868,3,78
Cyrine,Rekik,2.99,4.47,4.07,2.09,5GAMIX57,3.4050000000000002,1.1593,soft_skills,creativity,0.5980000000000001,0.894,0.8140000000000001,0.418,1,78
Olfa,Zayani,4.32,2.87,1.58,4.8,2A27,3.3925,2.1331583333333333,creativity,teamwork,0.8640000000000001,0.5740000000000001,0.31600000000000006,0.96,0,78
Nizar,Zouari,4.6,4.66,2.3,2.08,1A16,3.4099999999999997,1.9931999999999999,soft_skills,creativity,0.9199999999999999,0.932,0.45999999999999996,0.41600000000000004,0,79
Rami,Saidi,1.37,2.73,4.8,4.32,5TWIN2,3.3049999999999997,2.4467,teamwork,hard_skills,0.274,0.546,0.96,0.8640000000000001,3,79
Karim,Chebbi,4.21,2.88,1.59,4.86,1A95,3.385,2.1111000000000004,creativity,teamwork,0.8420000000000001,0.576,0.31800000000000006,0.9720000000000001,0,79
Hamza,Mansour,4.63,2.77,4.91,1.19,3B85,3.375,3.0238333333333336,teamwork,creativity,0.926,0.554,0.9820000000000001,0.238,1,79
Farah,Cherif,3.26,2.56,4.29,3.5,1A13,3.4025,0.5090916666666666,teamwork,soft_skills,0.652,0.512,0.8580000000000001,0.7000000000000001,3,80
Fares,Cherif,4.89,4.97,1.06,2.59,2A75,3.3775,3.6048916666666657,soft_skills,teamwork,0.978,0.994,0.21200000000000002,0.518,0,80
Nizar,Khlifi,2.65,2.36,4.39,4.05,1A13,3.3625,1.0136916666666664,teamwork,soft_skills,0.53,0.472,0.878,0.81,3,80
Sami,Hamdi,2.48,4.72,3.79,2.57,1A39,3.3899999999999997,1.1431333333333331,soft_skills,hard_skills,0.496,0.944,0.758,0.514,1,80
Hichem,Miled,3.22,4.07,2.45,3.86,1A1,3.4000000000000004,0.5317999999999999,soft_skills,teamwork,0.6440000000000001,0.8140000000000001,0.49000000000000005,0.772,0,81
Chokri,Slimani,3.95,2.54,4.93,2.06,2A49,3.37,1.7249999999999996,teamwork,creativity,0.79,0.508,0.986,0.41200000000000003,1,81
Ghassen,Gharbi,3.63,3.75,1.19,4.9,5GAMIX79,3.3675,2.435091666666667,creativity,teamwork,0.726,0.75,0.238,0.9800000000000001,0,81
Wafa,Zouari,4.07,4.1,4.14,1.25,5SIM57,3.3899999999999997,2.0361999999999996,teamwork,creativity,0.8140000000000001,0.82,0.828,0.25,1,81
Fatma,Khlifi,4.76,3.38,2.69,2.75,5SAE2,3.395,0.9254999999999999,hard_skills,teamwork,0.952,0.676,0.538,0.55,0,82
Oussama,Sassi,0.08,3.86,4.75,4.45,3A82,3.285,4.7020333333333335,teamwork,hard_skills,0.016,0.772,0.9500000000000001,0.8900000000000001,3,82
Chokri,Ben Salah,4.95,4.69,3.2,0.73,5NIDS7,3.3925,3.745091666666667,hard_skills,creativity,0.9900000000000001,0.9380000000000002,0.6400000000000001,0.146,1,82
Nabil,Driss,3.39,1.7,3.56,4.79,2A61,3.3600000000000003,1.6138000000000001,creativity,soft_skills,0.678,0.34,0.7120000000000001,0.9580000000000001,3,82
Adel,Rekik,4.45,4.14,2.17,2.8,1A80,3.3899999999999997,1.1742000000000001,hard_skills,teamwork,0.8900000000000001,0.828,0.434,0.5599999999999999,0,83
Omar,Chaabane,0.31,3.86,4.27,4.74,1A74,3.295,4.089366666666666,creativity,hard_skills,0.062,0.772,0.854,0.9480000000000001,3,83
Fatma,Miled,4.74,1.77,3.48,3.51,1A1,3.375,1.4895000000000003,hard_skills,soft_skills,0.9480000000000001,0.35400000000000004,0.6960000000000001,0.702,3,83
Lina,Cherif,4.57,3.8,4.12,1.0,3A75,3.3725000000000005,2.6014250000000003,hard_skills,creativity,0.9140000000000001,0.76,0.8240000000000001,0.2,1,83
Lobna,Jebali,4.6,4.09,2.98,1.85,3B11,3.38,1.4977999999999998,hard_skills,creativity,0.9199999999999999,0.8180000000000001,0.596,0.37000000000000005,1,84
Farah,Chebbi,0.4,4.11,3.65,4.98,1A62,3.285,4.003366666666667,creativity,hard_skills,0.08000000000000002,0.8220000000000001,0.73,0.9960000000000001,3,84
Hend,Ferjani,4.85,2.05,3.56,2.98,4SIM62,3.36,1.3735333333333333,hard_skills,soft_skills,0.97,0.41,0.7120000000000001,0.596,3,84
Asma,Gharbi,2.77,3.57,2.71,4.47,1A39,3.38,0.6817333333333332,creativity,teamwork,0.554,0.714,0.542,0.894,0,84
Iheb,Khlifi,2.11,4.41,3.14,3.86,1A92,3.38,0.9872666666666668,soft_skills,hard_skills,0.422,0.8820000000000001,0.6280000000000001,0.772,0,85
Adel,Mejri,4.85,2.01,4.22,2.26,3A19,3.3349999999999995,1.9965666666666666,hard_skills,soft_skills,0.97,0.40199999999999997,0.844,0.45199999999999996,3,85
Hatem,Karoui,4.98,4.4,0.54,3.57,1A82,3.3725000000000005,3.900625000000001,hard_skills,teamwork,0.9960000000000001,0.8800000000000001,0.10800000000000001,0.714,0,85
Karim,Baccouche,2.12,3.4,4.76,3.12,2P36,3.3499999999999996,1.1854666666666662,teamwork,hard_skills,0.42400000000000004,0.68,0.952,0.6240000000000001,3,85
Khalil,Fourati,3.84,2.33,3.95,3.37,3A97,3.3725000000000005,0.5462916666666666,teamwork,soft_skills,0.768,0.466,0.79,0.674,3,86
Amina,Khemiri,4.34,4.77,1.2,3.13,2A77,3.3599999999999994,2.555666666666666,soft_skills,teamwork,0.868,0.954,0.24,0.626,0,86
Foued,Rekik,2.42,3.43,4.36,3.26,3A70,3.3675,0.6327583333333336,teamwork,hard_skills,0.484,0.686,0.8720000000000001,0.652,3,86
Sarra,Belkhir,3.65,2.93,4.16,2.75,2A75,3.3725,0.426825,teamwork,creativity,0.73,0.5860000000000001,0.8320000000000001,0.55,3,86
Yasmine,Ayari,4.44,3.6,2.96,2.48,2A61,3.37,0.7193333333333337,hard_skills,creativity,0.8880000000000001,0.7200000000000001,0.592,0.496,1,87
Hamza,Chouchene,2.2,3.05,3.65,4.53,2A99,3.3575,0.9648916666666668,creativity,hard_skills,0.44000000000000006,0.61,0.73,0.9060000000000001,3,87
Marwen,Driss,4.12,4.21,3.99,1.13,5NIDS35,3.3625,2.223291666666667,soft_skills,creativity,0.8240000000000001,0.8420000000000001,0.798,0.22599999999999998,1,87
Sarra,Cherif,2.62,3.89,2.13,4.8,1A77,3.3600000000000003,1.4716666666666665,creativity,teamwork,0.524,0.778,0.426,0.96,0,87
Oumaima,Karoui,3.61,3.85,3.4,2.61,4SAE18,3.3674999999999997,0.28882500000000005,soft_skills,creativity,0.722,0.77,0.68,0.522,1,88
Anis,Turki,4.87,1.21,2.58,4.69,4GAMIX83,3.3375000000000004,3.0926250000000004,hard_skills,soft_skills,0.9740000000000001,0.242,0.516,0.9380000000000002,3,88
Hiba,Chaabane,1.97,4.93,4.15,2.35,1A85,3.35,2.0136,soft_skills,hard_skills,0.394,0.986,0.8300000000000001,0.47000000000000003,1,88
Oussama,Jaziri,2.47,3.86,2.38,4.7,1A39,3.3525,1.2659583333333335,creativity,teamwork,0.49400000000000005,0.772,0.476,0.9400000000000001,0,88
Mouna,Bouazizi,4.55,2.36,3.98,2.57,5GAMIX79,3.365,1.1415,hard_skills,soft_skills,0.91,0.472,0.796,0.514,3,89
Marwen,Ben Ali,2.14,4.91,1.13,4.89,5GAMIX57,3.2675,3.7234916666666664,soft_skills,teamwork,0.42800000000000005,0.9820000000000001,0.22599999999999998,0.978,0,89
Hiba,Lahmar,4.37,2.15,4.52,2.32,3A96,3.34,1.6365999999999998,teamwork,soft_skills,0.8740000000000001,0.43,0.9039999999999999,0.46399999999999997,3,89
Walid,Cherif,2.74,3.89,2.67,4.1,1A43,3.35,0.5628666666666665,creativity,teamwork,0.548,0.778,0.534,0.82,0,89
Wassim,Maaloul,4.07,3.55,1.82,3.98,1A92,3.355,1.0987,hard_skills,teamwork,0.8140000000000001,0.71,0.36400000000000005,0.796,0,90
Anis,Trabelsi,2.96,3.71,4.95,1.6,2A31,3.305,1.965366666666667,teamwork,creativity,0.592,0.742,0.9900000000000001,0.32000000000000006,1,90
Lotfi,Ghanouchi,4.67,2.42,1.5,4.82,5IOSYS5,3.3525,2.7302250000000003,creativity,teamwork,0.934,0.484,0.30000000000000004,0.9640000000000001,0,90
Omar,Driss,2.88,2.82,4.47,3.2,1A23,3.3424999999999994,0.5928249999999998,teamwork,soft_skills,0.576,0.564,0.894,0.6400000000000001,3,90
Tarek,Jlassi,4.44,2.31,3.06,3.59,4GAMIX83,3.35,0.8038000000000002,hard_skills,soft_skills,0.8880000000000001,0.462,0.6120000000000001,0.718,3,91
Wafa,Karoui,1.24,4.92,4.67,2.24,2A77,3.2675,3.288091666666666,soft_skills,hard_skills,0.248,0.984,0.934,0.44800000000000006,1,91
Oumaima,Ben Salah,4.95,2.81,0.63,4.83,2A31,3.305,4.144100000000001,hard_skills,teamwork,0.9900000000000001,0.562,0.126,0.9660000000000001,0,91
Sofiene,Ammar,3.51,3.44,4.59,1.79,4SIM62,3.3324999999999996,1.334558333333333,teamwork,creativity,0.702,0.6880000000000001,0.918,0.35800000000000004,1,91
Ghassen,Bouazizi,4.55,4.6,2.37,1.88,5NIDS7,3.3499999999999996,2.0412666666666666,soft_skills,creativity,0.91,0.9199999999999999,0.47400000000000003,0.376,0,92
Lina,Ben Ali,2.49,0.6,4.97,4.78,2P99,3.21,4.297666666666667,teamwork,soft_skills,0.49800000000000005,0.12,0.994,0.9560000000000001,3,92
Lina,Ghanouchi,2.33,4.76,2.71,3.52,3B23,3.33,1.1551333333333331,soft_skills,hard_skills,0.466,0.952,0.542,0.7040000000000001,0,92
Fares,Zouari,3.93,4.08,3.11,2.26,5SE100,3.3449999999999998,0.704966666666667,soft_skills,creativity,0.786,0.8160000000000001,0.622,0.45199999999999996,1,92
Farah,Ayari,3.92,2.74,2.59,4.14,3B96,3.3475,0.6328916666666665,creativity,teamwork,0.784,0.548,0.518,0.828,3,93
Hend,Slimani,4.6,4.68,3.98,0.06,2A6,3.33,4.850266666666665,soft_skills,creativity,0.9199999999999999,0.9359999999999999,0.796,0.012,1,93
Nour,Zouari,2.63,3.07,2.67,4.99,3A96,3.34,1.249466666666667,creativity,hard_skills,0.526,0.614,0.534,0.9980000000000001,3,93
Meriem,Toumi,2.65,2.14,4.49,4.05,5IOSYS5,3.3325000000000005,1.2474916666666667,teamwork,soft_skills,0.53,0.42800000000000005,0.8980000000000001,0.81,3,93
Ahmed,Chouchene,4.62,1.94,2.49,4.32,4SIM89,3.3425000000000002,1.7604250000000004,hard_skills,soft_skills,0.924,0.388,0.49800000000000005,0.8640000000000001,3,94
Karim,Ghanouchi,3.08,4.83,4.5,0.73,3A19,3.285,3.4777666666666662,soft_skills,creativity,0.6160000000000001,0.9660000000000001,0.9,0.146,1,94
Amine,Zouari,3.06,2.77,2.81,4.72,5ARCTIC86,3.34,0.8628666666666663,creativity,soft_skills,0.6120000000000001,0.554,0.562,0.944,3,94
Karim,Karoui,2.18,3.49,3.48,4.21,1A80,3.34,0.7148666666666665,creativity,hard_skills,0.43600000000000005,0.6980000000000001,0.6960000000000001,0.8420000000000001,3,94
Salma,Khlifi,3.41,1.56,4.48,3.91,1A77,3.3400000000000003,1.5992666666666668,teamwork,soft_skills,0.682,0.31200000000000006,0.8960000000000001,0.782,3,95
Fethi,Makni,4.25,4.61,0.73,3.53,2P19,3.28,3.0916,soft_skills,teamwork,0.8500000000000001,0.9220000000000002,0.146,0.706,0,95
Manel,Slimani,3.1,4.13,4.11,1.95,2A4,3.3225,1.0684916666666668,soft_skills,creativity,0.6200000000000001,0.8260000000000001,0.8220000000000001,0.39,1,95
Aymen,Toumi,3.12,1.68,3.8,4.7,2P21,3.325,1.6214333333333333,creativity,soft_skills,0.6240000000000001,0.336,0.76,0.9400000000000001,3,95
Cyrine,Zayani,3.78,2.29,4.02,3.26,1A85,3.3375,0.5882916666666664,teamwork,soft_skills,0.756,0.458,0.8039999999999999,0.652,3,96
Bilel,Gharbi,2.45,4.85,1.81,4.11,5IOSYS58,3.3049999999999997,2.0003666666666664,soft_skills,teamwork,0.49000000000000005,0.97,0.36200000000000004,0.8220000000000001,0,96
Siwar,Fourati,4.87,2.52,3.93,2.02,2A27,3.335,1.7012333333333334,hard_skills,creativity,0.9740000000000001,0.504,0.786,0.404,1,96
Ismail,Chouchene,2.5,3.31,3.93,3.59,1A74,3.3325,0.37229166666666674,teamwork,hard_skills,0.5,0.662,0.786,0.718,3,96
Mourad,Mabrouk,4.4,2.81,3.53,2.6,3B67,3.335,0.6627000000000002,hard_skills,creativity,0.8800000000000001,0.562,0.706,0.52,3,97
Hatem,Ben Salah,1.41,4.13,2.93,4.75,5SE32,3.305,2.166766666666667,creativity,hard_skills,0.282,0.8260000000000001,0.5860000000000001,0.9500000000000001,0,97
Asma,Jlassi,4.7,4.34,2.5,1.8,2A31,3.335,1.9755666666666667,hard_skills,creativity,0.9400000000000001,0.868,0.5,0.36000000000000004,1,97
Amel,Jaziri,4.42,1.01,3.51,4.31,5NIDS35,3.3125,2.5206916666666666,hard_skills,soft_skills,0.884,0.202,0.702,0.862,3,97
Sabrine,Chouchene,4.66,3.42,2.84,2.42,5TWIN27,3.335,0.9483666666666669,hard_skills,creativity,0.932,0.684,0.568,0.484,0,98
Skander,Chaabane,0.78,4.09,3.23,4.97,2P30,3.2675,3.254691666666666,creativity,hard_skills,0.15600000000000003,0.8180000000000001,0.646,0.994,3,98
Nizar,Khemiri,4.01,3.59,4.31,1.4,5GAMIX38,3.3275,1.7384249999999997,teamwork,creativity,0.802,0.718,0.862,0.27999999999999997,1,98
Sofiene,Saidi,4.19,2.28,2.64,4.18,2A75,3.3225000000000002,1.013491666666667,hard_skills,soft_skills,0.8380000000000001,0.45599999999999996,0.528,0.836,3,98
Hela,Hamdi,3.98,3.55,3.2,2.58,2A6,3.3275,0.3500916666666665,hard_skills,creativity,0.796,0.71,0.6400000000000001,0.516,1,99
Salma,Ben Ali,2.57,2.59,3.24,4.89,1A48,3.3225,1.1888916666666665,creativity,hard_skills,0.514,0.518,0.6480000000000001,0.978,3,99
Fethi,Mabrouk,2.84,3.96,3.8,2.71,5TWIN27,3.3274999999999997,0.4140916666666666,soft_skills,creativity,0.568,0.792,0.76,0.542,1,99
Rym,Ben Amor,4.77,2.85,1.75,3.93,2A77,3.3249999999999997,1.7200999999999995,hard_skills,teamwork,0.954,0.5700000000000001,0.35000000000000003,0.786,0,99
Hela,Belkhir,2.45,3.83,3.84,3.19,2P21,3.3275,0.43469166666666653,teamwork,hard_skills,0.49000000000000005,0.766,0.768,0.638,1,100
Mohamed,Jlassi,4.91,1.9,1.52,4.84,2P99,3.2925,3.363958333333334,hard_skills,teamwork,0.9820000000000001,0.38,0.30400000000000005,0.968,0,100
Mehdi,Sassi,2.43,4.61,4.73,1.28,2A71,3.2625,2.8642250000000007,teamwork,creativity,0.48600000000000004,0.9220000000000002,0.9460000000000002,0.256,1,100
Aymen,Rekik,3.09,2.57,2.61,4.98,2A6,3.3125,1.2916250000000007,creativity,soft_skills,0.618,0.514,0.522,0.9960000000000001,3,100
Leila,Jebali,3.29,3.4,3.7,2.9,3A70,3.3225000000000002,0.1093583333333334,teamwork,creativity,0.658,0.68,0.7400000000000001,0.58,1,101
Lotfi,Maaloul,4.42,3.92,0.44,4.39,2A99,3.2924999999999995,3.668758333333333,hard_skills,teamwork,0.884,0.784,0.08800000000000001,0.878,0,101
Lobna,Baccouche,3.34,1.87,4.8,3.21,2A75,3.3049999999999997,1.434833333333333,teamwork,soft_skills,0.668,0.37400000000000005,0.96,0.642,3,101
Ahmed,Gharbi,2.44,3.86,4.47,2.46,2A63,3.3075,1.0424916666666666,teamwork,hard_skills,0.488,0.772,0.894,0.492,1,101
Aymen,Baccouche,2.7,3.8,2.62,4.14,5ARCTIC60,3.3150000000000004,0.5923666666666664,creativity,teamwork,0.54,0.76,0.524,0.828,0,102
Sami,Trabelsi,4.93,2.39,4.78,0.92,5GAMIX38,3.2550000000000003,3.777233333333333,hard_skills,creativity,0.986,0.47800000000000004,0.9560000000000001,0.18400000000000002,1,102
Mariem,Abidi,2.8,4.06,2.44,3.93,5TWIN2,3.3074999999999997,0.6546249999999999,soft_skills,teamwork,0.5599999999999999,0.8119999999999999,0.488,0.786,0,102
Cyrine,Maaloul,1.66,3.73,3.34,4.4,5SE32,3.2825,1.3616250000000003,creativity,hard_skills,0.332,0.746,0.668,0.8800000000000001,3,102
Amina,Lahmar,4.78,3.06,2.57,2.85,3A73,3.315,0.9941666666666668,hard_skills,teamwork,0.9560000000000001,0.6120000000000001,0.514,0.5700000000000001,0,103
Oussama,Rekik,0.71,4.06,3.57,4.65,3A97,3.2475,3.056691666666667,creativity,hard_skills,0.142,0.8119999999999999,0.714,0.9300000000000002,3,103
Hend,Zouari,3.95,3.83,4.45,0.92,1A13,3.2875,2.5632250000000005,teamwork,creativity,0.79,0.766,0.8900000000000001,0.18400000000000002,1,103
Hiba,Maaloul,4.49,1.44,2.2,5.0,2A75,3.2824999999999998,2.991491666666667,creativity,soft_skills,0.8980000000000001,0.288,0.44000000000000006,1.0,3,103
Ali,Trabelsi,3.15,4.33,2.13,3.6,3B84,3.3024999999999998,0.847425,soft_skills,teamwork,0.63,0.8660000000000001,0.426,0.7200000000000001,0,104
Anis,Makni,3.91,0.64,4.37,4.18,2A31,3.275,3.1214999999999997,teamwork,soft_skills,0.782,0.128,0.8740000000000001,0.836,3,104
Yasmine,Toumi,4.37,4.96,2.36,1.43,4ARCTIC87,3.28,2.7598000000000003,soft_skills,creativity,0.8740000000000001,0.992,0.472,0.286,1,104
Mourad,Mansour,2.03,2.61,4.84,3.57,5IOSYS22,3.2625,1.5092916666666667,teamwork,hard_skills,0.40599999999999997,0.522,0.968,0.714,3,104
Rania,Chouchene,3.83,2.87,2.92,3.58,3A10,3.3000000000000003,0.2295333333333334,hard_skills,soft_skills,0.766,0.5740000000000001,0.584,0.7160000000000001,3,105
Mohamed,Chebbi,2.59,3.62,4.77,2.06,1A64,3.2600000000000002,1.4328666666666663,teamwork,creativity,0.518,0.7240000000000001,0.954,0.41200000000000003,1,105
Omar,Slimani,3.18,4.76,0.63,4.48,3A66,3.2625,3.553891666666667,soft_skills,teamwork,0.6360000000000001,0.952,0.126,0.8960000000000001,0,105
Samira,Nasri,4.54,0.95,4.47,3.05,1A7,3.2525000000000004,2.8274916666666665,hard_skills,soft_skills,0.908,0.19,0.894,0.61,3,105
Sonia,Khemiri,3.74,4.6,1.72,3.13,5IOSYS58,3.2975000000000003,1.469625,soft_skills,teamwork,0.7480000000000001,0.9199999999999999,0.34400000000000003,0.626,0,106
Hela,Bouazizi,3.25,0.95,4.31,4.51,5TWIN79,3.255,2.6670333333333325,creativity,soft_skills,0.65,0.19,0.862,0.902,3,106
Wafa,Toumi,4.15,4.7,3.87,0.26,1A10,3.2450000000000006,4.078966666666667,soft_skills,creativity,0.8300000000000001,0.9400000000000001,0.774,0.052000000000000005,1,106
Siwar,Saidi,2.74,3.37,2.91,4.11,5BI77,3.2824999999999998,0.3751583333333334,creativity,hard_skills,0.548,0.674,0.5820000000000001,0.8220000000000001,3,106
Yasmine,Jaziri,3.2,2.9,3.65,3.42,4GAMIX83,3.2925,0.10222499999999997,teamwork,soft_skills,0.6400000000000001,0.58,0.73,0.684,3,107
Ghada,Cherif,4.99,4.4,1.6,2.1,1A39,3.2725,2.797691666666667,hard_skills,teamwork,0.9980000000000001,0.8800000000000001,0.32000000000000006,0.42000000000000004,0,107
Mariem,Hamdi,1.72,2.03,4.73,4.49,2A63,3.2425,2.519025000000001,teamwork,hard_skills,0.34400000000000003,0.40599999999999997,0.9460000000000002,0.8980000000000001,3,107
Wassim,Turki,2.39,4.93,2.05,3.74,1A39,3.2775000000000003,1.7463583333333332,soft_skills,teamwork,0.47800000000000004,0.986,0.41,0.7480000000000001,0,107
Zied,Ben Ali,4.62,1.81,3.73,2.96,3B81,3.2800000000000002,1.4204666666666668,hard_skills,soft_skills,0.924,0.36200000000000004,0.746,0.592,3,108
Ali,Zayani,0.7,4.84,2.7,4.65,5BI77,3.2225,3.763358333333333,soft_skills,hard_skills,0.13999999999999999,0.968,0.54,0.9300000000000002,0,108
Tarek,Chaabane,4.74,4.15,1.33,2.85,3A70,3.2675,2.2917583333333336,hard_skills,teamwork,0.9480000000000001,0.8300000000000001,0.266,0.5700000000000001,0,108
Mariem,Jebali,2.53,1.99,4.38,4.18,3B93,3.2699999999999996,1.4153999999999998,teamwork,soft_skills,0.506,0.398,0.876,0.836,3,108
Hedi,Slimani,2.53,3.38,3.41,3.79,4GAMIX83,3.2775,0.28315833333333346,creativity,hard_skills,0.506,0.676,0.682,0.758,3,109
Fares,Khlifi,4.45,4.89,1.2,2.48,3B93,3.255,2.9749666666666665,soft_skills,teamwork,0.8900000000000001,0.978,0.24,0.496,0,109
Nadia,Bouazizi,4.69,0.4,4.06,3.73,1A74,3.22,3.693,hard_skills,soft_skills,0.9380000000000002,0.08000000000000002,0.8119999999999999,0.746,3,109
Amel,Ammar,1.42,4.11,4.34,3.11,4GAMIX39,3.245,1.765366666666667,teamwork,hard_skills,0.284,0.8220000000000001,0.868,0.622,1,109
Amel,Ben Ali,4.15,2.63,3.71,2.58,1A62,3.2675,0.6178916666666668,hard_skills,creativity,0.8300000000000001,0.526,0.742,0.516,3,110
Nabil,Fourati,2.03,4.7,1.6,4.65,3B67,3.245,2.7577666666666674,soft_skills,teamwork,0.40599999999999997,0.9400000000000001,0.32000000000000006,0.9300000000000002,0,110
Aymen,Karoui,3.73,2.37,4.62,2.3,3A82,3.255,1.2613666666666667,teamwork,creativity,0.746,0.47400000000000003,0.924,0.45999999999999996,3,110
Lotfi,Guettari,2.39,3.06,3.53,4.08,2A31,3.265,0.5140333333333332,creativity,hard_skills,0.47800000000000004,0.6120000000000001,0.706,0.8160000000000001,3,110
Zied,Mabrouk,4.08,2.07,3.99,2.9,4ARCTIC87,3.2600000000000002,0.9170000000000003,hard_skills,soft_skills,0.8160000000000001,0.414,0.798,0.58,3,111
Mouna,Saidi,1.4,4.9,2.57,4.01,5SIM56,3.22,2.3938000000000006,soft_skills,hard_skills,0.27999999999999997,0.9800000000000001,0.514,0.802,0,111
Fethi,Ben Amor,4.73,0.85,2.66,4.72,2A99,3.24,3.486333333333333,hard_skills,soft_skills,0.9460000000000002,0.17,0.532,0.944,3,111
Sami,Karoui,2.91,4.7,3.87,1.43,5INFINI39,3.2275,1.9709583333333336,soft_skills,creativity,0.5820000000000001,0.9400000000000001,0.774,0.286,1,111
Nadia,Ferjani,3.07,3.9,3.47,2.57,5SAE33,3.2525,0.32189166666666674,soft_skills,creativity,0.614,0.78,0.6940000000000001,0.514,1,112
Omar,Kanzari,4.24,2.02,2.14,4.57,2A75,3.2425,1.8224250000000002,creativity,soft_skills,0.8480000000000001,0.404,0.42800000000000005,0.9140000000000001,3,112
Aymen,Ben Salah,2.89,4.45,3.57,2.09,1A95,3.25,1.005866666666667,soft_skills,creativity,0.5780000000000001,0.8900000000000001,0.714,0.418,1,112
Fares,Mansour,1.25,4.14,3.49,4.1,5TWIN27,3.2449999999999997,1.8573666666666664,soft_skills,hard_skills,0.25,0.828,0.6980000000000001,0.82,3,112
Sonia,Jebali,4.27,4.56,0.45,3.73,1A10,3.2524999999999995,3.608958333333332,soft_skills,teamwork,0.854,0.9119999999999999,0.09000000000000001,0.746,0,113
Haythem,Makni,4.64,1.27,4.94,1.97,5GAMIX42,3.2050000000000005,3.4463000000000004,teamwork,soft_skills,0.9279999999999999,0.254,0.9880000000000001,0.394,3,113
Ali,Chebbi,0.47,4.99,3.79,3.54,2P21,3.1975,3.706891666666668,soft_skills,hard_skills,0.094,0.9980000000000001,0.758,0.7080000000000001,1,113
Yasmine,Makni,3.19,1.51,4.18,4.01,5GAMIX79,3.2224999999999997,1.4902249999999997,teamwork,soft_skills,0.638,0.30200000000000005,0.836,0.802,3,113
Ghada,Bouazizi,2.33,3.97,3.18,3.52,2A75,3.25,0.4808666666666667,soft_skills,hard_skills,0.466,0.794,0.6360000000000001,0.7040000000000001,0,114
Rym,Khlifi,4.73,0.81,4.22,3.06,2P82,3.2050000000000005,3.0376333333333334,hard_skills,soft_skills,0.9460000000000002,0.16200000000000003,0.844,0.6120000000000001,3,114
Hela,Khlifi,4.44,4.61,1.57,2.34,5TWIN2,3.24,2.305266666666667,soft_skills,teamwork,0.8880000000000001,0.9220000000000002,0.31400000000000006,0.46799999999999997,0,114
Sabrine,Saidi,1.91,3.48,2.73,4.82,3B96,3.235,1.5276333333333338,creativity,hard_skills,0.382,0.6960000000000001,0.546,0.9640000000000001,0,114
Meriem,Ben Amor,4.36,2.94,2.37,3.32,2P99,3.2475000000000005,0.7024916666666668,hard_skills,teamwork,0.8720000000000001,0.588,0.47400000000000003,0.664,0,115
Adel,Miled,1.14,4.49,4.15,2.93,2A73,3.1775,2.2936916666666676,soft_skills,hard_skills,0.22799999999999998,0.8980000000000001,0.8300000000000001,0.5860000000000001,1,115
Chaima,Belkhir,4.74,1.76,3.12,3.27,4BI6,3.2225,1.484825,hard_skills,soft_skills,0.9480000000000001,0.35200000000000004,0.6240000000000001,0.654,3,115
Hatem,Trabelsi,1.76,3.87,3.47,3.83,5TWIN27,3.2325,0.996025,soft_skills,hard_skills,0.35200000000000004,0.774,0.6940000000000001,0.766,3,115
Chokri,Khemiri,3.69,4.45,2.93,1.9,3A19,3.2425,1.1860916666666668,soft_skills,creativity,0.738,0.8900000000000001,0.5860000000000001,0.38,1,116
Lobna,Slimani,4.05,0.53,3.61,4.62,1A13,3.2024999999999997,3.3452916666666663,creativity,soft_skills,0.81,0.10600000000000001,0.722,0.924,3,116
Iheb,Haddad,1.26,4.55,2.59,4.47,5SE99,3.2174999999999994,2.5232916666666663,soft_skills,hard_skills,0.252,0.91,0.518,0.894,0,116
Sami,Ferjani,3.48,3.19,4.85,1.44,3B42,3.2399999999999998,1.9640666666666664,teamwork,creativity,0.6960000000000001,0.638,0.97,0.288,1,116
Iheb,Jlassi,3.12,3.06,3.26,3.51,5ARCTIC60,3.2375,0.04002499999999994,creativity,soft_skills,0.6240000000000001,0.6120000000000001,0.652,0.702,3,117
Mouna,Haddad,4.22,3.83,3.58,1.29,5SAE59,3.2300000000000004,1.7420666666666664,hard_skills,creativity,0.844,0.766,0.7160000000000001,0.258,1,117
Foued,Ayari,3.02,2.88,2.62,4.42,5IOSYS58,3.235,0.6515666666666665,creativity,teamwork,0.6040000000000001,0.576,0.524,0.884,3,117
Lina,Toumi,2.79,2.77,3.99,3.36,4GAMIX83,3.2275,0.33322500000000005,teamwork,soft_skills,0.558,0.554,0.798,0.672,3,117
Iheb,Slimani,4.45,3.87,1.96,2.66,3B67,3.2350000000000003,1.278566666666667,hard_skills,teamwork,0.8900000000000001,0.774,0.392,0.532,0,118
Cyrine,Haddad,1.54,2.03,4.81,4.33,2P19,3.1774999999999998,2.6638249999999997,teamwork,hard_skills,0.30800000000000005,0.40599999999999997,0.962,0.8660000000000001,3,118
Meriem,Makni,4.2,4.06,2.68,1.98,4IOSYS40,3.23,1.1649333333333332,hard_skills,creativity,0.8400000000000001,0.8119999999999999,0.536,0.396,1,118
Mehdi,Trabelsi,3.76,2.95,2.15,4.08,1A43,3.235,0.7493666666666666,creativity,teamwork,0.752,0.5900000000000001,0.43,0.8160000000000001,0,118
Youssef,Chaabane,4.14,2.5,1.83,4.45,2A25,3.2299999999999995,1.603133333333333,creativity,teamwork,0.828,0.5,0.36600000000000005,0.8900000000000001,0,119
Siwar,Ben Amor,3.75,4.44,4.16,0.49,4ARCTIC87,3.2100000000000004,3.368466666666668,soft_skills,creativity,0.75,0.8880000000000001,0.8320000000000001,0.098,1,119
Sonia,Kanzari,2.03,1.63,4.58,4.51,3A66,3.1875,2.4845583333333336,teamwork,soft_skills,0.40599999999999997,0.326,0.916,0.902,3,119
Mourad,Slimani,1.8,4.76,3.04,3.28,2P82,3.2199999999999998,1.4746666666666661,soft_skills,hard_skills,0.36000000000000004,0.952,0.6080000000000001,0.656,0,119
Fatma,Makni,4.49,2.61,3.02,2.79,4NIDS26,3.2275,0.7365583333333335,hard_skills,soft_skills,0.8980000000000001,0.522,0.6040000000000001,0.558,3,120
Fatma,Lahmar,0.18,4.96,4.1,3.26,4SAE18,3.1249999999999996,4.336366666666666,soft_skills,hard_skills,0.036,0.992,0.82,0.652,1,120
Mourad,Mejri,4.74,1.12,1.97,4.88,2A73,3.1775,3.677091666666666,creativity,soft_skills,0.9480000000000001,0.22400000000000003,0.394,0.976,3,120
Emna,Trabelsi,3.44,4.2,4.2,1.02,1A95,3.215,2.2697000000000003,soft_skills,creativity,0.6880000000000001,0.8400000000000001,0.8400000000000001,0.20400000000000001,1,120
Eya,Abidi,4.64,3.17,1.96,3.11,5IOSYS7,3.2199999999999998,1.2061999999999997,hard_skills,teamwork,0.9279999999999999,0.634,0.392,0.622,0,121
Fethi,Zayani,0.59,4.42,4.77,2.69,2A25,3.1174999999999997,3.6660916666666665,teamwork,hard_skills,0.118,0.884,0.954,0.538,1,121
Leila,Haddad,4.53,0.77,4.03,3.45,1A80,3.1950000000000003,2.8083666666666667,hard_skills,soft_skills,0.9060000000000001,0.15400000000000003,0.806,0.6900000000000001,3,121
Mehdi,Ammar,4.4,4.05,0.06,4.27,3A55,3.195,4.388966666666666,hard_skills,teamwork,0.8800000000000001,0.81,0.012,0.854,0,121
Rania,Ben Salah,2.96,3.07,3.21,3.63,3B42,3.2174999999999994,0.08609166666666666,creativity,hard_skills,0.592,0.614,0.642,0.726,3,122
Amine,Gharbi,4.26,4.51,2.98,1.08,2A6,3.2075,2.4607583333333327,soft_skills,creativity,0.852,0.902,0.596,0.21600000000000003,1,122
Bechir,Mabrouk,2.93,3.07,2.06,4.8,5TWIN2,3.215,1.3161666666666665,creativity,teamwork,0.5860000000000001,0.614,0.41200000000000003,0.96,0,122
Oussama,Chaabane,3.59,1.36,4.21,3.67,3B12,3.2075,1.5928249999999997,teamwork,soft_skills,0.718,0.272,0.8420000000000001,0.734,3,122
Olfa,Belkhir,2.13,3.78,2.52,4.43,1A55,3.215,1.1518999999999997,creativity,hard_skills,0.426,0.756,0.504,0.886,0,123
Fares,Chouchene,4.95,3.38,3.95,0.44,2P99,3.18,3.757800000000001,hard_skills,creativity,0.9900000000000001,0.676,0.79,0.08800000000000001,1,123
Amel,Jebali,3.84,2.14,2.16,4.7,3A88,3.21,1.6214666666666666,creativity,soft_skills,0.768,0.42800000000000005,0.43200000000000005,0.9400000000000001,3,123
Hela,Saidi,2.83,3.74,4.45,1.83,5INFINI39,3.2125,1.2890916666666667,teamwork,creativity,0.5660000000000001,0.7480000000000001,0.8900000000000001,0.36600000000000005,1,123
Mariem,Khlifi,3.38,2.72,2.3,4.46,3B81,3.215,0.8865,creativity,teamwork,0.676,0.544,0.45999999999999996,0.892,0,124
Fares,Trabelsi,2.72,4.05,4.93,0.95,5SE32,3.1624999999999996,3.0008916666666656,teamwork,creativity,0.544,0.81,0.986,0.19,1,124
Lotfi,Ben Amor,2.79,4.31,1.65,4.09,5SAE33,3.21,1.5314666666666665,soft_skills,teamwork,0.558,0.862,0.33,0.8180000000000001,0,124
Khadija,Hamdi,4.92,1.83,4.05,2.02,1A23,3.205,2.3166999999999995,hard_skills,soft_skills,0.984,0.36600000000000005,0.81,0.404,3,124
Hichem,Khlifi,3.32,3.44,2.51,3.57,5IOSYS22,3.21,0.22820000000000007,creativity,teamwork,0.664,0.6880000000000001,0.502,0.714,0,125
Hamza,Lahmar,4.07,2.7,4.27,1.76,4SAE18,3.1999999999999997,1.4084666666666663,teamwork,creativity,0.8140000000000001,0.54,0.854,0.35200000000000004,1,125
Chokri,Baccouche,2.36,3.99,2.07,4.37,1A23,3.1975,1.3251583333333337,creativity,teamwork,0.472,0.798,0.414,0.8740000000000001,0,125
Farah,Ghanouchi,3.35,2.16,4.19,3.12,2A58,3.205,0.6968333333333335,teamwork,soft_skills,0.67,0.43200000000000005,0.8380000000000001,0.6240000000000001,3,125
Farah,Fourati,3.58,4.12,3.54,1.59,3B84,3.2075,1.2327583333333332,soft_skills,creativity,0.7160000000000001,0.8240000000000001,0.7080000000000001,0.31800000000000006,1,126
Wafa,Makni,3.07,1.27,3.49,4.81,3A55,3.16,2.1371999999999995,creativity,soft_skills,0.614,0.254,0.6980000000000001,0.962,3,126
Adel,Turki,2.29,4.99,3.88,1.63,2A6,3.1975,2.3198250000000002,soft_skills,creativity,0.458,0.9980000000000001,0.776,0.326,1,126
Siwar,Cherif,4.8,2.3,2.44,3.29,3B93,3.2074999999999996,1.3184916666666668,hard_skills,soft_skills,0.96,0.45999999999999996,0.488,0.658,3,126
Mehdi,Cherif,4.55,2.51,2.95,2.82,5SE100,3.2075,0.8350916666666666,hard_skills,soft_skills,0.91,0.502,0.5900000000000001,0.564,3,127
Sarra,Ben Amor,0.59,3.73,3.72,4.49,1A7,3.1325000000000003,3.0030916666666676,creativity,hard_skills,0.118,0.746,0.7440000000000001,0.8980000000000001,3,127
Karim,Zouari,4.89,5.0,2.8,0.01,2A32,3.1750000000000003,5.476566666666667,soft_skills,creativity,0.978,1.0,0.5599999999999999,0.002,1,127
Lobna,Ayari,3.68,1.26,3.57,4.27,2P30,3.195,1.7585666666666666,creativity,soft_skills,0.7360000000000001,0.252,0.714,0.854,3,127
Youssef,Baccouche,1.8,3.74,3.67,3.55,1A64,3.1900000000000004,0.8648666666666666,soft_skills,hard_skills,0.36000000000000004,0.7480000000000001,0.734,0.71,3,128
Mehdi,Mansour,4.55,1.4,2.93,3.87,5SIM56,3.1875,1.861225,hard_skills,soft_skills,0.91,0.27999999999999997,0.5860000000000001,0.774,3,128
Sofiene,Slimani,3.58,4.81,3.69,0.61,4SIM89,3.1725,3.2272249999999993,soft_skills,creativity,0.7160000000000001,0.962,0.738,0.122,1,128
Rami,Chaabane,4.08,1.34,2.87,4.45,3A97,3.1849999999999996,1.9681666666666668,creativity,soft_skills,0.8160000000000001,0.268,0.5740000000000001,0.8900000000000001,3,128
Ghassen,Fourati,4.38,2.48,3.82,2.08,4SAE18,3.19,1.1830666666666667,hard_skills,creativity,0.876,0.496,0.764,0.41600000000000004,1,129
Mariem,Belkhir,2.79,4.74,0.69,4.43,5ARCTIC86,3.1625,3.4490250000000002,soft_skills,teamwork,0.558,0.9480000000000001,0.13799999999999998,0.886,0,129
Asma,Cherif,3.52,0.88,4.69,3.62,1A55,3.1775,2.6264250000000002,teamwork,soft_skills,0.7040000000000001,0.17600000000000002,0.9380000000000002,0.7240000000000001,3,129
Hamza,Fourati,2.02,4.28,3.79,2.65,1A85,3.185,1.0695000000000003,soft_skills,hard_skills,0.404,0.8560000000000001,0.758,0.53,1,129
Wided,Fourati,2.59,2.97,4.62,2.57,1A23,3.1875,0.9458916666666668,teamwork,creativity,0.518,0.5940000000000001,0.924,0.514,1,130
Samira,Rekik,4.53,3.8,0.03,4.19,1A90,3.1375,4.380758333333335,hard_skills,teamwork,0.9060000000000001,0.76,0.006,0.8380000000000001,0,130
Ghada,Maaloul,2.89,2.18,4.52,3.04,5SAE2,3.1574999999999998,0.9657583333333329,teamwork,soft_skills,0.5780000000000001,0.43600000000000005,0.9039999999999999,0.6080000000000001,3,130
Amina,Mejri,2.29,4.19,2.59,3.67,5SLEAM43,3.185,0.8001000000000001,soft_skills,hard_skills,0.458,0.8380000000000001,0.518,0.734,0,130
Anis,Ayari,3.49,1.93,3.63,3.69,3A55,3.185,0.7070333333333334,creativity,soft_skills,0.6980000000000001,0.386,0.726,0.738,3,131
Wafa,Abidi,4.27,4.91,2.25,1.23,4ARCTIC27,3.165,2.9491666666666667,soft_skills,creativity,0.854,0.9820000000000001,0.45,0.246,1,131
Mohamed,Rekik,1.92,3.31,2.91,4.58,3A66,3.18,1.2124666666666668,creativity,hard_skills,0.384,0.662,0.5820000000000001,0.916,3,131
Marwen,Chouchene,3.5,0.75,4.07,4.34,5GAMIX79,3.165,2.7147,creativity,soft_skills,0.7000000000000001,0.15000000000000002,0.8140000000000001,0.868,3,131
Iheb,Cherif,4.08,2.19,3.46,3.0,1A10,3.1825,0.6336250000000001,hard_skills,soft_skills,0.8160000000000001,0.438,0.6920000000000001,0.6000000000000001,3,132
Tarek,Khlifi,1.44,4.68,3.43,3.13,3B4,3.17,1.7807333333333333,soft_skills,hard_skills,0.288,0.9359999999999999,0.686,0.626,1,132
Oussama,Ammar,4.52,2.19,1.61,4.36,2A25,3.17,2.2108666666666665,hard_skills,teamwork,0.9039999999999999,0.438,0.32200000000000006,0.8720000000000001,0,132
Sarra,Zayani,4.57,3.6,4.17,0.37,2A63,3.1774999999999998,3.6615583333333332,hard_skills,creativity,0.9140000000000001,0.7200000000000001,0.8340000000000001,0.074,1,132
Ahmed,Jebali,4.07,1.73,2.83,4.06,3B67,3.1725000000000003,1.2637583333333333,hard_skills,soft_skills,0.8140000000000001,0.34600000000000003,0.5660000000000001,0.8119999999999999,3,133
Sabrine,Mansour,1.46,4.99,3.98,2.02,1A23,3.1125,2.7339583333333337,soft_skills,hard_skills,0.292,0.9980000000000001,0.796,0.404,1,133
Oumaima,Ayari,4.77,2.46,1.8,3.58,3A69,3.1525,1.7026249999999994,hard_skills,teamwork,0.954,0.492,0.36000000000000004,0.7160000000000001,0,133
Lotfi,Slimani,2.21,4.01,3.54,2.93,3A97,3.1725,0.6072249999999999,soft_skills,hard_skills,0.442,0.802,0.7080000000000001,0.5860000000000001,1,133
Lobna,Rekik,3.97,4.19,2.02,2.48,2P82,3.165,1.159633333333334,soft_skills,teamwork,0.794,0.8380000000000001,0.404,0.496,0,134
Wided,Miled,2.74,0.06,4.88,4.73,4BI6,3.1025,5.065491666666667,teamwork,soft_skills,0.548,0.012,0.976,0.9460000000000002,3,134
Zied,Jlassi,4.24,4.69,1.3,2.41,5SAE2,3.16,2.5098000000000003,soft_skills,teamwork,0.8480000000000001,0.9380000000000002,0.26,0.48200000000000004,0,134
Rami,Driss,0.79,3.11,4.36,4.3,5SLEAM19,3.1399999999999997,2.7858,teamwork,hard_skills,0.15800000000000003,0.622,0.8720000000000001,0.86,3,134
Anis,Ben Salah,4.39,4.56,0.94,2.77,5ARCTIC60,3.1649999999999996,2.8510999999999993,soft_skills,teamwork,0.878,0.9119999999999999,0.188,0.554,0,135
Iheb,Chebbi,3.08,0.73,4.56,4.22,5SE32,3.1475,2.998091666666666,teamwork,soft_skills,0.6160000000000001,0.146,0.9119999999999999,0.844,3,135
Siwar,Jebali,1.48,4.91,2.91,3.32,2A61,3.1550000000000002,1.9909666666666668,soft_skills,hard_skills,0.296,0.9820000000000001,0.5820000000000001,0.664,0,135
Karim,Chaabane,4.54,3.13,4.59,0.36,1A74,3.155,3.9300333333333337,teamwork,creativity,0.908,0.626,0.918,0.072,1,135
Mariem,Zayani,2.08,3.83,2.98,3.76,3B84,3.1625,0.669225,soft_skills,hard_skills,0.41600000000000004,0.766,0.596,0.752,0,136
Hichem,Ferjani,4.33,3.65,4.47,0.18,3B4,3.1574999999999998,4.068491666666666,teamwork,creativity,0.8660000000000001,0.73,0.894,0.036,1,136
Rania,Ferjani,4.33,3.17,0.2,4.83,1A74,3.1325000000000003,4.305491666666667,creativity,teamwork,0.8660000000000001,0.634,0.04000000000000001,0.9660000000000001,0,136
Sonia,Ammar,2.15,2.13,4.44,3.88,1A13,3.1499999999999995,1.412466666666667,teamwork,soft_skills,0.43,0.426,0.8880000000000001,0.776,3,136
Lobna,Mansour,3.22,2.61,3.56,3.26,1A13,3.1625,0.1586916666666667,teamwork,soft_skills,0.6440000000000001,0.522,0.7120000000000001,0.652,3,137
Amel,Karoui,4.62,4.33,1.14,2.54,2A58,3.1574999999999998,2.6550916666666673,hard_skills,teamwork,0.924,0.8660000000000001,0.22799999999999998,0.508,0,137
Manel,Ammar,1.75,2.44,4.59,3.8,2P87,3.1449999999999996,1.6533666666666667,teamwork,hard_skills,0.35000000000000003,0.488,0.918,0.76,3,137
Hiba,Haddad,3.37,3.8,2.04,3.43,3A88,3.16,0.5936666666666666,soft_skills,teamwork,0.674,0.76,0.40800000000000003,0.686,0,137
Sami,Zouari,3.62,1.04,4.28,3.68,3A88,3.1550000000000002,2.0769,teamwork,soft_skills,0.7240000000000001,0.20800000000000002,0.8560000000000001,0.7360000000000001,3,138
Nadia,Baccouche,3.28,4.96,1.74,2.61,2A25,3.1475,1.8575583333333334,soft_skills,teamwork,0.656,0.992,0.34800000000000003,0.522,0,138
Hedi,Toumi,0.95,4.2,3.81,3.59,3A19,3.1375,2.190358333333333,soft_skills,hard_skills,0.19,0.8400000000000001,0.762,0.718,1,138
Haythem,Jlassi,4.77,2.76,3.33,1.76,4GAMIX83,3.155,1.5802999999999996,hard_skills,creativity,0.954,0.5519999999999999,0.666,0.35200000000000004,1,138
Zaineb,Ben Salah,4.15,0.86,4.8,2.79,1A23,3.1500000000000004,3.0320666666666667,teamwork,soft_skills,0.8300000000000001,0.17200000000000001,0.96,0.558,3,139
Wassim,Ayari,3.39,4.58,0.74,3.85,5ARCTIC86,3.14,2.8000666666666674,soft_skills,teamwork,0.678,0.916,0.148,0.77,0,139
Ghassen,Chouchene,2.11,4.15,4.41,1.89,3A69,3.14,1.752133333333334,teamwork,creativity,0.422,0.8300000000000001,0.8820000000000001,0.378,1,139
Fethi,Ben Ali,3.14,2.01,2.96,4.48,4ARCTIC27,3.1475,1.0348916666666674,creativity,soft_skills,0.6280000000000001,0.40199999999999997,0.592,0.8960000000000001,3,139
Yasmine,Slimani,2.46,4.9,2.99,2.24,1A92,3.1475000000000004,1.4640916666666668,soft_skills,creativity,0.492,0.9800000000000001,0.5980000000000001,0.44800000000000006,1,140
Chaima,Saidi,4.39,0.13,3.12,4.85,5NIDS7,3.1224999999999996,4.515291666666666,creativity,soft_skills,0.878,0.026000000000000002,0.6240000000000001,0.97,3,140
Rania,Bouazizi,4.43,3.98,3.99,0.13,1A1,3.1325000000000003,4.050691666666666,hard_skills,creativity,0.886,0.796,0.798,0.026000000000000002,1,140
Fethi,Khemiri,1.7,4.69,1.91,4.23,2A63,3.1325000000000003,2.3922916666666674,soft_skills,hard_skills,0.34,0.9380000000000002,0.382,0.8460000000000001,0,140
Sofiene,Lahmar,3.87,0.73,3.53,4.46,1A95,3.1475,2.745091666666667,creativity,soft_skills,0.774,0.146,0.706,0.892,3,141
Mehdi,Ayari,2.22,4.74,4.55,0.76,2A58,3.0675000000000003,3.6792916666666664,soft_skills,creativity,0.44400000000000006,0.9480000000000001,0.91,0.15200000000000002,1,141
Aymen,Belkhir,4.2,4.56,0.46,3.19,5IOSYS22,3.1025,3.4397583333333333,soft_skills,teamwork,0.8400000000000001,0.9119999999999999,0.09200000000000001,0.638,0,141
Bilel,Kanzari,2.93,1.44,3.39,4.78,2A63,3.135,1.895366666666667,creativity,soft_skills,0.5860000000000001,0.288,0.678,0.9560000000000001,3,141
Anis,Bouazizi,2.99,2.49,3.77,3.32,3B11,3.1425,0.2914249999999999,teamwork,soft_skills,0.5980000000000001,0.49800000000000005,0.754,0.664,3,142
Anis,Rekik,4.1,4.7,1.62,2.11,3A69,3.1325000000000003,2.2420916666666666,soft_skills,teamwork,0.82,0.9400000000000001,0.32400000000000007,0.422,0,142
Fares,Abidi,2.79,1.08,3.91,4.67,1A95,3.1125,2.4322916666666665,creativity,soft_skills,0.558,0.21600000000000003,0.782,0.934,3,142
Hedi,Trabelsi,1.57,4.47,4.26,2.18,5INFINI39,3.12,2.1360666666666663,soft_skills,hard_skills,0.31400000000000006,0.894,0.852,0.43600000000000005,1,142
Hiba,Rekik,4.04,2.7,3.51,2.3,3B93,3.1375,0.6153583333333333,hard_skills,creativity,0.808,0.54,0.702,0.45999999999999996,1,143
Lobna,Maaloul,0.37,4.29,3.15,4.56,5SIM56,3.0925000000000002,3.6676249999999992,creativity,hard_skills,0.074,0.8580000000000001,0.63,0.9119999999999999,0,143
Eya,Saidi,4.92,2.0,3.79,1.81,5GAMIX79,3.1300000000000003,2.219666666666667,hard_skills,creativity,0.984,0.4,0.758,0.36200000000000004,1,143
Hedi,Rekik,3.51,2.43,1.64,4.94,1A23,3.13,2.043533333333334,creativity,teamwork,0.702,0.48600000000000004,0.328,0.9880000000000001,0,143
Hiba,Zayani,2.46,2.85,3.73,3.5,3A75,3.1350000000000002,0.34136666666666665,teamwork,hard_skills,0.492,0.5700000000000001,0.746,0.7000000000000001,3,144
Nour,Cherif,4.88,3.24,2.22,2.16,3A66,3.1250000000000004,1.6144999999999996,hard_skills,creativity,0.976,0.6480000000000001,0.44400000000000006,0.43200000000000005,0,144
Hatem,Maaloul,0.88,4.28,3.95,3.37,1A39,3.12,2.3715333333333337,soft_skills,hard_skills,0.17600000000000002,0.8560000000000001,0.79,0.674,1,144
Karim,Zayani,4.24,0.9,4.28,3.11,5GAMIX38,3.1325000000000003,2.5092916666666674,teamwork,soft_skills,0.8480000000000001,0.18000000000000002,0.8560000000000001,0.622,3,144
Omar,Gharbi,2.88,2.58,2.45,4.63,5SAE59,3.135,1.0257666666666665,creativity,teamwork,0.576,0.516,0.49000000000000005,0.926,3,145
Sonia,Ghanouchi,3.33,4.02,4.75,0.26,5INFINI39,3.09,3.895666666666667,teamwork,creativity,0.666,0.8039999999999999,0.9500000000000001,0.052000000000000005,1,145
Eya,Bouazizi,3.08,2.91,1.79,4.73,3B67,3.1275000000000004,1.4688250000000005,creativity,teamwork,0.6160000000000001,0.5820000000000001,0.35800000000000004,0.9460000000000002,0,145
Hela,Haddad,4.64,3.26,3.44,1.19,5GAMIX38,3.1325,2.052225,hard_skills,creativity,0.9279999999999999,0.652,0.6880000000000001,0.238,1,145
Rym,Driss,4.3,2.84,3.21,2.19,3B4,3.135,0.7809666666666666,hard_skills,creativity,0.86,0.568,0.642,0.438,1,146
Ismail,Slimani,0.3,2.9,4.83,4.32,5SAE59,3.0875,4.1202250000000005,teamwork,hard_skills,0.06,0.58,0.9660000000000001,0.8640000000000001,3,146
Mohamed,Mejri,4.82,3.2,0.52,3.86,3B11,3.0999999999999996,3.4008000000000003,hard_skills,teamwork,0.9640000000000001,0.6400000000000001,0.10400000000000001,0.772,0,146
Emna,Fourati,4.3,3.29,4.34,0.52,3B60,3.1125,3.2231583333333327,teamwork,creativity,0.86,0.658,0.868,0.10400000000000001,1,146
Nour,Mejri,2.05,3.77,3.39,3.31,2P82,3.1300000000000003,0.5586666666666669,soft_skills,hard_skills,0.41,0.754,0.678,0.662,1,147
Ghada,Guettari,4.95,0.62,4.32,2.44,5SE99,3.0825,3.831891666666667,hard_skills,soft_skills,0.9900000000000001,0.124,0.8640000000000001,0.488,3,147
Mohamed,Jebali,2.72,4.53,1.64,3.61,2A49,3.125,1.526166666666667,soft_skills,teamwork,0.544,0.9060000000000001,0.328,0.722,0,147
Ali,Ayari,3.2,4.43,2.75,2.12,2P99,3.125,0.9530999999999997,soft_skills,creativity,0.6400000000000001,0.886,0.55,0.42400000000000004,1,147
Hatem,Turki,4.1,1.77,4.4,2.24,2A61,3.1275,1.731825,teamwork,soft_skills,0.82,0.35400000000000004,0.8800000000000001,0.44800000000000006,3,148
Hamza,Mejri,1.3,4.98,1.81,4.26,1A7,3.0875,3.261158333333334,soft_skills,hard_skills,0.26,0.9960000000000001,0.36200000000000004,0.852,0,148
Iheb,Abidi,4.53,2.76,3.73,1.44,4NIDS26,3.1149999999999998,1.7707000000000004,hard_skills,creativity,0.9060000000000001,0.5519999999999999,0.746,0.288,1,148
Rami,Toumi,1.78,2.42,3.2,4.99,2A71,3.0975,1.9289583333333333,creativity,hard_skills,0.35600000000000004,0.484,0.6400000000000001,0.9980000000000001,3,148
Mohamed,Khlifi,4.03,2.65,3.17,2.66,4ARCTIC87,3.1275,0.4209583333333335,hard_skills,soft_skills,0.806,0.53,0.634,0.532,3,149
Foued,Mansour,1.67,3.96,2.69,4.11,3A82,3.1075,1.3241583333333338,creativity,hard_skills,0.334,0.792,0.538,0.8220000000000001,0,149
Ahmed,Bouazizi,2.75,1.96,4.7,3.1,2A75,3.1275,1.3263583333333335,teamwork,soft_skills,0.55,0.392,0.9400000000000001,0.6200000000000001,3,149
Siwar,Mabrouk,4.62,3.76,2.68,1.41,5SIM56,3.1174999999999997,1.9257583333333335,hard_skills,creativity,0.924,0.752,0.536,0.282,1,149
Tarek,Bouazizi,2.54,2.74,3.6,3.61,3B4,3.1225,0.3170916666666666,creativity,hard_skills,0.508,0.548,0.7200000000000001,0.722,3,150
Lina,Belkhir,4.55,4.93,1.06,1.79,3B93,3.0825000000000005,3.775958333333333,soft_skills,teamwork,0.91,0.986,0.21200000000000002,0.35800000000000004,0,150
Rami,Abidi,2.71,1.2,4.42,4.08,5SLEAM43,3.1025,2.1549583333333335,teamwork,soft_skills,0.542,0.24,0.884,0.8160000000000001,3,150
Hatem,Jlassi,1.96,4.6,2.56,3.33,1A33,3.1125,1.2978249999999998,soft_skills,hard_skills,0.392,0.9199999999999999,0.512,0.666,0,150
Ghada,Jebali,3.56,4.02,1.44,3.46,2A71,3.12,1.3138666666666665,soft_skills,teamwork,0.7120000000000001,0.8039999999999999,0.288,0.6920000000000001,0,151
Cyrine,Hamdi,4.28,2.03,5.0,1.05,4SIM89,3.0900000000000003,3.4497999999999998,teamwork,creativity,0.8560000000000001,0.40599999999999997,1.0,0.21000000000000002,1,151
Sarra,Guettari,0.93,2.32,4.2,4.85,3A73,3.075,3.195766666666666,creativity,hard_skills,0.18600000000000003,0.46399999999999997,0.8400000000000001,0.97,3,151
Rami,Jebali,3.92,3.09,2.15,3.32,1A77,3.12,0.5406,hard_skills,teamwork,0.784,0.618,0.43,0.664,0,151
Sonia,Saidi,4.46,3.43,2.76,1.82,3B49,3.1175,1.2370916666666667,hard_skills,creativity,0.892,0.686,0.5519999999999999,0.36400000000000005,1,152
Bilel,Chouchene,0.97,2.93,4.28,4.14,2A4,3.08,2.346066666666667,teamwork,hard_skills,0.194,0.5860000000000001,0.8560000000000001,0.828,3,152
Haythem,Ben Salah,4.56,1.66,1.75,4.43,1A13,3.0999999999999996,2.598866666666666,hard_skills,soft_skills,0.9119999999999999,0.332,0.35000000000000003,0.886,3,152
Chaima,Fourati,3.57,4.26,4.14,0.41,2A99,3.0949999999999998,3.2946999999999993,soft_skills,creativity,0.714,0.852,0.828,0.082,1,152
Wafa,Ayari,2.9,2.78,4.78,2.01,2P51,3.1175,1.3838916666666672,teamwork,creativity,0.58,0.5559999999999999,0.9560000000000001,0.40199999999999997,1,153
Hichem,Driss,2.46,4.68,0.38,4.68,5ARCTIC60,3.05,4.2636,soft_skills,teamwork,0.492,0.9359999999999999,0.07600000000000001,0.9359999999999999,0,153
Yasmine,Ben Salah,4.98,1.04,4.06,2.27,5GAMIX57,3.0875,3.129291666666667,hard_skills,soft_skills,0.9960000000000001,0.20800000000000002,0.8119999999999999,0.454,3,153
Hatem,Jaziri,2.26,4.92,1.71,3.52,5SAE33,3.1025,2.0421583333333335,soft_skills,teamwork,0.45199999999999996,0.984,0.342,0.7040000000000001,0,153
Fethi,Hamdi,4.12,4.07,2.85,1.43,2A73,3.1175,1.610491666666667,hard_skills,creativity,0.8240000000000001,0.8140000000000001,0.5700000000000001,0.286,1,154
Hiba,Khlifi,2.42,0.58,4.55,4.72,3A88,3.0675,3.8451583333333326,creativity,soft_skills,0.484,0.11599999999999999,0.91,0.944,3,154
Samira,Abidi,2.88,4.68,1.96,2.89,2A77,3.1025,1.2961583333333329,soft_skills,teamwork,0.576,0.9359999999999999,0.392,0.5780000000000001,0,154
Wassim,Slimani,3.07,1.81,3.97,3.6,4IOSYS40,3.1125,0.890425,teamwork,soft_skills,0.614,0.36200000000000004,0.794,0.7200000000000001,3,154
Hiba,Toumi,3.1,3.51,3.95,1.91,4BI6,3.1174999999999997,0.7684916666666668,teamwork,creativity,0.6200000000000001,0.702,0.79,0.382,1,155
Nabil,Cherif,3.74,0.64,3.03,4.96,2P21,3.0925000000000002,3.3084916666666664,creativity,soft_skills,0.7480000000000001,0.128,0.606,0.992,3,155
Karim,Haddad,3.17,4.74,3.51,0.91,1A90,3.0825,2.5524916666666666,soft_skills,creativity,0.634,0.9480000000000001,0.702,0.18200000000000002,1,155
Fethi,Cherif,2.62,3.91,0.88,4.87,5BI77,3.0700000000000003,2.9814000000000007,creativity,teamwork,0.524,0.782,0.17600000000000002,0.9740000000000001,0,155
Wided,Ben Ali,2.88,3.74,3.99,1.83,4ARCTIC87,3.11,0.9542000000000002,teamwork,creativity,0.576,0.7480000000000001,0.798,0.36600000000000005,1,156
Bechir,Chouchene,4.6,0.53,2.17,4.91,3A60,3.0525,4.328958333333333,creativity,soft_skills,0.9199999999999999,0.10600000000000001,0.434,0.9820000000000001,3,156
Adel,Trabelsi,1.63,4.92,3.71,1.98,2P87,3.06,2.3644666666666665,soft_skills,hard_skills,0.326,0.984,0.742,0.396,1,156
Walid,Makni,4.11,1.93,3.94,2.45,4ARCTIC27,3.1075,1.172291666666667,hard_skills,soft_skills,0.8220000000000001,0.386,0.788,0.49000000000000005,3,156
Aymen,Jebali,3.48,3.32,4.01,1.6,2A32,3.1024999999999996,1.0902916666666664,teamwork,creativity,0.6960000000000001,0.664,0.802,0.32000000000000006,1,157
Chokri,Nasri,2.31,3.95,1.27,4.69,5NIDS7,3.0549999999999997,2.405166666666667,creativity,teamwork,0.462,0.79,0.254,0.9380000000000002,0,157
Ismail,Nasri,3.8,0.08,4.34,4.11,5SAE2,3.0824999999999996,4.055625,teamwork,soft_skills,0.76,0.016,0.868,0.8220000000000001,3,157
Hichem,Baccouche,3.33,4.35,4.45,0.2,5SIM57,3.0824999999999996,3.948891666666666,teamwork,creativity,0.666,0.87,0.8900000000000001,0.04000000000000001,1,157
Iheb,Ayari,2.33,2.94,4.25,2.82,2P19,3.085,0.6728333333333333,teamwork,hard_skills,0.466,0.588,0.8500000000000001,0.564,3,158
Nizar,Ferjani,4.65,3.03,0.57,4.03,3B42,3.0700000000000003,3.2232000000000007,hard_skills,teamwork,0.9300000000000002,0.606,0.11399999999999999,0.806,0,158
Ghada,Zayani,1.87,4.2,4.28,1.93,5TWIN27,3.0700000000000003,1.8268666666666669,teamwork,hard_skills,0.37400000000000005,0.8400000000000001,0.8560000000000001,0.386,1,158
Lotfi,Ferjani,3.24,0.81,3.51,4.72,1A39,3.0700000000000003,2.6842,creativity,soft_skills,0.6480000000000001,0.16200000000000003,0.702,0.944,3,158
Rym,Guettari,3.64,3.18,4.39,1.12,1A92,3.0825000000000005,1.9604249999999996,teamwork,creativity,0.7280000000000001,0.6360000000000001,0.878,0.22400000000000003,1,159
Ghada,Saidi,3.9,2.83,0.35,4.96,4NIDS26,3.01,3.900866666666667,creativity,teamwork,0.78,0.5660000000000001,0.06999999999999999,0.992,0,159
Hamza,Zouari,1.43,2.86,4.67,3.34,5ARCTIC60,3.075,1.788833333333333,teamwork,hard_skills,0.286,0.572,0.934,0.668,3,159
Karim,Jebali,4.79,4.36,2.89,0.26,2A75,3.075,4.183633333333334,hard_skills,creativity,0.9580000000000001,0.8720000000000001,0.5780000000000001,0.052000000000000005,1,159
Amine,Haddad,3.34,2.9,3.66,2.43,2A4,3.0825,0.28629166666666667,teamwork,creativity,0.668,0.58,0.7320000000000001,0.48600000000000004,1,160
Dorra,Nasri,1.91,4.3,1.73,4.3,5TWIN27,3.0599999999999996,2.0555333333333334,soft_skills,teamwork,0.382,0.86,0.34600000000000003,0.86,0,160
Nadia,Ammar,4.36,1.5,4.85,1.56,2A98,3.0675000000000003,3.1924916666666667,teamwork,soft_skills,0.8720000000000001,0.30000000000000004,0.97,0.31200000000000006,3,160
Lina,Ferjani,4.02,3.36,1.31,3.61,5ARCTIC86,3.0749999999999997,1.4585666666666661,hard_skills,teamwork,0.8039999999999999,0.672,0.262,0.722,0,160
Olfa,Kanzari,2.81,3.23,3.22,3.07,1A43,3.0825,0.03835833333333334,soft_skills,hard_skills,0.562,0.646,0.6440000000000001,0.614,3,161
Ghada,Nasri,4.72,1.93,1.98,3.63,3A60,3.0649999999999995,1.841233333333333,hard_skills,soft_skills,0.944,0.386,0.396,0.726,3,161
Olfa,Slimani,1.67,4.8,4.46,1.26,1A85,3.0475,3.3863583333333334,soft_skills,creativity,0.334,0.96,0.892,0.252,1,161
Dorra,Slimani,2.75,1.86,2.75,4.91,3B81,3.0675,1.6848250000000002,creativity,soft_skills,0.55,0.37200000000000005,0.55,0.9820000000000001,3,161
Hedi,Belkhir,4.12,2.59,2.07,3.51,3B11,3.0725,0.8421583333333335,hard_skills,teamwork,0.8240000000000001,0.518,0.414,0.702,0,162
Leila,Saidi,0.78,3.72,4.85,2.8,2A77,3.0374999999999996,2.967891666666666,teamwork,hard_skills,0.15600000000000003,0.7440000000000001,0.97,0.5599999999999999,1,162
Ghassen,Sassi,4.63,2.54,1.42,3.66,5ARCTIC60,3.0625,1.9282916666666667,hard_skills,teamwork,0.926,0.508,0.284,0.7320000000000001,0,162
Farah,Turki,3.54,4.36,4.21,0.18,4ARCTIC27,3.0725,3.8455583333333334,soft_skills,creativity,0.7080000000000001,0.8720000000000001,0.8420000000000001,0.036,1,162
Mouna,Jebali,2.47,4.93,2.56,2.32,3A19,3.0700000000000003,1.5473999999999997,soft_skills,creativity,0.49400000000000005,0.986,0.512,0.46399999999999997,1,163
Sami,Slimani,4.15,0.57,3.81,3.73,3A88,3.0650000000000004,2.799833333333334,hard_skills,soft_skills,0.8300000000000001,0.11399999999999999,0.762,0.746,3,163
Zaineb,Hamdi,0.85,4.37,3.44,3.6,1A10,3.065,2.3453666666666666,soft_skills,hard_skills,0.17,0.8740000000000001,0.6880000000000001,0.7200000000000001,1,163
Hela,Chaabane,4.34,2.64,3.37,1.93,3A66,3.0700000000000003,1.0624666666666664,hard_skills,creativity,0.868,0.528,0.674,0.386,1,163
Sami,Khemiri,2.59,4.52,3.72,1.45,2P21,3.07,1.7932666666666666,soft_skills,creativity,0.518,0.9039999999999999,0.7440000000000001,0.29,1,164
Leila,Ben Salah,4.72,0.56,2.11,4.73,4GAMIX39,3.03,4.231133333333333,creativity,soft_skills,0.944,0.11200000000000002,0.422,0.9460000000000002,3,164
Khadija,Mansour,1.93,4.94,4.28,1.05,2A49,3.0500000000000003,3.4464666666666672,soft_skills,creativity,0.386,0.9880000000000001,0.8560000000000001,0.21000000000000002,1,164
Sofiene,Zouari,3.06,1.57,3.46,4.15,1A13,3.06,1.1894,creativity,soft_skills,0.6120000000000001,0.31400000000000006,0.6920000000000001,0.8300000000000001,3,164
Rym,Zayani,3.61,3.41,3.99,1.27,1A1,3.07,1.497866666666667,teamwork,creativity,0.722,0.682,0.798,0.254,1,165
Chokri,Toumi,2.12,3.12,2.02,4.88,5IOSYS22,3.035,1.7595666666666663,creativity,teamwork,0.42400000000000004,0.6240000000000001,0.404,0.976,0,165
Hamza,Mabrouk,4.37,1.12,3.68,3.06,2P36,3.0575,1.954691666666667,hard_skills,soft_skills,0.8740000000000001,0.22400000000000003,0.7360000000000001,0.6120000000000001,3,165
Anis,Lahmar,2.12,4.37,1.94,3.8,5IOSYS7,3.0575,1.467225,soft_skills,teamwork,0.42400000000000004,0.8740000000000001,0.388,0.76,0,165
Asma,Ben Amor,2.52,3.46,3.04,3.25,2A31,3.0675,0.162625,soft_skills,hard_skills,0.504,0.6920000000000001,0.6080000000000001,0.65,0,166
Nour,Fourati,4.78,0.92,4.74,1.68,3A19,3.0300000000000002,4.087066666666668,hard_skills,soft_skills,0.9560000000000001,0.18400000000000002,0.9480000000000001,0.336,3,166
Farah,Belkhir,1.24,4.65,1.41,4.74,4TWIN23,3.0100000000000002,3.7918000000000007,creativity,hard_skills,0.248,0.9300000000000002,0.282,0.9480000000000001,0,166
Sami,Ammar,4.28,2.96,4.61,0.36,1A95,3.0525,3.730225000000001,teamwork,creativity,0.8560000000000001,0.592,0.9220000000000002,0.072,1,166
Lobna,Nasri,4.05,3.25,1.35,3.61,5SE100,3.065,1.414233333333333,hard_skills,teamwork,0.81,0.65,0.27,0.722,0,167
Meriem,Slimani,1.81,2.2,4.86,3.33,2A99,3.0500000000000003,1.8715333333333337,teamwork,hard_skills,0.36200000000000004,0.44000000000000006,0.9720000000000001,0.666,3,167
Wided,Hamdi,3.2,4.15,3.95,0.87,1A10,3.0425,2.264891666666667,soft_skills,creativity,0.6400000000000001,0.8300000000000001,0.79,0.17400000000000002,1,167
Dorra,Maaloul,4.09,3.87,0.22,4.02,5SAE59,3.05,3.5679333333333325,hard_skills,teamwork,0.8180000000000001,0.774,0.044000000000000004,0.8039999999999999,0,167
Fethi,Turki,1.86,4.38,4.07,1.93,1A64,3.06,1.8264666666666667,soft_skills,hard_skills,0.37200000000000005,0.876,0.8140000000000001,0.386,1,168
Youssef,Lahmar,4.94,1.78,0.41,4.87,5INFINI39,3.0,5.152333333333334,hard_skills,teamwork,0.9880000000000001,0.35600000000000004,0.082,0.9740000000000001,0,168
Nabil,Khlifi,1.93,2.0,4.53,3.75,3B60,3.0525,1.679091666666667,teamwork,hard_skills,0.386,0.4,0.9060000000000001,0.75,3,168
Leila,Belkhir,4.58,3.27,3.02,1.31,2A75,3.045,1.8059,hard_skills,creativity,0.916,0.654,0.6040000000000001,0.262,1,168
Amel,Nasri,2.19,3.66,3.17,3.22,3B60,3.06,0.38486666666666675,soft_skills,hard_skills,0.438,0.7320000000000001,0.634,0.6440000000000001,0,169
Mourad,Zouari,4.82,0.84,2.81,3.66,2A27,3.0325,2.815158333333334,hard_skills,soft_skills,0.9640000000000001,0.168,0.562,0.7320000000000001,3,169
Sonia,Sassi,0.94,4.9,3.99,2.23,4SAE18,3.015,3.141900000000001,soft_skills,hard_skills,0.188,0.9800000000000001,0.798,0.446,1,169
Aymen,Chebbi,4.57,3.37,0.58,3.68,1A90,3.05,2.9702,hard_skills,teamwork,0.9140000000000001,0.674,0.11599999999999999,0.7360000000000001,0,169
Emna,Jaziri,2.39,0.88,4.54,4.4,2A73,3.0525,3.062358333333334,teamwork,soft_skills,0.47800000000000004,0.17600000000000002,0.908,0.8800000000000001,3,170
Ines,Chaabane,4.83,4.87,1.27,1.07,5SAE2,3.01,4.521066666666667,soft_skills,creativity,0.9660000000000001,0.9740000000000001,0.254,0.21400000000000002,0,170
Walid,Chouchene,0.24,4.11,3.4,4.38,2A73,3.0324999999999998,3.636624999999999,creativity,hard_skills,0.048,0.8220000000000001,0.68,0.876,3,170
Hend,Guettari,4.68,2.34,4.27,0.89,1A80,3.045,3.104966666666666,hard_skills,creativity,0.9359999999999999,0.46799999999999997,0.854,0.17800000000000002,1,170
Bechir,Maaloul,3.46,3.87,1.31,3.56,1A82,3.0500000000000003,1.3760666666666668,soft_skills,teamwork,0.6920000000000001,0.774,0.262,0.7120000000000001,0,171
Nizar,Miled,3.47,1.57,4.59,2.46,1A85,3.0225,1.6944916666666667,teamwork,soft_skills,0.6940000000000001,0.31400000000000006,0.918,0.492,3,171
Amine,Hamdi,1.03,4.91,2.18,3.96,4SIM89,3.0200000000000005,3.040466666666667,soft_skills,hard_skills,0.20600000000000002,0.9820000000000001,0.43600000000000005,0.792,0,171
Meriem,Ben Ali,4.22,0.76,4.1,3.11,5SIM57,3.0474999999999994,2.573025,hard_skills,soft_skills,0.844,0.15200000000000002,0.82,0.622,3,171
Fares,Karoui,3.21,3.57,3.02,2.4,4NIDS26,3.05,0.2398,soft_skills,creativity,0.642,0.714,0.6040000000000001,0.48,1,172
Lina,Chaabane,4.29,0.29,3.12,4.41,4SIM89,3.0275,3.6692250000000004,creativity,soft_skills,0.8580000000000001,0.057999999999999996,0.6240000000000001,0.8820000000000001,3,172
Salma,Nasri,2.16,4.98,2.12,2.86,5INFINI39,3.0300000000000002,1.805466666666667,soft_skills,teamwork,0.43200000000000005,0.9960000000000001,0.42400000000000004,0.572,0,172
Sonia,Rekik,2.26,3.15,3.59,3.17,5SAE2,3.0425,0.3132916666666667,teamwork,hard_skills,0.45199999999999996,0.63,0.718,0.634,3,172
Chokri,Ben Amor,4.87,2.18,1.72,3.4,2P82,3.0425000000000004,1.9868249999999998,hard_skills,teamwork,0.9740000000000001,0.43600000000000005,0.34400000000000003,0.68,0,173
Mourad,Zayani,0.36,3.71,4.72,3.2,5IOSYS5,2.9974999999999996,3.4906916666666667,teamwork,hard_skills,0.072,0.742,0.944,0.6400000000000001,1,173
Ghada,Khemiri,4.51,2.39,2.23,3.04,2A4,3.0425000000000004,1.0798249999999998,hard_skills,teamwork,0.902,0.47800000000000004,0.446,0.6080000000000001,0,173
Khadija,Jaziri,1.65,4.16,3.82,2.47,3B85,3.0250000000000004,1.3729666666666667,soft_skills,hard_skills,0.33,0.8320000000000001,0.764,0.49400000000000005,1,173
Haythem,Fourati,3.38,3.93,1.1,3.76,1A10,3.0425,1.7298916666666664,soft_skills,teamwork,0.676,0.786,0.22000000000000003,0.752,0,174
Youssef,Driss,4.91,1.18,4.65,1.23,3A70,2.9925,4.271891666666668,hard_skills,soft_skills,0.9820000000000001,0.236,0.9300000000000002,0.246,1,174
Sabrine,Sassi,0.35,4.52,3.42,3.74,5IOSYS22,3.0075,3.3522249999999993,soft_skills,hard_skills,0.06999999999999999,0.9039999999999999,0.684,0.7480000000000001,0,174
Hichem,Chebbi,4.61,1.84,2.85,2.85,3A60,3.0375,1.325691666666667,hard_skills,soft_skills,0.9220000000000002,0.36800000000000005,0.5700000000000001,0.5700000000000001,3,174
Amel,Kanzari,3.66,3.1,1.6,3.8,1A85,3.04,1.0130666666666663,creativity,teamwork,0.7320000000000001,0.6200000000000001,0.32000000000000006,0.76,0,175
Wafa,Lahmar,2.09,4.57,4.94,0.31,2A61,2.9775000000000005,4.763558333333334,teamwork,creativity,0.418,0.9140000000000001,0.9880000000000001,0.062,1,175
Hamza,Ben Ali,4.0,0.72,3.09,4.27,3A10,3.0199999999999996,2.605933333333333,creativity,soft_skills,0.8,0.144,0.618,0.854,3,175
Emna,Nasri,3.23,3.24,1.69,4.0,3A73,3.04,0.9400666666666667,creativity,teamwork,0.646,0.6480000000000001,0.338,0.8,0,175
Lina,Rekik,3.45,4.07,2.0,2.64,1A10,3.04,0.8235333333333337,soft_skills,teamwork,0.6900000000000001,0.8140000000000001,0.4,0.528,0,176
Zaineb,Rekik,1.49,1.38,4.97,4.09,2A49,2.9825,3.324091666666666,teamwork,soft_skills,0.298,0.27599999999999997,0.994,0.8180000000000001,3,176
Fatma,Ferjani,3.72,4.55,0.6,3.25,4TWIN23,3.03,2.913266666666667,soft_skills,teamwork,0.7440000000000001,0.91,0.12,0.65,0,176
Zied,Makni,4.74,0.65,4.33,2.34,4SAE18,3.015,3.584566666666667,hard_skills,soft_skills,0.9480000000000001,0.13,0.8660000000000001,0.46799999999999997,3,176
Nadia,Mansour,1.05,2.33,4.01,4.75,3A10,3.035,2.7763666666666666,creativity,hard_skills,0.21000000000000002,0.466,0.802,0.9500000000000001,3,177
Hend,Gharbi,4.98,4.31,1.44,1.04,5SIM57,2.9425,3.966158333333333,hard_skills,creativity,0.9960000000000001,0.862,0.288,0.20800000000000002,0,177
Aymen,Maaloul,3.69,1.89,4.14,2.42,1A82,3.0349999999999997,1.1130999999999998,teamwork,soft_skills,0.738,0.378,0.828,0.484,3,177
Rim,Sassi,1.13,4.67,1.53,4.67,5ARCTIC60,3.0,3.7452,soft_skills,hard_skills,0.22599999999999998,0.934,0.30600000000000005,0.934,0,177
Mehdi,Zayani,4.33,2.78,2.55,2.45,4GAMIX83,3.0275,0.7730916666666667,hard_skills,creativity,0.8660000000000001,0.5559999999999999,0.51,0.49000000000000005,0,178
Chokri,Trabelsi,0.24,2.55,4.61,4.63,2P21,3.0075000000000003,4.3562916666666665,creativity,hard_skills,0.048,0.51,0.9220000000000002,0.926,3,178
Amine,Guettari,4.5,3.82,1.57,2.2,3B67,3.0225,1.8684249999999996,hard_skills,teamwork,0.9,0.764,0.31400000000000006,0.44000000000000006,0,178
Sarra,Mejri,4.51,1.87,3.4,2.31,1A90,3.0225,1.3970249999999995,hard_skills,soft_skills,0.902,0.37400000000000005,0.68,0.462,3,178
Manel,Mejri,4.62,1.33,2.78,3.36,2A25,3.0225,1.8630916666666666,hard_skills,soft_skills,0.924,0.266,0.5559999999999999,0.672,3,179
Eya,Ammar,0.51,4.73,4.33,2.14,2A77,2.9275,3.8934916666666677,soft_skills,hard_skills,0.10200000000000001,0.9460000000000002,0.8660000000000001,0.42800000000000005,1,179
Eya,Mansour,4.06,3.8,0.1,4.12,5SE100,3.0199999999999996,3.8087999999999993,creativity,teamwork,0.8119999999999999,0.76,0.020000000000000004,0.8240000000000001,0,179
Nour,Bouazizi,1.3,2.24,4.99,3.48,1A23,3.0025000000000004,2.5526916666666666,teamwork,hard_skills,0.26,0.44800000000000006,0.9980000000000001,0.6960000000000001,3,179
Amine,Khlifi,4.21,3.28,2.36,2.24,2A35,3.0225,0.8425583333333332,hard_skills,creativity,0.8420000000000001,0.656,0.472,0.44800000000000006,0,180
Wafa,Slimani,1.05,2.38,4.29,4.26,5NIDS7,2.995,2.4795,teamwork,hard_skills,0.21000000000000002,0.476,0.8580000000000001,0.852,3,180
Lina,Baccouche,3.18,4.78,2.9,1.22,1A16,3.0200000000000005,2.125866666666667,soft_skills,creativity,0.6360000000000001,0.9560000000000001,0.58,0.244,1,180
Rania,Turki,4.09,1.04,2.35,4.53,1A1,3.0025000000000004,2.5976916666666665,creativity,soft_skills,0.8180000000000001,0.20800000000000002,0.47000000000000003,0.9060000000000001,3,180
Bechir,Ferjani,3.28,2.6,3.44,2.75,1A74,3.0175,0.16442499999999993,teamwork,soft_skills,0.656,0.52,0.6880000000000001,0.55,3,181
Ahmed,Khemiri,2.27,3.94,0.83,4.93,3B23,2.9924999999999997,3.2833583333333327,creativity,teamwork,0.454,0.788,0.166,0.986,0,181
Bechir,Lahmar,3.97,2.51,4.11,1.43,3A66,3.005,1.625966666666667,teamwork,creativity,0.794,0.502,0.8220000000000001,0.286,1,181
Lotfi,Ben Ali,1.88,3.35,4.43,2.37,1A95,3.0075000000000003,1.2728249999999999,teamwork,hard_skills,0.376,0.67,0.886,0.47400000000000003,1,181
Haythem,Toumi,3.56,4.27,1.99,2.22,3B23,3.0100000000000002,1.1848666666666663,soft_skills,teamwork,0.7120000000000001,0.854,0.398,0.44400000000000006,0,182
Hiba,Jlassi,3.06,0.2,4.58,4.0,1A33,2.96,3.7778666666666663,teamwork,soft_skills,0.6120000000000001,0.04000000000000001,0.916,0.8,3,182
Manel,Cherif,2.49,4.97,3.01,1.57,1A95,3.01,2.061866666666666,soft_skills,creativity,0.49800000000000005,0.994,0.602,0.31400000000000006,1,182
Rim,Driss,3.3,1.64,2.22,4.86,1A13,3.005,2.0025000000000004,creativity,soft_skills,0.66,0.328,0.44400000000000006,0.9720000000000001,3,182
Hend,Chaabane,3.56,0.6,3.94,3.94,1A39,3.01,2.6134666666666666,teamwork,soft_skills,0.7120000000000001,0.12,0.788,0.788,3,183
Sofiene,Ayari,4.02,4.72,2.11,1.11,2P21,2.9899999999999993,2.7875333333333328,soft_skills,creativity,0.8039999999999999,0.944,0.422,0.22200000000000003,1,183
Leila,Mejri,1.37,4.56,2.01,4.06,5TWIN79,3.0,2.3980666666666663,soft_skills,hard_skills,0.274,0.9119999999999999,0.40199999999999997,0.8119999999999999,0,183
Nadia,Kanzari,2.77,2.94,4.58,1.74,4GAMIX83,3.0075,1.380091666666667,teamwork,creativity,0.554,0.588,0.916,0.34800000000000003,1,183
Leila,Ben Ali,3.51,2.62,2.51,3.39,2P51,3.0075000000000003,0.2654916666666666,hard_skills,teamwork,0.702,0.524,0.502,0.678,3,184
Rym,Miled,2.62,3.12,4.85,1.4,2P19,2.9975,2.0470916666666663,teamwork,creativity,0.524,0.6240000000000001,0.97,0.27999999999999997,1,184
Siwar,Jlassi,3.56,4.57,0.3,3.57,3A88,3.0000000000000004,3.464466666666668,soft_skills,teamwork,0.7120000000000001,0.9140000000000001,0.06,0.714,0,184
Bechir,Cherif,1.74,1.44,4.51,4.21,4SIM89,2.9749999999999996,2.5876333333333332,teamwork,soft_skills,0.34800000000000003,0.288,0.902,0.8420000000000001,3,184
Siwar,Ayari,1.33,3.29,4.29,3.11,3B42,3.005,1.5163666666666666,teamwork,hard_skills,0.266,0.658,0.8580000000000001,0.622,3,185
Bilel,Khlifi,4.86,2.62,0.31,4.17,1A48,2.99,4.069533333333333,hard_skills,teamwork,0.9720000000000001,0.524,0.062,0.8340000000000001,0,185
Rim,Ghanouchi,3.83,4.44,3.56,0.14,5SAE2,2.9925,3.751825,soft_skills,creativity,0.766,0.8880000000000001,0.7120000000000001,0.028000000000000004,1,185
Ali,Ferjani,3.17,0.84,3.06,4.88,1A92,2.9875,2.7439583333333335,creativity,soft_skills,0.634,0.168,0.6120000000000001,0.976,3,185
Hend,Bouazizi,3.56,1.46,3.41,3.58,1A39,3.0025,1.063225,creativity,soft_skills,0.7120000000000001,0.292,0.682,0.7160000000000001,3,186
Khalil,Ayari,3.97,4.57,1.98,1.42,5SE99,2.9850000000000003,2.3139000000000007,soft_skills,creativity,0.794,0.9140000000000001,0.396,0.284,1,186
Chokri,Gharbi,1.43,3.12,3.77,3.65,2P36,2.9925,1.1648250000000002,teamwork,hard_skills,0.286,0.6240000000000001,0.754,0.73,3,186
Hedi,Zayani,4.31,1.57,1.71,4.37,1A90,2.99,2.4338666666666664,creativity,soft_skills,0.862,0.31400000000000006,0.342,0.8740000000000001,3,186
Fares,Belkhir,2.81,3.53,3.64,2.01,3A69,2.9975,0.5688916666666667,teamwork,creativity,0.562,0.706,0.7280000000000001,0.40199999999999997,1,187
Hiba,Ben Amor,4.77,1.5,0.95,4.66,2P30,2.9699999999999998,4.112466666666666,hard_skills,teamwork,0.954,0.30000000000000004,0.19,0.932,0,187
Lotfi,Chouchene,0.35,4.27,4.3,2.86,2A4,2.9449999999999994,3.4442999999999997,teamwork,hard_skills,0.06999999999999999,0.854,0.86,0.572,1,187
Omar,Mabrouk,4.78,2.29,3.26,1.64,4IOSYS40,2.9925,1.8631583333333337,hard_skills,creativity,0.9560000000000001,0.458,0.652,0.328,1,187
Leila,Kanzari,4.02,4.09,2.79,1.08,5TWIN27,2.9949999999999997,1.9862999999999993,soft_skills,creativity,0.8039999999999999,0.8180000000000001,0.558,0.21600000000000003,1,188
Fares,Driss,2.37,0.96,3.54,4.86,4GAMIX39,2.9325,2.7638250000000006,creativity,soft_skills,0.47400000000000003,0.192,0.7080000000000001,0.9720000000000001,3,188
Hichem,Gharbi,3.88,4.58,1.14,2.34,3B67,2.9850000000000003,2.3883666666666667,soft_skills,teamwork,0.776,0.916,0.22799999999999998,0.46799999999999997,0,188
Mohamed,Nasri,1.45,2.91,3.95,3.63,5GAMIX42,2.9850000000000003,1.2363666666666668,teamwork,hard_skills,0.29,0.5820000000000001,0.79,0.726,3,188
Nadia,Hamdi,4.84,2.76,2.23,2.14,2A89,2.9925,1.591825,hard_skills,creativity,0.968,0.5519999999999999,0.446,0.42800000000000005,0,189
Chaima,Driss,0.19,3.19,4.54,3.81,5SE32,2.9325,3.6472250000000006,teamwork,hard_skills,0.038000000000000006,0.638,0.908,0.762,3,189
Chaima,Ammar,4.65,4.38,0.19,2.67,1A16,2.9725,4.209625000000001,hard_skills,teamwork,0.9300000000000002,0.876,0.038000000000000006,0.534,0,189
Sonia,Karoui,2.19,1.35,4.96,3.36,2A77,2.965,2.4482999999999997,teamwork,soft_skills,0.438,0.27,0.992,0.672,3,189
Samira,Saidi,2.86,3.63,2.55,2.93,2A63,2.9924999999999997,0.20789166666666667,soft_skills,teamwork,0.572,0.726,0.51,0.5860000000000001,0,190
Fatma,Jebali,3.07,0.5,4.68,3.6,4SIM62,2.9625,3.1438916666666663,teamwork,soft_skills,0.614,0.1,0.9359999999999999,0.7200000000000001,3,190
Amel,Saidi,3.65,4.71,1.11,2.41,3B23,2.9699999999999998,2.4210666666666665,soft_skills,teamwork,0.73,0.9420000000000001,0.22200000000000003,0.48200000000000004,0,190
Asma,Khlifi,1.71,3.62,4.38,2.22,3A97,2.9825000000000004,1.5200249999999997,teamwork,hard_skills,0.342,0.7240000000000001,0.876,0.44400000000000006,1,190
Oussama,Mabrouk,4.68,1.33,3.07,2.88,2A27,2.99,1.8767333333333331,hard_skills,soft_skills,0.9359999999999999,0.266,0.614,0.576,3,191
Ahmed,Mejri,0.59,4.84,2.44,3.81,4SIM89,2.92,3.3792666666666666,soft_skills,hard_skills,0.118,0.968,0.488,0.762,0,191
Rania,Baccouche,4.5,2.25,3.69,1.46,3B84,2.9749999999999996,1.8859000000000001,hard_skills,creativity,0.9,0.45,0.738,0.292,1,191
Ismail,Jlassi,3.05,3.81,0.46,4.61,1A90,2.9825,3.233691666666667,creativity,teamwork,0.61,0.762,0.09200000000000001,0.9220000000000002,0,191
Bilel,Zayani,2.29,3.78,2.74,3.15,2A75,2.99,0.40073333333333316,soft_skills,hard_skills,0.458,0.756,0.548,0.63,0,192
Ahmed,Nasri,4.93,0.3,3.05,3.55,2A32,2.9574999999999996,3.770891666666667,hard_skills,soft_skills,0.986,0.06,0.61,0.71,3,192
Sonia,Turki,1.09,4.57,3.32,2.86,1A80,2.96,2.0762,soft_skills,hard_skills,0.21800000000000003,0.9140000000000001,0.664,0.572,1,192
Wafa,Jebali,3.65,2.62,1.64,4.04,2A77,2.9875,1.1658250000000001,creativity,teamwork,0.73,0.524,0.328,0.808,0,192
Rim,Haddad,2.64,2.99,2.32,4.0,4SAE18,2.9875000000000003,0.5304916666666667,creativity,teamwork,0.528,0.5980000000000001,0.46399999999999997,0.8,0,193
Fatma,Slimani,4.47,3.48,3.52,0.34,3A55,2.9524999999999997,3.242758333333333,hard_skills,creativity,0.894,0.6960000000000001,0.7040000000000001,0.068,1,193
Mariem,Zouari,1.27,1.75,4.62,4.16,1A23,2.95,2.838466666666667,teamwork,hard_skills,0.254,0.35000000000000003,0.924,0.8320000000000001,3,193
Ismail,Maaloul,3.8,3.98,0.03,3.98,3B85,2.9475,3.790225,soft_skills,teamwork,0.76,0.796,0.006,0.796,0,193
Sofiene,Toumi,2.55,3.01,2.2,4.18,3B49,2.985,0.7446999999999998,creativity,teamwork,0.51,0.602,0.44000000000000006,0.836,0,194
Asma,Ben Salah,4.23,2.01,4.62,0.9,5INFINI39,2.94,3.1710000000000007,teamwork,creativity,0.8460000000000001,0.40199999999999997,0.924,0.18000000000000002,1,194
Sabrine,Guettari,2.19,4.78,0.61,4.21,2P99,2.9475000000000002,3.6632250000000006,soft_skills,teamwork,0.438,0.9560000000000001,0.122,0.8420000000000001,0,194
Sarra,Ben Ali,2.51,1.7,4.78,2.89,2A71,2.97,1.7023333333333337,teamwork,soft_skills,0.502,0.34,0.9560000000000001,0.5780000000000001,3,194
Emna,Baccouche,2.4,2.7,3.58,3.24,4SAE18,2.98,0.28080000000000005,teamwork,hard_skills,0.48,0.54,0.7160000000000001,0.6480000000000001,3,195
Yasmine,Zouari,4.3,4.62,0.48,2.39,2A58,2.9475000000000002,3.675291666666667,soft_skills,teamwork,0.86,0.924,0.096,0.47800000000000004,0,195
Cyrine,Ghanouchi,2.42,0.08,4.97,4.15,2A73,2.9050000000000002,4.676699999999999,teamwork,soft_skills,0.484,0.016,0.994,0.8300000000000001,3,195
Dorra,Ferjani,2.88,4.01,3.41,1.57,3A69,2.9675000000000002,1.0810916666666666,soft_skills,creativity,0.576,0.802,0.682,0.31400000000000006,1,195
Khalil,Karoui,3.73,3.08,1.73,3.37,5ARCTIC86,2.9775,0.7623583333333334,hard_skills,teamwork,0.746,0.6160000000000001,0.34600000000000003,0.674,0,196
Anis,Hamdi,0.9,2.34,4.74,3.8,4ARCTIC27,2.9450000000000003,2.8337000000000003,teamwork,hard_skills,0.18000000000000002,0.46799999999999997,0.9480000000000001,0.76,3,196
Lina,Maaloul,4.04,4.51,1.88,1.39,5SLEAM19,2.955,2.4000333333333335,soft_skills,creativity,0.808,0.902,0.376,0.27799999999999997,0,196
Khalil,Bouazizi,4.71,0.8,3.29,3.05,5TWIN79,2.9625000000000004,2.615025,hard_skills,soft_skills,0.9420000000000001,0.16000000000000003,0.658,0.61,3,196
Amel,Driss,4.88,1.56,2.48,2.98,1A95,2.975,1.9587666666666665,hard_skills,soft_skills,0.976,0.31200000000000006,0.496,0.596,3,197
Bechir,Mansour,0.88,4.06,4.24,2.56,1A62,2.935,2.4441,teamwork,hard_skills,0.17600000000000002,0.8119999999999999,0.8480000000000001,0.512,1,197
Sonia,Ben Amor,3.17,2.48,1.69,4.55,2P30,2.9725,1.4716249999999997,creativity,teamwork,0.634,0.496,0.338,0.91,0,197
Fatma,Bouazizi,4.09,2.51,3.99,1.22,2P19,2.9525,1.8558916666666667,hard_skills,creativity,0.8180000000000001,0.502,0.798,0.244,1,197
Amine,Chaabane,1.6,2.62,3.91,3.76,1A85,2.9725,1.169025,teamwork,hard_skills,0.32000000000000006,0.524,0.782,0.752,3,198
Adel,Mansour,4.87,4.32,1.11,1.38,3B93,2.92,3.8034000000000012,hard_skills,teamwork,0.9740000000000001,0.8640000000000001,0.22200000000000003,0.27599999999999997,0,198
Omar,Abidi,2.83,0.99,3.79,4.14,5SE100,2.9375,1.992358333333333,creativity,soft_skills,0.5660000000000001,0.198,0.758,0.828,3,198
Emna,Miled,2.65,4.48,1.45,3.28,5SE100,2.965,1.5963000000000003,soft_skills,teamwork,0.53,0.8960000000000001,0.29,0.656,0,198
Oumaima,Belkhir,3.53,2.87,2.27,3.2,3B93,2.9675000000000002,0.28882499999999994,hard_skills,teamwork,0.706,0.5740000000000001,0.454,0.6400000000000001,0,199
Ghassen,Lahmar,1.83,4.35,3.22,2.42,4GAMIX83,2.955,1.1893666666666665,soft_skills,hard_skills,0.36600000000000005,0.87,0.6440000000000001,0.484,1,199
Fares,Fourati,4.63,0.22,3.85,3.09,5INFINI39,2.9475,3.701625,hard_skills,soft_skills,0.926,0.044000000000000004,0.77,0.618,3,199
Amina,Ferjani,2.43,4.63,1.53,3.25,1A85,2.96,1.7329333333333332,soft_skills,teamwork,0.48600000000000004,0.926,0.30600000000000005,0.65,0,199
Nabil,Jebali,2.69,3.17,2.85,3.13,5SAE33,2.96,0.052666666666666646,soft_skills,hard_skills,0.538,0.634,0.5700000000000001,0.626,0,200
Anis,Ben Ali,4.86,1.71,4.12,1.09,2A75,2.9450000000000003,3.3380333333333336,hard_skills,creativity,0.9720000000000001,0.342,0.8240000000000001,0.21800000000000003,1,200
Wided,Mejri,1.12,4.97,0.82,4.73,1A80,2.91,5.0427333333333335,soft_skills,teamwork,0.22400000000000003,0.994,0.164,0.9460000000000002,0,200
Zied,Toumi,3.62,1.86,4.67,1.58,1A64,2.9325,2.1570249999999995,teamwork,creativity,0.7240000000000001,0.37200000000000005,0.934,0.31600000000000006,1,200
Wassim,Guettari,4.6,1.94,1.71,3.57,2A4,2.955,1.888166666666666,hard_skills,teamwork,0.9199999999999999,0.388,0.342,0.714,0,201
Manel,Turki,2.71,4.26,4.56,0.1,5ARCTIC60,2.9074999999999998,4.160358333333332,teamwork,creativity,0.542,0.852,0.9119999999999999,0.020000000000000004,1,201
Hedi,Makni,1.12,3.72,1.96,4.94,5IOSYS22,2.935,2.9603666666666673,creativity,hard_skills,0.22400000000000003,0.7440000000000001,0.392,0.9880000000000001,0,201
Ghassen,Slimani,3.99,0.87,2.86,4.02,2A49,2.935,2.1866999999999996,creativity,soft_skills,0.798,0.17400000000000002,0.572,0.8039999999999999,3,201
Nour,Khemiri,3.58,4.68,0.7,2.86,3B11,2.9549999999999996,2.8201,soft_skills,teamwork,0.7160000000000001,0.9359999999999999,0.13999999999999999,0.572,0,202
Tarek,Ben Salah,1.97,0.32,4.67,4.6,2A25,2.8899999999999997,4.514599999999999,teamwork,soft_skills,0.394,0.064,0.934,0.9199999999999999,3,202
Mourad,Sassi,4.63,3.64,3.09,0.32,1A13,2.92,3.4104666666666668,hard_skills,creativity,0.926,0.7280000000000001,0.618,0.064,1,202
Yasmine,Baccouche,0.84,4.01,3.04,3.86,5SIM56,2.9375,2.1370916666666666,soft_skills,hard_skills,0.168,0.802,0.6080000000000001,0.772,0,202
Sonia,Hamdi,4.12,3.49,2.72,1.47,1A13,2.95,1.3012666666666668,hard_skills,creativity,0.8240000000000001,0.6980000000000001,0.544,0.294,1,203
Rami,Haddad,1.28,2.18,3.31,4.93,1A92,2.925,2.476433333333333,creativity,hard_skills,0.256,0.43600000000000005,0.662,0.986,3,203
Ismail,Mansour,3.98,3.29,2.93,1.59,2A58,2.9475,1.0088249999999999,hard_skills,creativity,0.796,0.658,0.5860000000000001,0.31800000000000006,1,203
Nour,Saidi,1.7,3.11,2.35,4.61,4GAMIX39,2.9425,1.5678250000000002,creativity,hard_skills,0.34,0.622,0.47000000000000003,0.9220000000000002,0,203
Hatem,Ghanouchi,1.79,3.83,2.13,4.03,2P21,2.9450000000000003,1.319566666666667,creativity,hard_skills,0.35800000000000004,0.766,0.426,0.806,0,204
Ismail,Haddad,4.7,0.73,4.78,1.21,4GAMIX83,2.8550000000000004,4.777100000000001,teamwork,soft_skills,0.9400000000000001,0.146,0.9560000000000001,0.242,3,204
Lotfi,Sassi,2.84,4.55,0.91,3.44,4ARCTIC87,2.9349999999999996,2.3243,soft_skills,teamwork,0.568,0.91,0.18200000000000002,0.6880000000000001,0,204
Wided,Jaziri,2.49,2.62,4.21,2.44,2P51,2.94,0.7225999999999999,teamwork,creativity,0.49800000000000005,0.524,0.8420000000000001,0.488,1,204
Farah,Rekik,1.65,3.9,2.68,3.55,5GAMIX79,2.9450000000000003,1.0084333333333333,soft_skills,hard_skills,0.33,0.78,0.536,0.71,0,205
Rami,Kanzari,4.81,1.59,3.63,1.65,1A7,2.92,2.4859999999999993,hard_skills,soft_skills,0.962,0.31800000000000006,0.726,0.33,3,205
Khalil,Ben Amor,2.19,4.57,1.66,3.34,3A88,2.94,1.6726000000000003,soft_skills,teamwork,0.438,0.9140000000000001,0.332,0.668,0,205
Sonia,Ben Salah,3.04,0.25,3.99,4.37,1A64,2.9125,3.4634916666666666,creativity,soft_skills,0.6080000000000001,0.05,0.798,0.8740000000000001,3,205
Nadia,Cherif,3.55,3.11,3.88,1.23,3B84,2.9425,1.4028916666666664,teamwork,creativity,0.71,0.622,0.776,0.246,1,206
Mourad,Karoui,3.87,3.29,0.23,4.35,2P30,2.935,3.439833333333333,creativity,teamwork,0.774,0.658,0.046000000000000006,0.87,0,206
Hichem,Mabrouk,1.94,2.54,4.6,2.53,4GAMIX39,2.9025,1.359358333333333,teamwork,hard_skills,0.388,0.508,0.9199999999999999,0.506,3,206
Youssef,Zayani,2.16,2.62,2.56,4.41,3A19,2.9375,1.0053583333333334,creativity,hard_skills,0.43200000000000005,0.524,0.512,0.8820000000000001,3,206
Khalil,Khemiri,2.64,2.33,3.68,3.12,1A23,2.9425,0.3473583333333334,teamwork,soft_skills,0.528,0.466,0.7360000000000001,0.6240000000000001,3,207
Rania,Saidi,3.77,4.88,0.54,2.57,1A74,2.9400000000000004,3.4497999999999998,soft_skills,teamwork,0.754,0.976,0.10800000000000001,0.514,0,207
Anis,Chebbi,3.71,0.1,3.89,3.9,1A64,2.9,3.492066666666666,creativity,soft_skills,0.742,0.020000000000000004,0.778,0.78,3,207
Haythem,Turki,2.66,4.71,3.29,1.06,1A74,2.93,2.289266666666667,soft_skills,creativity,0.532,0.9420000000000001,0.658,0.21200000000000002,1,207
Wassim,Hamdi,3.79,1.86,2.57,3.54,4TWIN23,2.9400000000000004,0.7952666666666666,hard_skills,soft_skills,0.758,0.37200000000000005,0.514,0.7080000000000001,3,208
Lobna,Guettari,2.26,3.98,3.63,1.89,1A62,2.9400000000000004,1.0408666666666668,soft_skills,creativity,0.45199999999999996,0.796,0.726,0.378,1,208
Hiba,Hamdi,4.73,2.02,1.36,3.65,1A92,2.94,2.350333333333334,hard_skills,teamwork,0.9460000000000002,0.404,0.272,0.73,0,208
Skander,Haddad,1.92,4.42,2.69,2.68,5SAE59,2.9274999999999998,1.1200916666666667,soft_skills,hard_skills,0.384,0.884,0.538,0.536,0,208
Wided,Kanzari,4.95,2.41,1.61,2.77,3A97,2.935,2.039566666666667,hard_skills,teamwork,0.9900000000000001,0.48200000000000004,0.32200000000000006,0.554,0,209
Aymen,Zayani,0.02,4.9,3.47,2.94,3B84,2.8325,4.200891666666667,soft_skills,hard_skills,0.004,0.9800000000000001,0.6940000000000001,0.588,1,209
Aymen,Gharbi,3.27,1.13,3.29,4.03,4TWIN23,2.93,1.5650666666666668,creativity,soft_skills,0.654,0.22599999999999998,0.658,0.806,3,209
Chokri,Khlifi,4.17,2.7,4.41,0.35,3B84,2.9075,3.478425,teamwork,creativity,0.8340000000000001,0.54,0.8820000000000001,0.06999999999999999,1,209
Amel,Ben Amor,3.75,2.77,1.96,3.26,1A90,2.935,0.5825666666666667,hard_skills,teamwork,0.75,0.554,0.392,0.652,0,210
Rym,Haddad,2.45,2.78,4.69,1.74,3A82,2.9150000000000005,1.588566666666667,teamwork,creativity,0.49000000000000005,0.5559999999999999,0.9380000000000002,0.34800000000000003,1,210
Dorra,Gharbi,3.19,3.62,1.14,3.75,1A33,2.925,1.473366666666667,creativity,teamwork,0.638,0.7240000000000001,0.22799999999999998,0.75,0,210
Olfa,Jebali,2.71,2.12,3.94,2.95,3A97,2.9299999999999997,0.5749999999999998,teamwork,soft_skills,0.542,0.42400000000000004,0.788,0.5900000000000001,3,210
Nadia,Chaabane,3.57,2.22,1.62,4.32,1A1,2.9325,1.5206250000000001,creativity,teamwork,0.714,0.44400000000000006,0.32400000000000007,0.8640000000000001,0,211
Salma,Abidi,3.1,3.17,4.68,0.65,1A90,2.9,2.7812666666666668,teamwork,creativity,0.6200000000000001,0.634,0.9359999999999999,0.13,1,211
Mariem,Turki,1.15,4.88,1.95,3.63,1A64,2.9025,2.8060916666666667,soft_skills,hard_skills,0.22999999999999998,0.976,0.39,0.726,0,211
Ali,Chaabane,4.94,1.05,1.62,4.06,3B85,2.9175,3.5222916666666673,hard_skills,soft_skills,0.9880000000000001,0.21000000000000002,0.32400000000000007,0.8119999999999999,3,211
Farah,Gharbi,3.91,2.91,1.94,2.97,3A55,2.9325,0.6474916666666668,hard_skills,teamwork,0.782,0.5820000000000001,0.388,0.5940000000000001,0,212
Ines,Ben Amor,1.76,2.71,3.88,3.29,1A92,2.91,0.8159333333333333,teamwork,hard_skills,0.35200000000000004,0.542,0.776,0.658,3,212
Mouna,Zouari,2.55,3.34,3.95,1.86,5GAMIX42,2.925,0.8325666666666667,teamwork,creativity,0.51,0.668,0.79,0.37200000000000005,1,212
Rami,Nasri,4.81,1.95,0.83,4.07,3A69,2.915,3.4011666666666662,hard_skills,teamwork,0.962,0.39,0.166,0.8140000000000001,0,212
Asma,Baccouche,2.83,3.68,2.42,2.77,3A10,2.925,0.2860333333333334,soft_skills,teamwork,0.5660000000000001,0.7360000000000001,0.484,0.554,0,213
Eya,Khemiri,3.4,0.63,3.71,3.88,3B4,2.9050000000000002,2.339766666666667,creativity,soft_skills,0.68,0.126,0.742,0.776,3,213
Mohamed,Miled,3.21,4.73,2.01,1.66,3B84,2.9025,1.9248916666666673,soft_skills,creativity,0.642,0.9460000000000002,0.40199999999999997,0.332,0,213
Walid,Baccouche,3.22,1.06,3.19,4.21,5SE32,2.92,1.7622,creativity,soft_skills,0.6440000000000001,0.21200000000000002,0.638,0.8420000000000001,3,213
Asma,Nasri,2.83,3.17,2.67,3.0,2A99,2.9175,0.046491666666666674,soft_skills,teamwork,0.5660000000000001,0.634,0.534,0.6000000000000001,0,214
Hatem,Toumi,2.92,1.25,4.17,3.28,4ARCTIC87,2.905,1.4933666666666665,teamwork,soft_skills,0.584,0.25,0.8340000000000001,0.656,3,214
Zaineb,Zayani,2.13,4.64,1.24,3.63,2A98,2.91,2.302866666666666,soft_skills,teamwork,0.426,0.9279999999999999,0.248,0.726,0,214
Aymen,Sassi,3.6,2.5,4.72,0.75,4ARCTIC87,2.8925,2.861558333333333,teamwork,creativity,0.7200000000000001,0.5,0.944,0.15000000000000002,1,214
Fethi,Jlassi,4.77,2.75,1.89,2.25,5NIDS7,2.915,1.6536999999999995,hard_skills,teamwork,0.954,0.55,0.378,0.45,0,215
Manel,Ferjani,0.39,3.87,3.28,3.97,3A82,2.8775,2.8427583333333337,creativity,hard_skills,0.07800000000000001,0.774,0.656,0.794,3,215
Sabrine,Maaloul,4.96,1.03,3.99,1.56,5TWIN27,2.8850000000000002,3.5744333333333334,hard_skills,soft_skills,0.992,0.20600000000000002,0.798,0.31200000000000006,3,215
Hedi,Nasri,2.12,4.79,1.29,3.42,1A13,2.905,2.347633333333333,soft_skills,teamwork,0.42400000000000004,0.9580000000000001,0.258,0.684,0,215
Omar,Sassi,4.07,2.65,0.54,4.39,2A63,2.9125,3.073491666666667,creativity,teamwork,0.8140000000000001,0.53,0.10800000000000001,0.878,0,216
Dorra,Fourati,2.04,4.22,4.9,0.07,1A64,2.8075,4.818891666666667,teamwork,creativity,0.40800000000000003,0.844,0.9800000000000001,0.014000000000000002,1,216
Mariem,Trabelsi,1.51,1.28,4.04,4.71,5TWIN2,2.885,3.0437666666666665,creativity,soft_skills,0.30200000000000005,0.256,0.808,0.9420000000000001,3,216
Karim,Ben Salah,4.83,4.23,1.95,0.54,2P99,2.8875,3.9884250000000008,hard_skills,creativity,0.9660000000000001,0.8460000000000001,0.39,0.10800000000000001,1,216
Mohamed,Ayari,4.47,2.44,2.09,2.65,1A43,2.9125,1.1314916666666666,hard_skills,teamwork,0.894,0.488,0.418,0.53,0,217
Mourad,Ghanouchi,0.57,4.12,3.75,3.02,4ARCTIC27,2.865,2.549766666666667,soft_skills,hard_skills,0.11399999999999999,0.8240000000000001,0.75,0.6040000000000001,1,217
Omar,Chebbi,4.19,1.15,1.87,4.41,4BI6,2.9050000000000002,2.6891666666666674,creativity,soft_skills,0.8380000000000001,0.22999999999999998,0.37400000000000005,0.8820000000000001,3,217
Adel,Jebali,2.19,4.14,3.77,1.54,5IOSYS58,2.91,1.5492666666666663,soft_skills,creativity,0.438,0.828,0.754,0.30800000000000005,1,217
Sami,Ghanouchi,2.49,3.25,1.62,4.29,5SAE59,2.9125,1.286825,creativity,teamwork,0.49800000000000005,0.65,0.32400000000000007,0.8580000000000001,0,218
Youssef,Mansour,4.73,2.19,4.08,0.51,1A39,2.8775,3.651825,hard_skills,creativity,0.9460000000000002,0.438,0.8160000000000001,0.10200000000000001,1,218
Mohamed,Baccouche,1.29,3.38,3.53,3.42,1A80,2.905,1.1632333333333331,teamwork,hard_skills,0.258,0.676,0.706,0.684,3,218
Ahmed,Khlifi,4.94,1.96,1.22,3.49,3B96,2.9025000000000003,2.7385583333333336,hard_skills,teamwork,0.9880000000000001,0.392,0.244,0.6980000000000001,0,218
Nizar,Chebbi,2.76,1.76,3.42,3.7,2A89,2.91,0.7430666666666669,creativity,soft_skills,0.5519999999999999,0.35200000000000004,0.684,0.7400000000000001,3,219
Zaineb,Lahmar,3.49,4.58,2.33,1.21,3B23,2.9025,2.1171583333333337,soft_skills,creativity,0.6980000000000001,0.916,0.466,0.242,1,219
Ismail,Makni,1.94,0.59,4.49,4.45,2A35,2.8674999999999997,3.7280250000000006,teamwork,soft_skills,0.388,0.118,0.8980000000000001,0.8900000000000001,3,219
Chaima,Maaloul,3.19,4.66,0.79,2.91,1A23,2.8875,2.544425,soft_skills,teamwork,0.638,0.932,0.15800000000000003,0.5820000000000001,0,219
Foued,Zouari,3.17,1.77,3.92,2.77,3B4,2.9074999999999998,0.8022916666666666,teamwork,soft_skills,0.634,0.35400000000000004,0.784,0.554,3,220
Youssef,Ammar,2.49,4.88,1.36,2.77,1A13,2.875,2.1581666666666663,soft_skills,teamwork,0.49800000000000005,0.976,0.272,0.554,0,220
Sami,Toumi,4.82,0.13,3.86,2.69,3B60,2.875,4.107500000000001,hard_skills,soft_skills,0.9640000000000001,0.026000000000000002,0.772,0.538,3,220
Youssef,Sassi,1.9,4.0,1.32,4.35,5SIM56,2.8925,2.269558333333333,creativity,teamwork,0.38,0.8,0.264,0.87,0,220
Sabrine,Hamdi,3.35,3.28,1.19,3.8,2A27,2.9050000000000002,1.3602999999999998,creativity,teamwork,0.67,0.656,0.238,0.76,0,221
Tarek,Khemiri,1.83,3.18,4.85,1.61,1A43,2.8674999999999997,2.2285583333333325,teamwork,creativity,0.36600000000000005,0.6360000000000001,0.97,0.32200000000000006,1,221
Asma,Belkhir,4.07,0.16,3.52,3.73,3B96,2.87,3.3154,hard_skills,soft_skills,0.8140000000000001,0.032,0.7040000000000001,0.746,3,221
Cyrine,Trabelsi,2.73,3.98,2.26,2.61,3A75,2.8949999999999996,0.5629666666666667,soft_skills,teamwork,0.546,0.796,0.45199999999999996,0.522,0,221
Rami,Baccouche,3.12,2.49,2.15,3.82,5TWIN2,2.895,0.5417666666666666,creativity,teamwork,0.6240000000000001,0.49800000000000005,0.43,0.764,0,222
Fares,Ayari,3.38,3.77,3.93,0.48,1A33,2.89,2.6347333333333336,teamwork,creativity,0.676,0.754,0.786,0.096,1,222
Meriem,Ghanouchi,1.48,2.68,2.68,4.66,2A89,2.875,1.7361000000000002,creativity,hard_skills,0.296,0.536,0.536,0.932,3,222
Emna,Turki,4.37,4.24,2.55,0.38,3A69,2.8850000000000002,3.4761666666666677,hard_skills,creativity,0.8740000000000001,0.8480000000000001,0.51,0.07600000000000001,1,222
Bilel,Jaziri,3.24,1.71,4.04,2.58,1A55,2.8925,0.9778250000000002,teamwork,soft_skills,0.6480000000000001,0.342,0.808,0.516,3,223
Aymen,Trabelsi,2.02,4.64,0.2,4.46,4BI6,2.83,4.502,soft_skills,teamwork,0.404,0.9279999999999999,0.04000000000000001,0.892,0,223
Mourad,Kanzari,4.27,2.45,4.42,0.28,2P36,2.855,3.7486999999999995,teamwork,creativity,0.854,0.49000000000000005,0.884,0.05600000000000001,1,223
Eya,Driss,1.3,4.15,1.85,4.22,4GAMIX39,2.88,2.3219333333333334,creativity,hard_skills,0.26,0.8300000000000001,0.37000000000000005,0.844,0,223
Eya,Zayani,3.4,1.79,2.85,3.51,1A39,2.8874999999999997,0.6186916666666665,creativity,soft_skills,0.68,0.35800000000000004,0.5700000000000001,0.702,3,224
Mouna,Kanzari,2.18,4.91,3.38,1.0,5ARCTIC86,2.8674999999999997,2.798225,soft_skills,creativity,0.43600000000000005,0.9820000000000001,0.676,0.2,1,224
Nour,Makni,2.7,0.64,3.08,4.97,4SIM89,2.8475,3.151291666666667,creativity,soft_skills,0.54,0.128,0.6160000000000001,0.994,3,224
Mourad,Bouazizi,4.9,3.53,2.87,0.21,4ARCTIC87,2.8775000000000004,3.877291666666667,hard_skills,creativity,0.9800000000000001,0.706,0.5740000000000001,0.042,1,224
Zaineb,Mansour,4.02,2.21,2.73,2.56,5SAE33,2.88,0.6244666666666663,hard_skills,soft_skills,0.8039999999999999,0.442,0.546,0.512,3,225
Fethi,Zouari,1.1,4.6,3.52,2.28,1A62,2.8749999999999996,2.2987666666666664,soft_skills,hard_skills,0.22000000000000003,0.9199999999999999,0.7040000000000001,0.45599999999999996,1,225
Hichem,Rekik,4.54,0.55,1.66,4.56,2A75,2.8274999999999997,4.161425,creativity,soft_skills,0.908,0.11000000000000001,0.332,0.9119999999999999,3,225
Zaineb,Miled,1.81,4.63,3.24,1.78,2A75,2.8649999999999998,1.8486999999999998,soft_skills,creativity,0.36200000000000004,0.926,0.6480000000000001,0.35600000000000004,1,225
Siwar,Driss,2.08,4.07,1.0,4.37,3B96,2.88,2.6035333333333335,creativity,teamwork,0.41600000000000004,0.8140000000000001,0.2,0.8740000000000001,0,226
Olfa,Miled,4.87,0.07,4.77,1.53,2P30,2.81,5.743733333333332,hard_skills,soft_skills,0.9740000000000001,0.014000000000000002,0.954,0.30600000000000005,3,226
Iheb,Mabrouk,0.49,4.37,3.53,2.99,1A90,2.845,2.7873,soft_skills,hard_skills,0.098,0.8740000000000001,0.706,0.5980000000000001,1,226
Hend,Makni,4.75,3.88,0.49,2.31,4GAMIX39,2.8575,3.510624999999999,hard_skills,teamwork,0.9500000000000001,0.776,0.098,0.462,0,226
Farah,Chouchene,4.44,1.41,3.19,2.47,4SIM62,2.8775000000000004,1.6195583333333339,hard_skills,soft_skills,0.8880000000000001,0.282,0.638,0.49400000000000005,3,227
Rym,Ammar,0.71,4.85,0.95,4.74,5GAMIX38,2.8125,5.252025,soft_skills,hard_skills,0.142,0.97,0.19,0.9480000000000001,0,227
Farah,Khlifi,4.76,1.15,3.99,1.55,5BI77,2.8625000000000003,3.175691666666667,hard_skills,soft_skills,0.952,0.22999999999999998,0.798,0.31000000000000005,3,227
Anis,Zayani,2.23,4.2,2.72,2.36,4GAMIX83,2.8775,0.8202916666666669,soft_skills,hard_skills,0.446,0.8400000000000001,0.544,0.472,1,227
Nour,Slimani,2.38,4.39,1.3,3.43,1A13,2.875,1.7762999999999993,soft_skills,teamwork,0.476,0.878,0.26,0.686,0,228
Youssef,Jlassi,3.02,0.97,4.4,3.03,3B11,2.855,1.999366666666667,teamwork,soft_skills,0.6040000000000001,0.194,0.8800000000000001,0.606,3,228
Aymen,Abidi,4.59,2.61,3.3,0.97,3B23,2.8675,2.2736249999999996,hard_skills,creativity,0.918,0.522,0.66,0.194,1,228
Hend,Jlassi,2.17,3.38,1.18,4.76,4IOSYS40,2.8724999999999996,2.392758333333333,creativity,teamwork,0.434,0.676,0.236,0.952,0,228
Asma,Trabelsi,2.1,3.23,1.68,4.49,1A13,2.875,1.5876333333333337,creativity,teamwork,0.42000000000000004,0.646,0.336,0.8980000000000001,0,229
Khalil,Hamdi,4.04,2.89,4.13,0.18,2A49,2.8099999999999996,3.3928666666666665,teamwork,creativity,0.808,0.5780000000000001,0.8260000000000001,0.036,1,229
Sarra,Karoui,1.39,1.51,4.1,4.42,1A95,2.855,2.6515,creativity,hard_skills,0.27799999999999997,0.30200000000000005,0.82,0.884,3,229
Leila,Cherif,4.33,4.58,0.0,2.45,3B12,2.84,4.488466666666667,soft_skills,teamwork,0.8660000000000001,0.916,0.0,0.49000000000000005,0,229
Mouna,Khlifi,3.07,3.23,3.04,2.14,5SIM57,2.87,0.2437999999999999,soft_skills,creativity,0.614,0.646,0.6080000000000001,0.42800000000000005,1,230
Rami,Lahmar,2.21,0.83,3.59,4.7,2A49,2.8325,2.8196250000000003,creativity,soft_skills,0.442,0.166,0.718,0.9400000000000001,3,230
Nour,Hamdi,4.76,4.63,1.8,0.13,3B11,2.8300000000000005,5.105266666666666,hard_skills,creativity,0.952,0.926,0.36000000000000004,0.026000000000000002,1,230
Sabrine,Jlassi,0.95,3.56,1.96,4.85,2A35,2.83,2.9681999999999995,creativity,hard_skills,0.19,0.7120000000000001,0.392,0.97,0,230
Rami,Maaloul,3.83,2.98,2.23,2.42,3B93,2.865,0.5152333333333334,hard_skills,teamwork,0.766,0.596,0.446,0.484,0,231
Marwen,Slimani,0.54,3.12,4.83,2.77,2A25,2.815,3.1103,teamwork,hard_skills,0.10800000000000001,0.6240000000000001,0.9660000000000001,0.554,1,231
Rami,Fourati,4.75,1.8,1.41,3.39,2A89,2.8375,2.3590250000000004,hard_skills,teamwork,0.9500000000000001,0.36000000000000004,0.282,0.678,0,231
Emna,Chebbi,2.23,4.06,1.17,3.98,1A1,2.86,1.9824666666666664,soft_skills,teamwork,0.446,0.8119999999999999,0.23399999999999999,0.796,0,231
Chokri,Sassi,4.4,1.44,2.7,2.91,5SLEAM19,2.8625,1.4720250000000006,hard_skills,soft_skills,0.8800000000000001,0.288,0.54,0.5820000000000001,3,232
Emna,Mansour,0.49,4.74,4.21,1.78,3A55,2.805,4.042700000000001,soft_skills,hard_skills,0.098,0.9480000000000001,0.8420000000000001,0.35600000000000004,1,232
Khadija,Abidi,3.98,1.75,0.69,4.83,5GAMIX42,2.8125,3.6890916666666667,creativity,teamwork,0.796,0.35000000000000003,0.13799999999999998,0.9660000000000001,0,232
Iheb,Sassi,1.99,2.26,4.87,2.3,2A71,2.8550000000000004,1.8235000000000003,teamwork,hard_skills,0.398,0.45199999999999996,0.9740000000000001,0.45999999999999996,3,232
Wafa,Chouchene,2.84,2.25,2.2,4.15,5SE99,2.8600000000000003,0.824066666666667,creativity,teamwork,0.568,0.45,0.44000000000000006,0.8300000000000001,3,233
Samira,Maaloul,2.73,3.67,4.73,0.15,2A75,2.8200000000000003,3.8358666666666674,teamwork,creativity,0.546,0.734,0.9460000000000002,0.03,1,233
Samira,Mejri,3.12,2.96,0.49,4.75,3A19,2.83,3.087666666666666,creativity,teamwork,0.6240000000000001,0.592,0.098,0.9500000000000001,0,233
Rania,Khlifi,2.7,1.59,4.48,2.64,2P82,2.8525,1.4370250000000002,teamwork,soft_skills,0.54,0.31800000000000006,0.8960000000000001,0.528,3,233
Hedi,Jlassi,3.53,1.42,2.41,4.07,1A39,2.8575,1.3963583333333336,creativity,soft_skills,0.706,0.284,0.48200000000000004,0.8140000000000001,3,234
Emna,Haddad,1.82,4.39,4.83,0.17,1A48,2.8024999999999998,4.842091666666666,teamwork,creativity,0.36400000000000005,0.878,0.9660000000000001,0.034,1,234
Walid,Slimani,3.99,3.15,0.26,3.91,2P87,2.8275,3.0730916666666666,hard_skills,teamwork,0.798,0.63,0.052000000000000005,0.782,0,234
Dorra,Jebali,1.72,2.24,3.66,3.77,2P51,2.8475,1.0504916666666666,creativity,hard_skills,0.34400000000000003,0.44800000000000006,0.7320000000000001,0.754,3,234
Ines,Ferjani,3.05,2.48,3.42,2.46,4SIM62,2.8525,0.21795833333333334,teamwork,creativity,0.61,0.496,0.684,0.492,3,235
Iheb,Maaloul,1.66,4.74,0.19,4.64,4BI6,2.8075,5.086891666666667,soft_skills,teamwork,0.332,0.9480000000000001,0.038000000000000006,0.9279999999999999,0,235
Walid,Karoui,4.44,0.76,4.57,1.32,5IOSYS7,2.7725,4.0571583333333345,teamwork,soft_skills,0.8880000000000001,0.15200000000000002,0.9140000000000001,0.264,3,235
Marwen,Mabrouk,1.25,4.19,2.97,2.94,2P99,2.8375,1.4591583333333338,soft_skills,hard_skills,0.25,0.8380000000000001,0.5940000000000001,0.588,1,235
Lobna,Ben Amor,3.99,3.52,3.14,0.76,1A92,2.8525,2.0668916666666672,hard_skills,creativity,0.798,0.7040000000000001,0.6280000000000001,0.15200000000000002,1,236
Foued,Cherif,1.04,2.74,2.63,4.79,5SLEAM19,2.8,2.3634000000000004,creativity,hard_skills,0.20800000000000002,0.548,0.526,0.9580000000000001,3,236
Sofiene,Baccouche,4.27,1.12,3.33,2.68,5IOSYS58,2.8499999999999996,1.7561999999999995,hard_skills,soft_skills,0.854,0.22400000000000003,0.666,0.536,3,236
Mariem,Khemiri,1.74,4.63,1.35,3.6,3A19,2.83,2.4038,soft_skills,teamwork,0.34800000000000003,0.926,0.27,0.7200000000000001,0,236
Sonia,Mabrouk,4.33,2.0,3.43,1.65,1A16,2.8525,1.5630916666666668,hard_skills,creativity,0.8660000000000001,0.4,0.686,0.33,1,237
Anis,Khlifi,1.1,4.15,2.06,3.97,4SIM89,2.8200000000000003,2.2091333333333334,soft_skills,hard_skills,0.22000000000000003,0.8300000000000001,0.41200000000000003,0.794,0,237
Rami,Trabelsi,4.19,3.07,1.51,2.63,5SAE59,2.8499999999999996,1.2293333333333336,hard_skills,teamwork,0.8380000000000001,0.614,0.30200000000000005,0.526,0,237
Ghada,Zouari,2.37,0.69,4.88,3.34,3A96,2.82,3.0844666666666662,teamwork,soft_skills,0.47400000000000003,0.13799999999999998,0.976,0.668,3,237
Emna,Belkhir,3.87,3.88,1.07,2.57,2P21,2.8475,1.7826916666666666,soft_skills,teamwork,0.774,0.776,0.21400000000000002,0.514,0,238
Hamza,Ammar,2.24,0.75,3.77,4.52,3B49,2.82,2.8045999999999993,creativity,soft_skills,0.44800000000000006,0.15000000000000002,0.754,0.9039999999999999,3,238
Khalil,Kanzari,1.37,4.57,3.75,1.59,2P99,2.8200000000000003,2.5142666666666673,soft_skills,hard_skills,0.274,0.9140000000000001,0.75,0.31800000000000006,1,238
Nizar,Kanzari,4.75,1.5,2.98,2.07,2P51,2.825,2.0184333333333333,hard_skills,soft_skills,0.9500000000000001,0.30000000000000004,0.596,0.414,3,238
Ines,Jaziri,1.98,3.32,3.11,2.96,2P87,2.8425000000000002,0.352425,soft_skills,hard_skills,0.396,0.664,0.622,0.592,1,239
Tarek,Baccouche,4.89,3.05,0.56,2.74,4SAE18,2.81,3.150466666666666,hard_skills,teamwork,0.978,0.61,0.11200000000000002,0.548,0,239
Haythem,Mabrouk,1.66,2.61,4.64,2.42,3B49,2.8325,1.6204916666666662,teamwork,hard_skills,0.332,0.522,0.9279999999999999,0.484,1,239
Walid,Turki,3.61,2.07,1.57,4.06,3A75,2.8274999999999997,1.4288249999999998,creativity,teamwork,0.722,0.414,0.31400000000000006,0.8119999999999999,0,239
Leila,Karoui,2.98,2.66,4.1,1.6,3A88,2.835,1.0590333333333328,teamwork,creativity,0.596,0.532,0.82,0.32000000000000006,1,240
Ines,Abidi,2.77,4.28,0.15,3.95,2A32,2.7875000000000005,3.511891666666667,soft_skills,teamwork,0.554,0.8560000000000001,0.03,0.79,0,240
Ines,Hamdi,2.17,2.41,4.88,1.86,3A60,2.83,1.9184666666666665,teamwork,creativity,0.434,0.48200000000000004,0.976,0.37200000000000005,1,240
Manel,Baccouche,4.09,1.09,2.21,3.82,1A80,2.8024999999999998,1.9922250000000001,hard_skills,soft_skills,0.8180000000000001,0.21800000000000003,0.442,0.764,3,240
Nizar,Abidi,2.47,4.84,2.36,1.64,2P30,2.8275,1.9355583333333328,soft_skills,creativity,0.49400000000000005,0.968,0.472,0.328,1,241
Lobna,Ferjani,1.98,0.23,4.05,4.67,3A66,2.7325,4.106158333333333,creativity,soft_skills,0.396,0.046000000000000006,0.81,0.934,3,241
Marwen,Ben Amor,4.59,4.8,0.24,1.57,5GAMIX79,2.8000000000000003,5.0902,soft_skills,teamwork,0.918,0.96,0.048,0.31400000000000006,0,241
Ines,Miled,2.56,2.58,4.88,1.27,5SE99,2.8225,2.2570916666666663,teamwork,creativity,0.512,0.516,0.976,0.254,1,241
Ghada,Fourati,4.79,3.67,2.39,0.44,2A58,2.8225000000000002,3.484225,hard_skills,creativity,0.9580000000000001,0.734,0.47800000000000004,0.08800000000000001,1,242
Yasmine,Nasri,1.4,2.34,3.03,4.49,1A13,2.815,1.6932333333333336,creativity,hard_skills,0.27999999999999997,0.46799999999999997,0.606,0.8980000000000001,3,242
Fatma,Ben Salah,0.76,2.77,3.83,3.88,1A43,2.81,2.1298,creativity,hard_skills,0.15200000000000002,0.554,0.766,0.776,3,242
Yasmine,Ghanouchi,4.65,4.24,0.46,1.87,1A74,2.8050000000000006,3.945500000000001,hard_skills,teamwork,0.9300000000000002,0.8480000000000001,0.09200000000000001,0.37400000000000005,0,242
Asma,Kanzari,1.97,4.66,3.26,1.39,5TWIN27,2.8200000000000003,2.115533333333333,soft_skills,creativity,0.394,0.932,0.652,0.27799999999999997,1,243
Wassim,Chouchene,4.57,0.67,1.19,4.54,2A89,2.7424999999999997,4.425425000000001,hard_skills,soft_skills,0.9140000000000001,0.134,0.238,0.908,3,243
Yasmine,Ben Ali,0.36,4.67,4.28,1.89,2A61,2.8000000000000003,4.156333333333333,soft_skills,hard_skills,0.072,0.934,0.8560000000000001,0.378,1,243
Olfa,Ayari,4.32,0.71,3.74,2.49,4GAMIX39,2.815,2.552433333333334,hard_skills,soft_skills,0.8640000000000001,0.142,0.7480000000000001,0.49800000000000005,3,243
Fethi,Ferjani,1.37,3.81,3.46,2.64,3B84,2.8200000000000003,1.1748666666666667,soft_skills,hard_skills,0.274,0.762,0.6920000000000001,0.528,1,244
Rim,Makni,4.84,1.03,1.08,4.1,1A82,2.7625,3.979091666666666,hard_skills,soft_skills,0.968,0.20600000000000002,0.21600000000000003,0.82,0,244
Omar,Turki,2.71,3.1,4.87,0.47,5NIDS7,2.7875,3.270425,teamwork,creativity,0.542,0.6200000000000001,0.9740000000000001,0.094,1,244
Sami,Chouchene,2.67,2.55,1.16,4.82,3B49,2.8,2.2831333333333337,creativity,teamwork,0.534,0.51,0.23199999999999998,0.9640000000000001,0,244
Amine,Ben Amor,4.44,3.14,2.79,0.9,2A49,2.8175000000000003,2.1380250000000007,hard_skills,creativity,0.8880000000000001,0.6280000000000001,0.558,0.18000000000000002,1,245
Cyrine,Fourati,1.48,2.2,2.39,4.99,4SAE18,2.765,2.3539000000000003,creativity,hard_skills,0.296,0.44000000000000006,0.47800000000000004,0.9980000000000001,3,245
Fatma,Jlassi,0.4,4.84,3.56,2.39,5GAMIX38,2.7975000000000003,3.555758333333333,soft_skills,hard_skills,0.08000000000000002,0.968,0.7120000000000001,0.47800000000000004,1,245
Mehdi,Guettari,4.75,1.21,1.64,3.54,3A97,2.785,2.740966666666667,hard_skills,soft_skills,0.9500000000000001,0.242,0.328,0.7080000000000001,3,245
Manel,Ben Amor,4.34,3.95,2.21,0.77,5GAMIX79,2.8175,2.720625,hard_skills,creativity,0.868,0.79,0.442,0.15400000000000003,1,246
Ines,Turki,1.66,0.31,4.46,4.46,5SLEAM43,2.7225,4.328958333333333,teamwork,soft_skills,0.332,0.062,0.892,0.892,3,246
Zied,Saidi,4.6,4.19,0.41,2.02,5SE32,2.8049999999999997,3.830833333333333,hard_skills,teamwork,0.9199999999999999,0.8380000000000001,0.082,0.404,0,246
Amel,Bouazizi,0.11,3.17,4.13,3.67,3B60,2.77,3.2984000000000004,teamwork,hard_skills,0.022000000000000002,0.634,0.8260000000000001,0.734,3,246
Lotfi,Khemiri,3.7,3.26,2.56,1.74,5SIM57,2.815,0.7339666666666668,hard_skills,creativity,0.7400000000000001,0.652,0.512,0.34800000000000003,1,247
Asma,Ammar,1.51,1.72,3.28,4.6,2P19,2.7775,2.0996249999999996,creativity,hard_skills,0.30200000000000005,0.34400000000000003,0.656,0.9199999999999999,3,247
Olfa,Ferjani,4.34,3.86,2.94,0.1,1A33,2.8099999999999996,3.6014666666666666,hard_skills,creativity,0.868,0.772,0.588,0.020000000000000004,1,247
Hend,Saidi,1.34,2.91,3.63,3.36,2P36,2.81,1.0485999999999998,teamwork,hard_skills,0.268,0.5820000000000001,0.726,0.672,3,247
Salma,Chebbi,3.27,1.85,3.91,2.22,3A70,2.8125000000000004,0.8970916666666667,teamwork,soft_skills,0.654,0.37000000000000005,0.782,0.44400000000000006,3,248
Nadia,Ghanouchi,1.65,4.88,0.36,4.02,2P19,2.7275,4.356625,soft_skills,teamwork,0.33,0.976,0.072,0.8039999999999999,0,248
Sami,Makni,2.77,1.12,4.9,2.33,2P30,2.7800000000000002,2.484200000000001,teamwork,soft_skills,0.554,0.22400000000000003,0.9800000000000001,0.466,3,248
Farah,Mansour,3.94,3.37,0.7,3.23,1A90,2.81,2.0730000000000004,hard_skills,teamwork,0.788,0.674,0.13999999999999999,0.646,0,248
Hend,Rekik,2.09,3.07,3.09,2.99,5SLEAM43,2.81,0.23226666666666673,teamwork,hard_skills,0.418,0.614,0.618,0.5980000000000001,3,249
Marwen,Ben Salah,4.9,3.77,0.83,1.66,1A95,2.79,3.510333333333334,hard_skills,teamwork,0.9800000000000001,0.754,0.166,0.332,0,249
Samira,Ayari,2.0,0.85,3.74,4.49,1A95,2.77,2.7262000000000004,creativity,soft_skills,0.4,0.17,0.7480000000000001,0.8980000000000001,3,249
Anis,Abidi,3.07,3.31,3.86,0.98,1A18,2.805,1.5896333333333335,teamwork,creativity,0.614,0.662,0.772,0.196,1,249
Ghassen,Makni,3.02,2.58,1.94,3.7,3A66,2.8099999999999996,0.5486666666666667,creativity,teamwork,0.6040000000000001,0.516,0.388,0.7400000000000001,0,250
Chaima,Cherif,4.01,3.56,3.49,0.12,5SAE33,2.795,3.2333666666666665,hard_skills,creativity,0.802,0.7120000000000001,0.6980000000000001,0.024,1,250
Asma,Guettari,1.41,2.42,3.84,3.51,2A27,2.795,1.2207,teamwork,hard_skills,0.282,0.484,0.768,0.702,3,250
Nabil,Mansour,2.48,3.41,0.74,4.52,1A1,2.7875,2.558625,creativity,teamwork,0.496,0.682,0.148,0.9039999999999999,0,250
Leila,Baccouche,1.29,4.11,2.43,3.39,2A32,2.805,1.4937000000000002,soft_skills,hard_skills,0.258,0.8220000000000001,0.48600000000000004,0.678,0,251
Farah,Abidi,4.48,0.0,3.93,2.47,2P36,2.72,4.007533333333334,hard_skills,soft_skills,0.8960000000000001,0.0,0.786,0.49400000000000005,3,251
Oussama,Ben Salah,3.51,3.77,0.85,3.05,2A58,2.795,1.7699666666666667,soft_skills,teamwork,0.702,0.754,0.17,0.61,0,251
Nabil,Nasri,1.49,2.58,4.38,2.74,5GAMIX38,2.7975,1.4214916666666664,teamwork,hard_skills,0.298,0.516,0.876,0.548,3,251
Wassim,Mansour,2.23,2.96,4.37,1.61,4NIDS26,2.7924999999999995,1.410425,teamwork,creativity,0.446,0.592,0.8740000000000001,0.32200000000000006,1,252
Leila,Hamdi,4.06,1.66,1.19,4.17,1A10,2.77,2.4508666666666667,creativity,teamwork,0.8119999999999999,0.332,0.238,0.8340000000000001,0,252
Salma,Karoui,0.69,4.39,3.42,2.66,4NIDS26,2.79,2.461266666666666,soft_skills,hard_skills,0.13799999999999998,0.878,0.684,0.532,1,252
Iheb,Gharbi,3.79,0.84,1.96,4.54,2A98,2.7824999999999998,2.851225,creativity,soft_skills,0.758,0.168,0.392,0.908,3,252
Wided,Trabelsi,3.03,3.66,1.0,3.47,3A97,2.79,1.493666666666667,soft_skills,teamwork,0.606,0.7320000000000001,0.2,0.6940000000000001,0,253
Nour,Nasri,2.78,1.26,4.55,2.56,2A99,2.7875,1.8304916666666664,teamwork,soft_skills,0.5559999999999999,0.252,0.91,0.512,3,253
Wafa,Jlassi,3.51,4.12,3.21,0.3,5TWIN2,2.785,2.8879000000000006,soft_skills,creativity,0.702,0.8240000000000001,0.642,0.06,1,253
Mohamed,Lahmar,1.25,3.62,1.44,4.76,3A69,2.7675,2.920625,creativity,hard_skills,0.25,0.7240000000000001,0.288,0.952,0,253
Yasmine,Khemiri,3.54,1.73,3.04,2.85,2A71,2.7899999999999996,0.5840666666666667,hard_skills,soft_skills,0.7080000000000001,0.34600000000000003,0.6080000000000001,0.5700000000000001,3,254
Leila,Fourati,0.64,4.58,2.15,3.66,2A98,2.7575,2.9962916666666666,soft_skills,hard_skills,0.128,0.916,0.43,0.7320000000000001,0,254
Foued,Chebbi,4.6,2.45,2.97,1.04,4SIM62,2.7649999999999997,2.161366666666666,hard_skills,creativity,0.9199999999999999,0.49000000000000005,0.5940000000000001,0.20800000000000002,1,254
Hiba,Mabrouk,2.11,3.11,2.29,3.64,1A18,2.7875,0.512425,creativity,hard_skills,0.422,0.622,0.458,0.7280000000000001,0,254
Mariem,Bouazizi,2.03,3.62,3.19,2.3,2A71,2.785,0.5555000000000002,soft_skills,hard_skills,0.40599999999999997,0.7240000000000001,0.638,0.45999999999999996,1,255
Wafa,Haddad,3.6,0.93,1.87,4.66,4TWIN23,2.765,2.8188333333333335,creativity,soft_skills,0.7200000000000001,0.18600000000000003,0.37400000000000005,0.932,3,255
Iheb,Rekik,4.3,3.97,1.92,0.94,5IOSYS7,2.7824999999999998,2.617225,hard_skills,creativity,0.86,0.794,0.384,0.188,1,255
Khalil,Belkhir,0.2,4.02,4.78,2.04,2P87,2.76,4.246666666666666,teamwork,hard_skills,0.04000000000000001,0.8039999999999999,0.9560000000000001,0.40800000000000003,1,255
Wassim,Rekik,2.66,2.67,2.67,3.13,5ARCTIC86,2.7824999999999998,0.05369166666666664,creativity,hard_skills,0.532,0.534,0.534,0.626,3,256
Aymen,Haddad,3.37,3.34,3.15,1.27,1A18,2.7824999999999998,1.026225,hard_skills,creativity,0.674,0.668,0.63,0.254,1,256
Samira,Mabrouk,2.04,3.47,1.02,4.57,5GAMIX79,2.775,2.441766666666667,creativity,teamwork,0.40800000000000003,0.6940000000000001,0.20400000000000001,0.9140000000000001,0,256
Amina,Karoui,2.86,1.66,4.18,2.4,5IOSYS5,2.775,1.1217,teamwork,soft_skills,0.572,0.332,0.836,0.48,3,256
Mouna,Chaabane,2.46,2.28,2.45,3.93,3B81,2.7800000000000002,0.5946000000000001,creativity,soft_skills,0.492,0.45599999999999996,0.49000000000000005,0.786,3,257
Anis,Maaloul,4.47,3.28,3.08,0.17,5SLEAM43,2.75,3.3348666666666666,hard_skills,creativity,0.894,0.656,0.6160000000000001,0.034,1,257
Hela,Turki,0.99,3.99,2.0,4.12,2P99,2.7750000000000004,2.357366666666667,creativity,hard_skills,0.198,0.798,0.4,0.8240000000000001,0,257
Iheb,Guettari,3.14,1.1,2.8,4.03,1A90,2.7675,1.5047583333333334,creativity,soft_skills,0.6280000000000001,0.22000000000000003,0.5599999999999999,0.806,3,257
Sonia,Toumi,3.86,3.6,0.65,3.01,1A55,2.78,2.142866666666667,hard_skills,teamwork,0.772,0.7200000000000001,0.13,0.602,0,258
Bechir,Baccouche,0.07,1.78,4.85,4.1,3B93,2.6999999999999997,4.781933333333332,teamwork,hard_skills,0.014000000000000002,0.35600000000000004,0.97,0.82,3,258
Sarra,Haddad,4.76,4.57,0.64,1.09,5SLEAM19,2.765,4.8531,hard_skills,teamwork,0.952,0.9140000000000001,0.128,0.21800000000000003,0,258
Ghassen,Ammar,1.81,0.94,4.56,3.69,4NIDS26,2.75,2.7731333333333326,teamwork,soft_skills,0.36200000000000004,0.188,0.9119999999999999,0.738,3,258
Khadija,Chebbi,2.1,3.81,0.7,4.47,3B67,2.77,2.9018,creativity,teamwork,0.42000000000000004,0.762,0.13999999999999999,0.894,0,259
Ghada,Rekik,3.67,1.92,4.61,0.66,5SAE59,2.715,3.1193666666666666,teamwork,creativity,0.734,0.384,0.9220000000000002,0.132,1,259
Chokri,Guettari,2.09,1.4,4.06,3.51,2P51,2.7649999999999997,1.5169666666666666,teamwork,soft_skills,0.418,0.27999999999999997,0.8119999999999999,0.702,3,259
Adel,Jaziri,3.18,4.82,0.6,2.42,5SAE59,2.755,3.067033333333334,soft_skills,teamwork,0.6360000000000001,0.9640000000000001,0.12,0.484,0,259
Sami,Miled,3.71,2.77,2.72,1.87,1A82,2.7675,0.5653583333333333,hard_skills,creativity,0.742,0.554,0.544,0.37400000000000005,1,260
Leila,Mansour,1.22,3.61,1.4,4.82,5SIM57,2.7625,3.0624250000000006,creativity,hard_skills,0.244,0.722,0.27999999999999997,0.9640000000000001,0,260
Mourad,Maaloul,3.66,2.82,4.27,0.17,5TWIN79,2.73,3.2660666666666667,teamwork,creativity,0.7320000000000001,0.564,0.854,0.034,1,260
Mourad,Rekik,1.91,0.56,4.1,4.42,3A96,2.7474999999999996,3.3710249999999995,creativity,soft_skills,0.382,0.11200000000000002,0.82,0.884,3,260
Sofiene,Makni,2.41,4.88,1.83,1.95,5GAMIX42,2.7675,2.0458916666666664,soft_skills,teamwork,0.48200000000000004,0.976,0.36600000000000005,0.39,0,261
Tarek,Chebbi,1.71,0.23,4.54,4.34,2A6,2.705,4.385366666666666,teamwork,soft_skills,0.342,0.046000000000000006,0.908,0.868,3,261
Adel,Maaloul,4.99,3.24,2.17,0.58,3A10,2.745,3.4343000000000004,hard_skills,creativity,0.9980000000000001,0.6480000000000001,0.434,0.11599999999999999,1,261
Khadija,Kanzari,0.59,3.06,4.25,3.14,5TWIN2,2.7600000000000002,2.3878000000000004,teamwork,hard_skills,0.118,0.6120000000000001,0.8500000000000001,0.6280000000000001,3,261
Lobna,Makni,3.37,3.19,1.56,2.94,3B96,2.765,0.6764333333333333,hard_skills,teamwork,0.674,0.638,0.31200000000000006,0.588,0,262
Mariem,Karoui,0.27,2.49,4.68,3.49,3A55,2.7325,3.496425,teamwork,hard_skills,0.054000000000000006,0.49800000000000005,0.9359999999999999,0.6980000000000001,3,262
Rym,Ben Ali,4.89,4.57,0.76,0.61,3A96,2.7075,5.474825,hard_skills,creativity,0.978,0.9140000000000001,0.15200000000000002,0.122,0,262
Leila,Chouchene,2.99,0.53,3.55,3.91,2A63,2.745,2.323833333333333,creativity,soft_skills,0.5980000000000001,0.10600000000000001,0.71,0.782,3,262
Karim,Ammar,2.22,2.39,4.19,2.25,1A1,2.7625,0.9111583333333336,teamwork,hard_skills,0.44400000000000006,0.47800000000000004,0.8380000000000001,0.45,1,263
Mourad,Lahmar,3.63,3.92,0.1,3.29,2A27,2.735,3.1521666666666666,soft_skills,teamwork,0.726,0.784,0.020000000000000004,0.658,0,263
Chaima,Slimani,1.72,2.1,4.87,2.25,2A77,2.7350000000000003,2.0756333333333337,teamwork,hard_skills,0.34400000000000003,0.42000000000000004,0.9740000000000001,0.45,3,263
Nour,Chebbi,3.22,1.62,1.88,4.3,3A70,2.755,1.5523666666666667,creativity,soft_skills,0.6440000000000001,0.32400000000000007,0.376,0.86,3,263
Samira,Chebbi,1.97,3.82,2.67,2.57,1A92,2.7575000000000003,0.5972916666666667,soft_skills,hard_skills,0.394,0.764,0.534,0.514,1,264
Nizar,Lahmar,4.84,0.71,2.53,2.87,2P82,2.7375,2.863958333333333,hard_skills,soft_skills,0.968,0.142,0.506,0.5740000000000001,3,264
Bilel,Ben Ali,0.64,4.29,3.1,2.97,2A99,2.75,2.3315333333333332,soft_skills,hard_skills,0.128,0.8580000000000001,0.6200000000000001,0.5940000000000001,1,264
Adel,Abidi,3.98,2.15,3.31,1.56,3B67,2.75,1.2008666666666665,hard_skills,creativity,0.796,0.43,0.662,0.31200000000000006,1,264
Mouna,Nasri,1.43,4.44,2.98,2.18,2P87,2.7575,1.6586916666666671,soft_skills,hard_skills,0.286,0.8880000000000001,0.596,0.43600000000000005,1,265
Eya,Gharbi,4.26,0.91,1.29,4.41,4GAMIX39,2.7175000000000002,3.516225,creativity,soft_skills,0.852,0.18200000000000002,0.258,0.8820000000000001,3,265
Walid,Lahmar,1.27,4.06,4.96,0.65,3B81,2.735,4.3999,teamwork,creativity,0.254,0.8119999999999999,0.992,0.13,1,265
Mouna,Ghanouchi,3.98,0.89,1.7,4.34,3B23,2.7275,2.8670249999999995,creativity,soft_skills,0.796,0.17800000000000002,0.34,0.868,3,265
Hedi,Ammar,2.44,3.47,2.61,2.51,5SE32,2.7575,0.2304916666666668,soft_skills,hard_skills,0.488,0.6940000000000001,0.522,0.502,0,266
Ismail,Khemiri,3.15,0.73,2.94,4.16,5NIDS7,2.745,2.088166666666667,creativity,soft_skills,0.63,0.146,0.588,0.8320000000000001,3,266
Chokri,Kanzari,0.97,4.73,3.62,1.66,1A77,2.745,3.0112333333333337,soft_skills,hard_skills,0.194,0.9460000000000002,0.7240000000000001,0.332,1,266
Chaima,Karoui,4.16,2.19,1.34,3.26,2A58,2.7375,1.516425,hard_skills,teamwork,0.8320000000000001,0.438,0.268,0.652,0,266
Hatem,Ben Ali,3.5,4.0,1.86,1.67,2A4,2.7575,1.3610916666666668,soft_skills,creativity,0.7000000000000001,0.8,0.37200000000000005,0.334,0,267
Farah,Ben Amor,0.98,0.1,4.65,4.83,1A7,2.64,6.014466666666667,creativity,soft_skills,0.196,0.020000000000000004,0.9300000000000002,0.9660000000000001,3,267
Hend,Mabrouk,4.38,4.36,1.39,0.79,3A73,2.7300000000000004,3.6462000000000003,hard_skills,creativity,0.876,0.8720000000000001,0.27799999999999997,0.15800000000000003,0,267
Fatma,Fourati,1.46,3.03,3.16,3.34,3B23,2.7475,0.7528916666666666,creativity,hard_skills,0.292,0.606,0.6320000000000001,0.668,3,267
Omar,Ghanouchi,3.4,1.94,1.91,3.75,5GAMIX38,2.75,0.9280666666666667,creativity,teamwork,0.68,0.388,0.382,0.75,3,268
Mariem,Guettari,0.96,4.76,4.11,1.0,3B12,2.7075,4.049691666666667,soft_skills,hard_skills,0.192,0.952,0.8220000000000001,0.2,1,268
Rami,Karoui,4.36,1.09,1.91,3.51,2A71,2.7175000000000002,2.2088916666666667,hard_skills,soft_skills,0.8720000000000001,0.21800000000000003,0.382,0.702,3,268
Khadija,Zouari,1.31,4.29,3.42,1.98,4ARCTIC27,2.75,1.829,soft_skills,hard_skills,0.262,0.8580000000000001,0.684,0.396,1,268
Ghassen,Jaziri,2.28,4.79,0.41,3.52,1A90,2.75,3.4836666666666667,soft_skills,teamwork,0.45599999999999996,0.9580000000000001,0.082,0.7040000000000001,0,269
Wassim,Ferjani,3.75,1.14,4.84,0.9,4ARCTIC27,2.6575,3.7828250000000003,teamwork,creativity,0.75,0.22799999999999998,0.968,0.18000000000000002,1,269
Mourad,Chaabane,1.72,1.0,3.36,4.82,5SAE59,2.725,2.9259666666666675,creativity,soft_skills,0.34400000000000003,0.2,0.672,0.9640000000000001,3,269
Khalil,Rekik,3.88,3.98,0.6,2.53,3A96,2.7474999999999996,2.4868916666666667,soft_skills,teamwork,0.776,0.796,0.12,0.506,0,269
Lotfi,Nasri,1.82,3.8,3.2,2.17,3A82,2.7475,0.8354249999999999,soft_skills,hard_skills,0.36400000000000005,0.76,0.6400000000000001,0.434,1,270
Foued,Jaziri,4.57,0.85,0.82,4.49,5SLEAM19,2.6825,4.552225000000001,hard_skills,teamwork,0.9140000000000001,0.17,0.164,0.8980000000000001,0,270
Fethi,Ayari,1.99,4.17,4.19,0.53,1A16,2.72,3.197466666666667,teamwork,creativity,0.398,0.8340000000000001,0.8380000000000001,0.10600000000000001,1,270
Eya,Chaabane,2.5,1.08,2.39,4.93,2P19,2.725,2.576966666666666,creativity,soft_skills,0.5,0.21600000000000003,0.47800000000000004,0.986,3,270
Zaineb,Chouchene,3.05,1.56,4.25,2.13,1A77,2.7474999999999996,1.3801583333333334,teamwork,soft_skills,0.61,0.31200000000000006,0.8500000000000001,0.426,3,271
Fatma,Ayari,2.25,4.04,0.16,4.47,2A63,2.73,3.859666666666666,creativity,teamwork,0.45,0.808,0.032,0.894,0,271
Mouna,Ayari,4.09,2.71,3.63,0.49,2P36,2.73,2.5592,hard_skills,creativity,0.8180000000000001,0.542,0.726,0.098,1,271
Fares,Sassi,0.61,1.87,3.85,4.53,5ARCTIC60,2.715,3.2425,creativity,hard_skills,0.122,0.37400000000000005,0.77,0.9060000000000001,3,271
Manel,Jaziri,1.64,2.81,4.1,2.43,5BI77,2.745,1.0534999999999999,teamwork,hard_skills,0.328,0.562,0.82,0.48600000000000004,1,272
Oussama,Maaloul,4.77,1.68,0.31,4.04,1A82,2.6999999999999997,4.277666666666666,hard_skills,teamwork,0.954,0.336,0.062,0.808,0,272
Amina,Jebali,0.87,4.23,3.77,2.04,2P21,2.7275,2.4224250000000005,soft_skills,hard_skills,0.17400000000000002,0.8460000000000001,0.754,0.40800000000000003,1,272
Rania,Lahmar,4.59,0.68,3.21,2.42,2P30,2.725,2.662833333333333,hard_skills,soft_skills,0.918,0.136,0.642,0.484,3,272
Mariem,Toumi,2.98,2.37,2.87,2.75,1A48,2.7424999999999997,0.07049166666666666,hard_skills,soft_skills,0.596,0.47400000000000003,0.5740000000000001,0.55,3,273
Marwen,Ayari,1.08,4.68,2.17,3.03,5SIM57,2.7399999999999998,2.3093999999999997,soft_skills,hard_skills,0.21600000000000003,0.9359999999999999,0.434,0.606,0,273
Fares,Turki,3.38,0.49,3.7,3.38,1A77,2.7375,2.2677583333333327,teamwork,soft_skills,0.676,0.098,0.7400000000000001,0.676,3,273
Mehdi,Driss,3.79,4.18,1.62,1.33,3B42,2.73,2.1393999999999997,soft_skills,creativity,0.758,0.836,0.32400000000000007,0.266,0,273
Yasmine,Mansour,1.14,4.51,2.99,2.32,1A10,2.74,1.9772666666666667,soft_skills,hard_skills,0.22799999999999998,0.902,0.5980000000000001,0.46399999999999997,1,274
Nabil,Turki,4.49,0.38,1.74,4.07,5GAMIX79,2.67,3.793800000000001,hard_skills,soft_skills,0.8980000000000001,0.07600000000000001,0.34800000000000003,0.8140000000000001,3,274
Nour,Turki,1.25,3.16,4.4,2.14,2A61,2.7375000000000003,1.8373583333333336,teamwork,hard_skills,0.25,0.6320000000000001,0.8800000000000001,0.42800000000000005,1,274
Dorra,Ghanouchi,4.23,3.79,0.71,2.17,2P82,2.725,2.589166666666667,hard_skills,teamwork,0.8460000000000001,0.758,0.142,0.434,0,274
Nizar,Hamdi,3.57,3.82,1.51,2.04,2A25,2.7350000000000003,1.2860333333333331,soft_skills,teamwork,0.714,0.764,0.30200000000000005,0.40800000000000003,0,275
Nadia,Jaziri,1.68,0.79,4.06,4.28,5NIDS35,2.7024999999999997,3.0114916666666662,creativity,soft_skills,0.336,0.15800000000000003,0.8119999999999999,0.8560000000000001,3,275
Siwar,Lahmar,3.52,4.75,2.37,0.21,1A33,2.7125000000000004,3.7277583333333335,soft_skills,creativity,0.7040000000000001,0.9500000000000001,0.47400000000000003,0.042,1,275
Mouna,Mejri,1.69,1.34,3.18,4.66,5IOSYS58,2.7175000000000002,2.313491666666667,creativity,soft_skills,0.338,0.268,0.6360000000000001,0.932,3,275
Mehdi,Gharbi,0.61,4.82,2.61,2.88,1A77,2.7300000000000004,2.966466666666667,soft_skills,hard_skills,0.122,0.9640000000000001,0.522,0.576,0,276
Rami,Guettari,4.44,0.02,3.04,3.14,2P30,2.66,3.5042666666666666,hard_skills,soft_skills,0.8880000000000001,0.004,0.6080000000000001,0.6280000000000001,3,276
Olfa,Abidi,3.37,4.34,1.78,1.41,1A62,2.725,1.8821666666666665,soft_skills,creativity,0.674,0.868,0.35600000000000004,0.282,0,276
Salma,Rekik,3.38,1.0,4.03,2.5,5IOSYS22,2.7275,1.7194250000000002,teamwork,soft_skills,0.676,0.2,0.806,0.5,3,276
Manel,Zayani,3.98,0.89,2.87,3.17,5TWIN27,2.7275,1.7204249999999996,hard_skills,soft_skills,0.796,0.17800000000000002,0.5740000000000001,0.634,3,277
Foued,Sassi,0.14,4.71,4.69,1.02,2P51,2.6399999999999997,5.7872666666666674,soft_skills,hard_skills,0.028000000000000004,0.9420000000000001,0.9380000000000002,0.20400000000000001,1,277
Emna,Khemiri,3.08,3.96,0.18,3.68,2A89,2.725,3.013433333333333,soft_skills,teamwork,0.6160000000000001,0.792,0.036,0.7360000000000001,0,277
Wafa,Maaloul,4.09,2.02,3.9,0.9,1A16,2.7275,2.3571583333333335,hard_skills,creativity,0.8180000000000001,0.404,0.78,0.18000000000000002,1,277
Anis,Miled,1.95,2.16,4.13,2.67,3B11,2.7275,0.9656249999999998,teamwork,hard_skills,0.39,0.43200000000000005,0.8260000000000001,0.534,3,278
Hamza,Gharbi,4.6,2.78,0.25,3.15,3A97,2.695,3.2737666666666656,hard_skills,teamwork,0.9199999999999999,0.5559999999999999,0.05,0.63,0,278
Haythem,Ferjani,0.71,3.77,4.96,1.33,2P51,2.6925000000000003,4.029758333333333,teamwork,hard_skills,0.142,0.754,0.992,0.266,1,278
Amina,Cherif,4.3,0.93,1.41,4.11,1A13,2.6875,3.1148249999999997,hard_skills,soft_skills,0.86,0.18600000000000003,0.282,0.8220000000000001,3,278
Amel,Turki,1.73,2.31,3.54,3.32,4GAMIX39,2.725,0.7268333333333333,teamwork,hard_skills,0.34600000000000003,0.462,0.7080000000000001,0.664,3,279
Rami,Belkhir,4.53,4.93,0.68,0.55,1A80,2.6725000000000003,5.673891666666666,soft_skills,creativity,0.9060000000000001,0.986,0.136,0.11000000000000001,0,279
Nabil,Haddad,1.08,1.44,3.52,4.78,5GAMIX42,2.705,3.070233333333334,creativity,hard_skills,0.21600000000000003,0.288,0.7040000000000001,0.9560000000000001,3,279
Ahmed,Ben Salah,3.88,1.97,2.26,2.78,3B60,2.7224999999999997,0.7077583333333334,hard_skills,soft_skills,0.776,0.394,0.45199999999999996,0.5559999999999999,3,279
Ghada,Lahmar,2.29,1.67,4.18,2.75,5SE100,2.7225,1.139958333333333,teamwork,soft_skills,0.458,0.334,0.836,0.55,3,280
Oussama,Abidi,4.23,4.39,0.83,1.35,1A39,2.7,3.5054666666666665,soft_skills,teamwork,0.8460000000000001,0.878,0.166,0.27,0,280
Leila,Driss,1.09,2.27,2.69,4.82,1A62,2.7175000000000002,2.4234250000000004,creativity,hard_skills,0.21800000000000003,0.454,0.538,0.9640000000000001,3,280
Mouna,Ben Amor,2.09,4.1,3.74,0.92,3A19,2.7125,2.193825,soft_skills,creativity,0.418,0.82,0.7480000000000001,0.18400000000000002,1,280
Omar,Ben Amor,3.44,2.95,1.79,2.69,5GAMIX42,2.7175,0.479025,hard_skills,teamwork,0.6880000000000001,0.5900000000000001,0.35800000000000004,0.538,0,281
Mehdi,Baccouche,1.1,2.83,4.38,2.54,3A55,2.7125000000000004,1.8080916666666667,teamwork,hard_skills,0.22000000000000003,0.5660000000000001,0.876,0.508,1,281
Rym,Bouazizi,3.74,2.97,0.84,3.28,3B42,2.7075,1.6500916666666672,hard_skills,teamwork,0.7480000000000001,0.5940000000000001,0.168,0.656,0,281
Ali,Turki,2.48,1.29,4.09,2.99,1A43,2.7125,1.3506916666666664,teamwork,soft_skills,0.496,0.258,0.8180000000000001,0.5980000000000001,3,281
Meriem,Ammar,2.96,4.8,1.34,1.77,4GAMIX39,2.7175,2.396958333333333,soft_skills,teamwork,0.592,0.96,0.268,0.35400000000000004,0,282
Lobna,Jlassi,1.47,0.59,4.12,4.42,1A85,2.65,3.643266666666667,creativity,soft_skills,0.294,0.118,0.8240000000000001,0.884,3,282
Amina,Bouazizi,4.17,2.79,3.43,0.36,2A77,2.6875,2.7256250000000004,hard_skills,creativity,0.8340000000000001,0.558,0.686,0.072,1,282
Amine,Toumi,1.62,4.23,1.45,3.56,3B67,2.7150000000000003,1.936166666666667,soft_skills,teamwork,0.32400000000000007,0.8460000000000001,0.29,0.7120000000000001,0,282
Omar,Hamdi,2.1,2.29,3.13,3.34,2A63,2.715,0.37389999999999984,creativity,hard_skills,0.42000000000000004,0.458,0.626,0.668,3,283
Amina,Khlifi,4.02,4.87,1.0,0.79,3B60,2.67,4.3286,soft_skills,creativity,0.8039999999999999,0.9740000000000001,0.2,0.15800000000000003,0,283
Ahmed,Ben Ali,1.45,1.18,3.39,4.77,5SLEAM19,2.6975,2.8779583333333334,creativity,soft_skills,0.29,0.236,0.678,0.954,3,283
Siwar,Chouchene,3.15,2.09,3.57,2.01,1A95,2.705,0.6025,teamwork,creativity,0.63,0.418,0.714,0.40199999999999997,1,283
Bilel,Mejri,1.8,3.6,3.2,2.24,3B96,2.7100000000000004,0.6937333333333333,soft_skills,hard_skills,0.36000000000000004,0.7200000000000001,0.6400000000000001,0.44800000000000006,1,284
Fatma,Mabrouk,4.87,0.15,1.4,4.07,2A77,2.6225,4.918091666666667,hard_skills,soft_skills,0.9740000000000001,0.03,0.27999999999999997,0.8140000000000001,3,284
Hela,Ayari,1.59,3.95,4.58,0.66,2A58,2.6950000000000003,3.4968333333333335,teamwork,creativity,0.31800000000000006,0.79,0.916,0.132,1,284
Eya,Khlifi,1.37,4.08,1.75,3.62,3A19,2.705,1.8073666666666668,soft_skills,hard_skills,0.274,0.8160000000000001,0.35000000000000003,0.7240000000000001,0,284
Dorra,Ayari,2.74,3.61,2.9,1.57,3B85,2.705,0.7154999999999999,soft_skills,creativity,0.548,0.722,0.58,0.31400000000000006,1,285
Dorra,Jaziri,2.82,1.34,1.75,4.87,3B67,2.6950000000000003,2.4917666666666665,creativity,soft_skills,0.564,0.268,0.35000000000000003,0.9740000000000001,3,285
Cyrine,Bouazizi,1.94,3.52,4.85,0.44,3A96,2.6874999999999996,3.6598249999999997,teamwork,creativity,0.388,0.7040000000000001,0.97,0.08800000000000001,1,285
Oussama,Nasri,2.76,2.86,1.13,4.02,4TWIN23,2.6925,1.4120916666666663,creativity,teamwork,0.5519999999999999,0.572,0.22599999999999998,0.8039999999999999,0,285
Khalil,Miled,3.53,2.73,2.1,2.46,1A43,2.705,0.3690999999999998,hard_skills,teamwork,0.706,0.546,0.42000000000000004,0.492,0,286
Fatma,Mansour,1.13,1.27,4.85,3.47,1A16,2.68,3.2411999999999996,teamwork,hard_skills,0.22599999999999998,0.254,0.97,0.6940000000000001,3,286
Yasmine,Maaloul,4.34,3.96,0.57,1.79,1A64,2.665,3.2124333333333333,hard_skills,teamwork,0.868,0.792,0.11399999999999999,0.35800000000000004,0,286
Ghassen,Jlassi,0.03,3.94,2.96,3.79,1A62,2.6799999999999997,3.3068666666666675,soft_skills,hard_skills,0.006,0.788,0.592,0.758,0,286
Mariem,Rekik,2.84,3.91,1.36,2.69,5NIDS7,2.6999999999999997,1.0931333333333335,soft_skills,teamwork,0.568,0.782,0.272,0.538,0,287
Rania,Mabrouk,2.63,0.48,4.78,2.8,5SIM57,2.6725000000000003,3.088891666666667,teamwork,soft_skills,0.526,0.096,0.9560000000000001,0.5599999999999999,3,287
Rim,Ferjani,2.33,3.86,0.97,3.58,1A39,2.6849999999999996,1.7496333333333334,soft_skills,teamwork,0.466,0.772,0.194,0.7160000000000001,0,287
Mehdi,Ghanouchi,2.42,2.81,4.98,0.52,3B11,2.6825,3.346691666666667,teamwork,creativity,0.484,0.562,0.9960000000000001,0.10400000000000001,1,287
Aymen,Bouazizi,3.58,3.94,2.71,0.56,5ARCTIC60,2.6975000000000002,2.2972249999999996,soft_skills,creativity,0.7160000000000001,0.788,0.542,0.11200000000000002,1,288
Sonia,Slimani,0.8,0.87,4.0,4.92,1A55,2.6475,4.522091666666667,creativity,hard_skills,0.16000000000000003,0.17400000000000002,0.8,0.984,3,288
Lotfi,Chebbi,4.6,3.31,0.99,1.81,5TWIN79,2.6775,2.565425,hard_skills,teamwork,0.9199999999999999,0.662,0.198,0.36200000000000004,0,288
Hela,Zayani,0.8,2.31,2.94,4.64,1A82,2.6725000000000003,2.526758333333333,creativity,hard_skills,0.16000000000000003,0.462,0.588,0.9279999999999999,3,288
Salma,Gharbi,3.11,2.95,1.88,2.84,5TWIN79,2.6950000000000003,0.30750000000000005,hard_skills,teamwork,0.622,0.5900000000000001,0.376,0.568,0,289
Lobna,Ben Ali,1.34,3.74,4.65,1.03,4SIM89,2.69,3.174066666666667,teamwork,creativity,0.268,0.7480000000000001,0.9300000000000002,0.20600000000000002,1,289
Sami,Mejri,4.66,0.62,0.78,4.43,5GAMIX38,2.6225,4.941091666666666,hard_skills,soft_skills,0.932,0.124,0.15600000000000003,0.886,3,289
Hend,Ghanouchi,1.0,3.87,4.47,1.42,3B93,2.69,3.009933333333333,teamwork,hard_skills,0.2,0.774,0.894,0.284,1,289
Adel,Ayari,2.57,0.9,4.33,2.98,1A90,2.695,1.997366666666667,teamwork,soft_skills,0.514,0.18000000000000002,0.8660000000000001,0.596,3,290
Hatem,Nasri,2.69,4.69,0.2,2.97,1A13,2.6375,3.422491666666667,soft_skills,teamwork,0.538,0.9380000000000002,0.04000000000000001,0.5940000000000001,0,290
Rim,Ben Amor,2.31,3.42,4.77,0.2,1A90,2.675,3.7342999999999993,teamwork,creativity,0.462,0.684,0.954,0.04000000000000001,1,290
Wassim,Ben Ali,2.16,2.41,1.19,4.91,1A23,2.6675,2.5118916666666666,creativity,teamwork,0.43200000000000005,0.48200000000000004,0.238,0.9820000000000001,0,290
Wided,Maaloul,2.47,0.92,4.12,3.27,1A1,2.695,1.854166666666667,teamwork,soft_skills,0.49400000000000005,0.18400000000000002,0.8240000000000001,0.654,3,291
Tarek,Nasri,4.91,4.74,0.72,0.07,1A7,2.6100000000000003,6.616866666666667,hard_skills,creativity,0.9820000000000001,0.9480000000000001,0.144,0.014000000000000002,0,291
Chaima,Rekik,0.79,1.35,4.39,4.12,2A75,2.6624999999999996,3.4458249999999997,teamwork,hard_skills,0.15800000000000003,0.27,0.878,0.8240000000000001,3,291
Dorra,Hamdi,1.21,4.31,2.45,2.79,2A75,2.69,1.627466666666666,soft_skills,hard_skills,0.242,0.862,0.49000000000000005,0.558,0,291
Nadia,Mejri,2.41,2.67,1.93,3.76,1A95,2.6925,0.6004249999999999,creativity,teamwork,0.48200000000000004,0.534,0.386,0.752,0,292
Nabil,Jlassi,4.96,1.73,3.7,0.23,3B96,2.6550000000000002,4.380433333333333,hard_skills,creativity,0.992,0.34600000000000003,0.7400000000000001,0.046000000000000006,1,292
Leila,Ferjani,1.19,2.94,2.0,4.59,4BI6,2.6799999999999997,2.132733333333333,creativity,hard_skills,0.238,0.588,0.4,0.918,0,292
Fares,Saidi,1.54,3.86,3.56,1.77,5GAMIX79,2.6825,1.4314916666666664,soft_skills,hard_skills,0.30800000000000005,0.772,0.7120000000000001,0.35400000000000004,1,292
Khadija,Miled,3.16,0.99,3.24,3.35,5GAMIX57,2.685,1.2829666666666668,creativity,soft_skills,0.6320000000000001,0.198,0.6480000000000001,0.67,3,293
Khalil,Mabrouk,2.53,4.76,2.89,0.44,5NIDS7,2.655,3.1360333333333332,soft_skills,creativity,0.506,0.952,0.5780000000000001,0.08800000000000001,1,293
Cyrine,Mabrouk,2.24,1.21,2.3,4.9,5IOSYS22,2.6625,2.4753583333333338,creativity,soft_skills,0.44800000000000006,0.242,0.45999999999999996,0.9800000000000001,3,293
Rym,Ferjani,3.75,3.55,2.65,0.75,2A4,2.675,1.8758333333333332,hard_skills,creativity,0.75,0.71,0.53,0.15000000000000002,1,293
Amina,Jaziri,4.99,1.3,3.14,1.31,5IOSYS7,2.685,3.1096333333333335,hard_skills,soft_skills,0.9980000000000001,0.26,0.6280000000000001,0.262,2,294
Asma,Lahmar,0.64,4.93,0.31,4.59,3A60,2.6174999999999997,6.157824999999999,soft_skills,teamwork,0.128,0.986,0.062,0.918,0,294
Oussama,Chebbi,3.27,0.67,4.51,2.26,3A88,2.6774999999999998,2.637825,teamwork,soft_skills,0.654,0.134,0.902,0.45199999999999996,3,294
Samira,Chouchene,0.8,4.67,3.68,1.51,3A10,2.665,3.2875,soft_skills,hard_skills,0.16000000000000003,0.934,0.7360000000000001,0.30200000000000005,1,294
Zied,Nasri,2.93,1.83,2.18,3.79,2A27,2.6825,0.7556916666666665,creativity,soft_skills,0.5860000000000001,0.36600000000000005,0.43600000000000005,0.758,3,295
Ghada,Ghanouchi,1.96,4.64,4.02,0.02,2A32,2.6599999999999997,4.409866666666666,soft_skills,creativity,0.392,0.9279999999999999,0.8039999999999999,0.004,1,295
Marwen,Zouari,4.59,1.29,1.35,3.46,1A43,2.6725000000000003,2.6524249999999996,hard_skills,soft_skills,0.918,0.258,0.27,0.6920000000000001,0,295
Rami,Ferjani,1.23,1.35,4.92,3.18,3A88,2.67,3.0461999999999994,teamwork,hard_skills,0.246,0.27,0.984,0.6360000000000001,3,295
Ismail,Jebali,2.32,1.87,3.26,3.28,3A82,2.6824999999999997,0.4940249999999999,creativity,soft_skills,0.46399999999999997,0.37400000000000005,0.652,0.656,3,296
Bilel,Abidi,4.35,3.8,0.75,1.77,2A77,2.6674999999999995,2.8652249999999992,hard_skills,teamwork,0.87,0.76,0.15000000000000002,0.35400000000000004,0,296
Yasmine,Driss,0.97,3.18,4.95,1.53,1A18,2.6575,3.215825,teamwork,hard_skills,0.194,0.6360000000000001,0.9900000000000001,0.30600000000000005,1,296
Walid,Toumi,3.08,2.73,0.86,4.03,5TWIN2,2.6750000000000003,1.765766666666667,creativity,teamwork,0.6160000000000001,0.546,0.17200000000000001,0.806,0,296
Hiba,Trabelsi,2.59,2.72,2.85,2.56,5IOSYS7,2.68,0.017666666666666685,teamwork,creativity,0.518,0.544,0.5700000000000001,0.512,1,297
Ali,Ben Amor,4.5,0.79,2.32,3.11,1A85,2.6799999999999997,2.3996666666666666,hard_skills,soft_skills,0.9,0.15800000000000003,0.46399999999999997,0.622,3,297
Cyrine,Ben Amor,0.78,4.58,3.93,1.34,1A64,2.6575,3.525358333333333,soft_skills,hard_skills,0.15600000000000003,0.916,0.786,0.268,1,297
Sonia,Chouchene,3.24,2.51,0.48,4.36,1A55,2.6475,2.666891666666667,creativity,teamwork,0.6480000000000001,0.502,0.096,0.8720000000000001,0,297
Walid,Ben Salah,4.89,1.55,3.3,0.98,1A95,2.6799999999999997,3.1451333333333333,hard_skills,creativity,0.978,0.31000000000000005,0.66,0.196,1,298
Mourad,Belkhir,1.03,4.27,0.49,4.68,5GAMIX57,2.6174999999999997,4.677024999999999,creativity,teamwork,0.20600000000000002,0.854,0.098,0.9359999999999999,0,298
Siwar,Baccouche,1.81,2.87,3.94,2.08,5NIDS35,2.675,0.9134999999999999,teamwork,hard_skills,0.36200000000000004,0.5740000000000001,0.788,0.41600000000000004,1,298
Aymen,Saidi,3.05,0.39,3.6,3.6,2A89,2.66,2.3573999999999997,teamwork,soft_skills,0.61,0.07800000000000001,0.7200000000000001,0.7200000000000001,3,298
Leila,Guettari,1.35,3.32,3.53,2.51,2A4,2.6774999999999998,0.9766249999999999,teamwork,hard_skills,0.27,0.664,0.706,0.502,1,299
Hiba,Zouari,4.78,0.05,0.65,4.83,2P30,2.5775,6.676091666666668,creativity,soft_skills,0.9560000000000001,0.010000000000000002,0.13,0.9660000000000001,3,299
Mourad,Fourati,0.49,4.77,4.53,0.63,3B67,2.605,5.5889,soft_skills,hard_skills,0.098,0.954,0.9060000000000001,0.126,1,299
Siwar,Khlifi,4.14,3.27,0.05,3.16,2A98,2.6550000000000002,3.2081666666666666,hard_skills,teamwork,0.828,0.654,0.010000000000000002,0.6320000000000001,0,299
Wassim,Trabelsi,2.25,2.91,3.65,1.88,1A55,2.6725000000000003,0.6061583333333334,teamwork,creativity,0.45,0.5820000000000001,0.73,0.376,1,300
Rami,Gharbi,3.86,2.73,0.16,3.82,3B23,2.6425,3.0130916666666665,hard_skills,teamwork,0.772,0.546,0.032,0.764,0,300
Hedi,Saidi,0.57,4.16,3.98,1.92,1A95,2.6575,2.969358333333334,soft_skills,hard_skills,0.11399999999999999,0.8320000000000001,0.796,0.384,1,300
Sonia,Zayani,4.13,0.13,4.13,2.17,2A71,2.64,3.6537333333333337,hard_skills,soft_skills,0.8260000000000001,0.026000000000000002,0.8260000000000001,0.434,3,300
Rania,Jebali,3.89,2.58,3.46,0.75,1A74,2.67,1.9356666666666669,hard_skills,creativity,0.778,0.516,0.6920000000000001,0.15000000000000002,1,301
Sonia,Cherif,0.88,2.19,2.64,4.87,1A43,2.645,2.757633333333334,creativity,hard_skills,0.17600000000000002,0.438,0.528,0.9740000000000001,3,301
Lina,Fourati,3.09,4.71,1.48,1.34,3A19,2.655,2.5073666666666665,soft_skills,creativity,0.618,0.9420000000000001,0.296,0.268,0,301
Aymen,Chaabane,1.24,0.63,4.47,4.21,2P30,2.6375,3.937958333333333,teamwork,soft_skills,0.248,0.126,0.894,0.8420000000000001,3,301
Bilel,Saidi,1.57,3.35,2.98,2.77,5BI77,2.6675,0.592825,soft_skills,hard_skills,0.31400000000000006,0.67,0.596,0.554,1,302
Samira,Fourati,4.77,0.73,1.94,3.12,1A16,2.6399999999999997,2.9684666666666666,hard_skills,soft_skills,0.954,0.146,0.388,0.6240000000000001,3,302
Eya,Baccouche,1.87,4.8,2.66,1.28,3B96,2.6525,2.3692916666666664,soft_skills,creativity,0.37400000000000005,0.96,0.532,0.256,1,302
Siwar,Jaziri,1.37,2.43,2.6,4.21,2P51,2.6525,1.3742916666666665,creativity,hard_skills,0.274,0.48600000000000004,0.52,0.8420000000000001,3,302
Lina,Chebbi,2.74,3.21,2.85,1.86,3A60,2.665,0.3283,soft_skills,creativity,0.548,0.642,0.5700000000000001,0.37200000000000005,1,303
Wided,Guettari,2.62,1.93,1.56,4.48,2A61,2.6475,1.6854250000000004,creativity,teamwork,0.524,0.386,0.31200000000000006,0.8960000000000001,0,303
Ghada,Gharbi,4.55,2.66,2.89,0.56,3B60,2.665,2.6783,hard_skills,creativity,0.91,0.532,0.5780000000000001,0.11200000000000002,1,303
Samira,Baccouche,1.08,3.39,3.82,2.34,1A39,2.6575,1.4924249999999997,teamwork,hard_skills,0.21600000000000003,0.678,0.764,0.46799999999999997,1,303
Bechir,Rekik,4.51,2.66,1.78,1.7,5NIDS35,2.6624999999999996,1.706158333333333,hard_skills,creativity,0.902,0.532,0.35600000000000004,0.34,0,304
Sabrine,Karoui,0.11,0.71,4.4,4.97,4SAE18,2.5475000000000003,6.2060249999999995,creativity,hard_skills,0.022000000000000002,0.142,0.8800000000000001,0.994,3,304
Asma,Miled,4.3,4.35,1.67,0.14,5SAE33,2.6149999999999998,4.289366666666666,soft_skills,creativity,0.86,0.87,0.334,0.028000000000000004,1,304
Zaineb,Sassi,0.75,3.78,2.28,3.75,2A73,2.6399999999999997,2.0778,soft_skills,hard_skills,0.15000000000000002,0.756,0.45599999999999996,0.75,0,304
Amel,Haddad,3.6,3.79,2.58,0.66,3A75,2.6575,2.0556249999999996,soft_skills,creativity,0.7200000000000001,0.758,0.516,0.132,1,305
Ines,Mabrouk,1.68,0.17,4.02,4.52,1A82,2.5974999999999997,4.151358333333333,creativity,soft_skills,0.336,0.034,0.8039999999999999,0.9039999999999999,3,305
Asma,Rekik,1.72,4.54,1.81,2.56,2A71,2.6575,1.716825,soft_skills,hard_skills,0.34400000000000003,0.908,0.36200000000000004,0.512,0,305
Leila,Makni,3.89,1.32,1.97,3.43,1A23,2.6525,1.459091666666667,hard_skills,soft_skills,0.778,0.264,0.394,0.686,3,305
Haythem,Haddad,1.92,3.88,2.72,2.1,5SE32,2.655,0.7843666666666667,soft_skills,hard_skills,0.384,0.776,0.544,0.42000000000000004,1,306
Nadia,Slimani,3.9,0.14,1.95,4.46,5IOSYS22,2.6125,3.874358333333333,creativity,soft_skills,0.78,0.028000000000000004,0.39,0.892,3,306
Dorra,Baccouche,1.92,4.87,2.35,1.39,1A33,2.6325000000000003,2.3792250000000004,soft_skills,creativity,0.384,0.9740000000000001,0.47000000000000003,0.27799999999999997,1,306
Karim,Gharbi,2.02,1.05,4.75,2.73,4ARCTIC27,2.6375,2.457558333333333,teamwork,soft_skills,0.404,0.21000000000000002,0.9500000000000001,0.546,3,306
Adel,Chaabane,2.94,2.56,2.27,2.83,2A75,2.65,0.08966666666666666,hard_skills,teamwork,0.588,0.512,0.454,0.5660000000000001,0,307
Sabrine,Zayani,1.41,3.29,4.59,1.22,3A82,2.6275,2.5845583333333333,teamwork,creativity,0.282,0.658,0.918,0.244,1,307
Youssef,Haddad,2.87,2.41,0.92,4.38,3A66,2.645,2.0305666666666666,creativity,teamwork,0.5740000000000001,0.48200000000000004,0.18400000000000002,0.876,0,307
Youssef,Saidi,4.45,1.83,2.2,2.11,3B96,2.6475,1.468825,hard_skills,soft_skills,0.8900000000000001,0.36600000000000005,0.44000000000000006,0.422,2,307
Meriem,Belkhir,2.37,1.54,3.69,3.0,2P19,2.65,0.8382,teamwork,soft_skills,0.47400000000000003,0.30800000000000005,0.738,0.6000000000000001,3,308
Walid,Driss,3.23,4.52,0.17,2.53,3B84,2.6125,3.3308249999999995,soft_skills,teamwork,0.646,0.9039999999999999,0.034,0.506,0,308
Sonia,Chebbi,3.64,1.09,4.99,0.8,5IOSYS58,2.6300000000000003,4.1034,teamwork,creativity,0.7280000000000001,0.21800000000000003,0.9980000000000001,0.16000000000000003,1,308
Ines,Khemiri,0.8,4.44,2.02,3.26,1A13,2.63,2.464666666666667,soft_skills,hard_skills,0.16000000000000003,0.8880000000000001,0.404,0.652,0,308
Sami,Mansour,2.14,2.36,3.28,2.79,1A39,2.6425,0.25349166666666656,teamwork,hard_skills,0.42800000000000005,0.472,0.656,0.558,3,309
Ahmed,Slimani,4.75,2.31,0.57,2.91,5INFINI39,2.6350000000000002,2.9729000000000005,hard_skills,teamwork,0.9500000000000001,0.462,0.11399999999999999,0.5820000000000001,0,309
Ines,Ben Ali,0.47,3.43,4.6,1.95,4ARCTIC27,2.6125,3.2158916666666673,teamwork,hard_skills,0.094,0.686,0.9199999999999999,0.39,1,309
Chaima,Jaziri,3.45,1.38,1.71,4.02,1A92,2.6399999999999997,1.671,creativity,soft_skills,0.6900000000000001,0.27599999999999997,0.342,0.8039999999999999,3,309
Amine,Saidi,2.99,3.63,0.35,3.58,3A66,2.6375,2.4100916666666667,soft_skills,teamwork,0.5980000000000001,0.726,0.06999999999999999,0.7160000000000001,0,310
Ghassen,Haddad,3.45,1.51,4.66,0.85,1A13,2.6175,3.071825,teamwork,creativity,0.6900000000000001,0.30200000000000005,0.932,0.17,1,310
Sami,Fourati,0.35,2.41,2.88,4.79,1A33,2.6075,3.324291666666667,creativity,hard_skills,0.06999999999999999,0.48200000000000004,0.576,0.9580000000000001,3,310
Chokri,Jlassi,4.68,1.76,3.99,0.09,2A73,2.63,4.4202,hard_skills,creativity,0.9359999999999999,0.35200000000000004,0.798,0.018,1,310
Wafa,Ben Ali,1.67,3.52,1.62,3.74,4SIM62,2.6375,1.3218916666666667,creativity,teamwork,0.334,0.7040000000000001,0.32400000000000007,0.7480000000000001,0,311
Hichem,Saidi,4.29,1.11,4.76,0.17,4GAMIX39,2.5825,5.215158333333332,teamwork,creativity,0.8580000000000001,0.22200000000000003,0.952,0.034,1,311
Wassim,Haddad,1.01,4.2,0.78,4.41,4SIM62,2.6,3.8922000000000003,creativity,teamwork,0.202,0.8400000000000001,0.15600000000000003,0.8820000000000001,0,311
Aymen,Lahmar,3.47,1.79,4.24,1.05,5SE100,2.6375,2.166491666666667,teamwork,creativity,0.6940000000000001,0.35800000000000004,0.8480000000000001,0.21000000000000002,1,311
Sarra,Turki,4.45,3.28,1.31,1.51,2P87,2.6375,2.243825,hard_skills,teamwork,0.8900000000000001,0.656,0.262,0.30200000000000005,0,312
Amina,Baccouche,0.54,2.18,3.14,4.57,2A89,2.6075,2.864091666666667,creativity,hard_skills,0.10800000000000001,0.43600000000000005,0.6280000000000001,0.9140000000000001,3,312
Fethi,Sassi,3.23,1.3,4.53,1.46,5ARCTIC86,2.63,2.369266666666667,teamwork,soft_skills,0.646,0.26,0.9060000000000001,0.292,1,312
Aymen,Hamdi,1.89,3.99,1.49,3.17,4ARCTIC87,2.635,1.3294333333333335,soft_skills,teamwork,0.378,0.798,0.298,0.634,0,312
Ali,Cherif,3.47,2.89,3.52,0.66,2P30,2.6350000000000002,1.8153666666666666,teamwork,creativity,0.6940000000000001,0.5780000000000001,0.7040000000000001,0.132,1,313
Amina,Saidi,0.16,2.73,2.49,4.92,1A13,2.575,3.7874999999999996,creativity,hard_skills,0.032,0.546,0.49800000000000005,0.984,3,313
Youssef,Mabrouk,5.0,2.49,0.98,2.02,3A10,2.6225,2.9102916666666663,hard_skills,teamwork,1.0,0.49800000000000005,0.196,0.404,0,313
Amine,Mejri,1.16,2.47,4.04,2.87,3A19,2.635,1.4107000000000003,teamwork,hard_skills,0.23199999999999998,0.49400000000000005,0.808,0.5740000000000001,3,313
Farah,Zouari,3.58,2.77,1.36,2.83,2A73,2.635,0.8583,hard_skills,teamwork,0.7160000000000001,0.554,0.272,0.5660000000000001,0,314
Wafa,Khemiri,1.63,2.25,4.56,2.06,4IOSYS40,2.625,1.7313666666666663,teamwork,hard_skills,0.326,0.45,0.9119999999999999,0.41200000000000003,1,314
Lina,Zouari,2.74,2.6,1.22,3.94,5IOSYS7,2.625,1.2390333333333334,creativity,teamwork,0.548,0.52,0.244,0.788,0,314
Nour,Chaabane,1.8,4.21,3.74,0.71,3B81,2.615,2.7009666666666665,soft_skills,creativity,0.36000000000000004,0.8420000000000001,0.7480000000000001,0.142,1,314
Yasmine,Cherif,4.05,2.95,2.59,0.94,3A66,2.6325,1.658825,hard_skills,creativity,0.81,0.5900000000000001,0.518,0.188,1,315
Ismail,Chebbi,2.59,1.45,2.02,4.46,2P30,2.63,1.705,creativity,soft_skills,0.518,0.29,0.404,0.892,3,315
Hatem,Belkhir,1.02,2.98,4.37,2.06,5IOSYS7,2.6075000000000004,2.021691666666667,teamwork,hard_skills,0.20400000000000001,0.596,0.8740000000000001,0.41200000000000003,1,315
Fethi,Guettari,3.83,3.85,0.04,2.72,3A97,2.61,3.2143333333333337,soft_skills,teamwork,0.766,0.77,0.008,0.544,0,315
Iheb,Ben Salah,3.01,0.82,2.65,4.05,1A16,2.6325,1.812425,creativity,soft_skills,0.602,0.164,0.53,0.81,3,316
Ghada,Jaziri,1.4,4.82,4.02,0.07,3B85,2.5775,4.927891666666667,soft_skills,creativity,0.27999999999999997,0.9640000000000001,0.8039999999999999,0.014000000000000002,1,316
Bechir,Karoui,4.94,2.09,0.23,3.18,3B11,2.6100000000000003,3.8962000000000003,hard_skills,teamwork,0.9880000000000001,0.418,0.046000000000000006,0.6360000000000001,0,316
Khadija,Slimani,0.76,3.27,2.96,3.4,3B49,2.5975,1.5346916666666666,creativity,hard_skills,0.15200000000000002,0.654,0.592,0.68,3,316
Wassim,Abidi,3.77,1.7,2.08,2.97,5ARCTIC60,2.63,0.8608666666666668,hard_skills,soft_skills,0.754,0.34,0.41600000000000004,0.5940000000000001,3,317
Mohamed,Karoui,0.93,4.74,4.14,0.48,2A35,2.5725,4.743825,soft_skills,creativity,0.18600000000000003,0.9480000000000001,0.828,0.096,1,317
Khalil,Ammar,3.87,1.01,0.83,4.63,3A69,2.585,3.797966666666666,creativity,teamwork,0.774,0.202,0.166,0.926,0,317
Sarra,Ayari,1.87,3.53,3.2,1.89,2A58,2.6225000000000005,0.7532916666666666,soft_skills,hard_skills,0.37400000000000005,0.706,0.6400000000000001,0.378,1,317
Rym,Chouchene,2.74,2.32,2.18,3.27,3B4,2.6275,0.24009166666666668,creativity,teamwork,0.548,0.46399999999999997,0.43600000000000005,0.654,0,318
Hend,Nasri,1.76,4.39,3.56,0.73,5SLEAM43,2.61,2.775933333333333,soft_skills,creativity,0.35200000000000004,0.878,0.7120000000000001,0.146,1,318
Omar,Guettari,2.99,0.51,2.32,4.58,5SE32,2.6,2.839666666666666,creativity,soft_skills,0.5980000000000001,0.10200000000000001,0.46399999999999997,0.916,3,318
Omar,Jebali,4.45,2.96,2.62,0.47,3B93,2.6250000000000004,2.6956333333333333,hard_skills,creativity,0.8900000000000001,0.592,0.524,0.094,1,318
Oussama,Jlassi,4.83,1.98,2.8,0.88,4SAE18,2.6225,2.7845583333333335,hard_skills,creativity,0.9660000000000001,0.396,0.5599999999999999,0.17600000000000002,1,319
Youssef,Makni,0.71,4.39,0.5,4.62,5SE32,2.5549999999999997,5.086166666666666,creativity,teamwork,0.142,0.878,0.1,0.924,0,319
Nizar,Toumi,2.8,1.96,4.3,1.42,5ARCTIC86,2.6199999999999997,1.5767999999999998,teamwork,creativity,0.5599999999999999,0.392,0.86,0.284,1,319
Mouna,Guettari,2.31,1.57,3.6,2.98,4SAE18,2.615,0.7628333333333334,teamwork,soft_skills,0.462,0.31400000000000006,0.7200000000000001,0.596,3,319
Chaima,Bouazizi,1.97,3.5,1.75,3.26,2A89,2.62,0.7878,soft_skills,teamwork,0.394,0.7000000000000001,0.35000000000000003,0.652,0,320
Mouna,Ferjani,4.27,1.19,3.85,1.17,4BI6,2.6199999999999997,2.7942666666666667,hard_skills,creativity,0.854,0.238,0.77,0.23399999999999999,1,320
Chokri,Ayari,1.28,4.26,1.91,3.01,5ARCTIC86,2.615,1.7137666666666664,soft_skills,hard_skills,0.256,0.852,0.382,0.602,0,320
Amina,Chebbi,4.67,0.41,2.89,2.49,1A39,2.615,3.0587666666666666,hard_skills,soft_skills,0.934,0.082,0.5780000000000001,0.49800000000000005,3,320
Hamza,Ayari,2.37,1.62,4.06,2.43,1A43,2.62,1.0573999999999995,teamwork,soft_skills,0.47400000000000003,0.32400000000000007,0.8119999999999999,0.48600000000000004,3,321
Rania,Karoui,2.02,4.97,0.03,3.33,3B12,2.5875000000000004,4.3634916666666665,soft_skills,teamwork,0.404,0.994,0.006,0.666,0,321
Cyrine,Saidi,3.33,0.85,4.84,1.31,1A16,2.5825,3.4252916666666664,teamwork,soft_skills,0.666,0.17,0.968,0.262,3,321
Fethi,Nasri,3.37,2.19,0.95,3.95,2A75,2.615,1.768366666666667,creativity,teamwork,0.674,0.438,0.19,0.79,0,321
Foued,Fourati,3.7,2.05,2.86,1.87,1A80,2.62,0.7038000000000001,hard_skills,creativity,0.7400000000000001,0.41,0.572,0.37400000000000005,1,322
Oussama,Ben Amor,1.77,4.51,0.46,3.58,5SAE59,2.58,3.2918,soft_skills,teamwork,0.35400000000000004,0.902,0.09200000000000001,0.7160000000000001,0,322
Iheb,Lahmar,3.29,1.91,4.8,0.38,1A13,2.595,3.5734999999999997,teamwork,creativity,0.658,0.382,0.96,0.07600000000000001,1,322
Wided,Mabrouk,2.72,0.92,1.96,4.78,5SE32,2.5949999999999998,2.666233333333334,creativity,soft_skills,0.544,0.18400000000000002,0.392,0.9560000000000001,3,322
Amine,Miled,3.84,1.69,1.51,3.4,3B4,2.61,1.3978,hard_skills,teamwork,0.768,0.338,0.30200000000000005,0.68,0,323
Mouna,Driss,1.33,4.13,4.38,0.52,3B85,2.59,3.8160666666666665,teamwork,creativity,0.266,0.8260000000000001,0.876,0.10400000000000001,1,323
Ali,Ben Salah,3.51,1.64,0.58,4.65,1A55,2.5949999999999998,3.3441666666666676,creativity,teamwork,0.702,0.328,0.11599999999999999,0.9300000000000002,0,323
Lotfi,Zayani,2.01,2.23,4.71,1.44,5SE32,2.5974999999999997,2.0942250000000002,teamwork,creativity,0.40199999999999997,0.446,0.9420000000000001,0.288,1,323
Oumaima,Cherif,3.46,0.73,2.87,3.38,5SE100,2.61,1.6391333333333336,hard_skills,soft_skills,0.6920000000000001,0.146,0.5740000000000001,0.676,3,324
Manel,Zouari,0.14,4.78,4.11,1.09,3A97,2.5300000000000002,5.114866666666667,soft_skills,hard_skills,0.028000000000000004,0.9560000000000001,0.8220000000000001,0.21800000000000003,1,324
Amel,Miled,3.25,2.54,0.09,4.5,2P51,2.5949999999999998,3.4453666666666667,creativity,teamwork,0.65,0.508,0.018,0.9,0,324
Yasmine,Mejri,4.75,1.56,2.93,1.13,5IOSYS5,2.5925000000000002,2.6578916666666665,hard_skills,creativity,0.9500000000000001,0.31200000000000006,0.5860000000000001,0.22599999999999998,2,324
Nabil,Mejri,3.11,0.91,3.52,2.89,3B93,2.6075,1.3488249999999997,teamwork,soft_skills,0.622,0.18200000000000002,0.7040000000000001,0.5780000000000001,3,325
Leila,Chaabane,3.51,4.88,0.28,1.68,5ARCTIC86,2.5875,4.084891666666667,soft_skills,teamwork,0.702,0.976,0.05600000000000001,0.336,0,325
Nour,Guettari,1.42,1.67,4.47,2.77,3B81,2.5825,1.9272916666666664,teamwork,hard_skills,0.284,0.334,0.894,0.554,3,325
Siwar,Makni,1.6,3.75,1.81,3.26,2P87,2.605,1.1273666666666664,soft_skills,hard_skills,0.32000000000000006,0.75,0.36200000000000004,0.652,0,325
Nour,Ghanouchi,3.7,2.67,1.3,2.76,2A63,2.6075,0.9767583333333333,hard_skills,teamwork,0.7400000000000001,0.534,0.26,0.5519999999999999,0,326
Mariem,Baccouche,0.75,3.17,4.04,2.4,3B4,2.59,1.9535333333333336,teamwork,hard_skills,0.15000000000000002,0.634,0.808,0.48,1,326
Mouna,Slimani,4.96,0.67,1.69,3.05,5SE99,2.5925000000000002,3.441625,hard_skills,soft_skills,0.992,0.134,0.338,0.61,2,326
Chaima,Haddad,0.92,3.87,3.89,1.66,1A85,2.585,2.327366666666667,teamwork,hard_skills,0.18400000000000002,0.774,0.778,0.332,1,326
Hatem,Ammar,1.57,3.9,2.73,2.22,2A71,2.605,0.9706999999999999,soft_skills,hard_skills,0.31400000000000006,0.78,0.546,0.44400000000000006,1,327
Rami,Zouari,3.85,0.45,2.28,3.82,1A95,2.6,2.591933333333333,hard_skills,soft_skills,0.77,0.09000000000000001,0.45599999999999996,0.764,3,327
Lina,Mansour,3.32,3.97,2.69,0.35,1A7,2.5825,2.488225,soft_skills,creativity,0.664,0.794,0.538,0.06999999999999999,1,327
Mourad,Jlassi,2.64,0.99,3.31,3.39,5SE32,2.5825,1.2402250000000001,creativity,soft_skills,0.528,0.198,0.662,0.678,3,327
Hichem,Toumi,3.17,3.78,1.3,2.17,1A48,2.605,1.1973666666666662,soft_skills,teamwork,0.634,0.756,0.26,0.434,0,328
Lobna,Miled,1.17,0.88,4.61,3.55,1A62,2.5525,3.312291666666667,teamwork,soft_skills,0.23399999999999999,0.17600000000000002,0.9220000000000002,0.71,3,328
Salma,Ammar,4.64,3.81,0.43,1.54,4ARCTIC27,2.6049999999999995,3.8193666666666655,hard_skills,teamwork,0.9279999999999999,0.762,0.08600000000000001,0.30800000000000005,0,328
Manel,Belkhir,1.74,2.93,4.19,1.52,3B49,2.5949999999999998,1.5143000000000004,teamwork,creativity,0.34800000000000003,0.5860000000000001,0.8380000000000001,0.30400000000000005,1,328
Hend,Ben Amor,3.14,3.88,1.38,2.02,2P87,2.6049999999999995,1.2515666666666667,soft_skills,teamwork,0.6280000000000001,0.776,0.27599999999999997,0.404,0,329
Walid,Sassi,1.41,0.8,4.15,3.84,3A75,2.55,2.8620666666666668,teamwork,soft_skills,0.282,0.16000000000000003,0.8300000000000001,0.768,3,329
Karim,Chouchene,4.78,4.19,0.33,1.02,1A1,2.58,4.976066666666667,hard_skills,teamwork,0.9560000000000001,0.8380000000000001,0.066,0.20400000000000001,0,329
Nour,Baccouche,0.67,2.69,4.32,2.59,5GAMIX79,2.5675,2.229091666666667,teamwork,hard_skills,0.134,0.538,0.8640000000000001,0.518,1,329
Wassim,Zayani,2.25,3.54,2.07,2.54,3A66,2.5999999999999996,0.43020000000000014,soft_skills,teamwork,0.45,0.7080000000000001,0.414,0.508,0,330
Chaima,Nasri,4.75,0.52,3.6,1.39,2P99,2.565,3.8027,hard_skills,soft_skills,0.9500000000000001,0.10400000000000001,0.7200000000000001,0.27799999999999997,2,330
Leila,Miled,1.12,4.22,0.45,4.36,4IOSYS40,2.5375,4.173091666666666,creativity,teamwork,0.22400000000000003,0.844,0.09000000000000001,0.8720000000000001,0,330
Amina,Maaloul,1.44,2.87,4.99,0.95,1A74,2.5625,3.282491666666667,teamwork,creativity,0.288,0.5740000000000001,0.9980000000000001,0.19,1,330
Hela,Nasri,3.51,2.95,2.27,1.65,3A10,2.595,0.6539666666666667,hard_skills,creativity,0.702,0.5900000000000001,0.454,0.33,1,331
Lobna,Abidi,1.62,1.08,3.2,4.29,5IOSYS5,2.5475000000000003,2.1586250000000002,creativity,soft_skills,0.32400000000000007,0.21600000000000003,0.6400000000000001,0.8580000000000001,3,331
Chokri,Mejri,3.73,4.22,1.46,0.92,4GAMIX83,2.5825,2.674025,soft_skills,creativity,0.746,0.844,0.292,0.18400000000000002,1,331
Hela,Jlassi,2.73,0.64,3.68,3.26,3A75,2.5775,1.8194916666666667,teamwork,soft_skills,0.546,0.128,0.7360000000000001,0.652,3,331
Ghada,Ayari,2.81,4.0,0.45,3.12,3A19,2.595,2.2989666666666664,soft_skills,teamwork,0.562,0.8,0.09000000000000001,0.6240000000000001,0,332
Rami,Zayani,2.94,0.93,4.31,2.12,2A32,2.575,2.018833333333333,teamwork,soft_skills,0.588,0.18600000000000003,0.862,0.42400000000000004,3,332
Leila,Zouari,1.17,3.79,2.76,2.62,4ARCTIC27,2.585,1.1620333333333333,soft_skills,hard_skills,0.23399999999999999,0.758,0.5519999999999999,0.524,1,332
Omar,Ayari,4.22,1.43,2.85,1.84,1A10,2.585,1.5441666666666662,hard_skills,soft_skills,0.844,0.286,0.5700000000000001,0.36800000000000005,2,332
Amine,Chebbi,2.41,3.42,2.84,1.69,2A98,2.59,0.5312666666666667,soft_skills,creativity,0.48200000000000004,0.684,0.568,0.338,1,333
Mehdi,Makni,4.82,0.27,0.09,4.88,1A23,2.5149999999999997,7.275633333333334,creativity,teamwork,0.9640000000000001,0.054000000000000006,0.018,0.976,0,333
Rania,Nasri,0.75,4.84,4.4,0.04,1A39,2.5075,6.066491666666667,soft_skills,creativity,0.15000000000000002,0.968,0.8800000000000001,0.008,1,333
Mourad,Jaziri,3.14,0.61,3.66,2.9,4SAE18,2.5775,1.8210916666666666,teamwork,soft_skills,0.6280000000000001,0.122,0.7320000000000001,0.58,3,333
Khalil,Baccouche,4.94,3.07,0.47,1.88,4SIM62,2.59,3.5838000000000005,hard_skills,teamwork,0.9880000000000001,0.614,0.094,0.376,0,334
Tarek,Guettari,0.24,1.84,4.81,3.14,4GAMIX83,2.5075,3.7628916666666665,teamwork,hard_skills,0.048,0.36800000000000005,0.962,0.6280000000000001,3,334
Hiba,Jebali,1.59,3.19,2.51,3.03,2A4,2.58,0.5198666666666666,soft_skills,hard_skills,0.31800000000000006,0.638,0.502,0.606,0,334
Emna,Chaabane,4.75,1.98,2.82,0.77,3B96,2.58,2.8008666666666664,hard_skills,creativity,0.9500000000000001,0.396,0.564,0.15400000000000003,1,334
Ghada,Chouchene,3.9,2.08,3.47,0.9,1A64,2.5875000000000004,1.8688916666666666,hard_skills,creativity,0.78,0.41600000000000004,0.6940000000000001,0.18000000000000002,1,335
Nabil,Bouazizi,0.97,3.59,0.98,4.62,5TWIN79,2.54,3.442466666666667,creativity,hard_skills,0.194,0.718,0.196,0.924,0,335
Youssef,Turki,4.3,1.52,3.27,1.23,1A90,2.58,2.1268666666666665,hard_skills,creativity,0.86,0.30400000000000005,0.654,0.246,2,335
Amine,Zayani,0.33,3.33,4.11,2.47,5SE32,2.56,2.6588000000000003,teamwork,hard_skills,0.066,0.666,0.8220000000000001,0.49400000000000005,1,335
Samira,Haddad,2.01,2.71,3.36,2.26,4ARCTIC87,2.585,0.3508333333333334,teamwork,hard_skills,0.40199999999999997,0.542,0.672,0.45199999999999996,1,336
Dorra,Cherif,3.66,2.1,0.63,3.9,1A95,2.5725,2.313825,creativity,teamwork,0.7320000000000001,0.42000000000000004,0.126,0.78,0,336
Dorra,Karoui,1.13,3.52,4.23,1.4,2A6,2.5700000000000003,2.366866666666667,teamwork,hard_skills,0.22599999999999998,0.7040000000000001,0.8460000000000001,0.27999999999999997,1,336
Amel,Maaloul,3.73,0.94,2.47,3.18,1A39,2.58,1.4614000000000003,hard_skills,soft_skills,0.746,0.188,0.49400000000000005,0.6360000000000001,3,336
Oussama,Mejri,3.57,2.11,3.15,1.5,2A32,2.5825,0.8974249999999998,hard_skills,creativity,0.714,0.422,0.63,0.30000000000000004,1,337
Omar,Cherif,0.22,4.46,0.97,4.35,3B85,2.5,4.9344666666666654,soft_skills,hard_skills,0.044000000000000004,0.892,0.194,0.87,0,337
Omar,Mejri,4.09,2.42,3.37,0.39,1A82,2.5675,2.5750916666666663,hard_skills,creativity,0.8180000000000001,0.484,0.674,0.07800000000000001,1,337
Emna,Driss,3.03,0.21,2.57,4.39,3B67,2.55,3.0306666666666664,creativity,soft_skills,0.606,0.042,0.514,0.878,3,337
Siwar,Bouazizi,2.84,2.71,2.03,2.74,5NIDS35,2.58,0.1375333333333334,hard_skills,teamwork,0.568,0.542,0.40599999999999997,0.548,0,338
Fethi,Slimani,2.65,2.78,4.46,0.35,5TWIN79,2.56,2.8501999999999996,teamwork,creativity,0.53,0.5559999999999999,0.892,0.06999999999999999,1,338
Ahmed,Baccouche,2.24,1.79,1.54,4.63,1A33,2.55,2.006733333333333,creativity,teamwork,0.44800000000000006,0.35800000000000004,0.30800000000000005,0.926,3,338
Tarek,Ferjani,4.14,4.27,0.39,1.49,1A10,2.5725000000000002,3.757891666666666,soft_skills,teamwork,0.828,0.854,0.07800000000000001,0.298,0,338
Zaineb,Cherif,3.2,1.42,3.47,2.23,3B81,2.58,0.8815333333333336,teamwork,soft_skills,0.6400000000000001,0.284,0.6940000000000001,0.446,3,339
Eya,Belkhir,1.97,4.16,0.38,3.68,2A35,2.5475,2.971425,soft_skills,teamwork,0.394,0.8320000000000001,0.07600000000000001,0.7360000000000001,0,339
Iheb,Makni,2.97,2.26,4.74,0.21,1A90,2.5450000000000004,3.5107000000000004,teamwork,creativity,0.5940000000000001,0.45199999999999996,0.9480000000000001,0.042,1,339
Amel,Mansour,3.56,0.37,1.97,4.32,3A97,2.555,3.0805666666666673,creativity,soft_skills,0.7120000000000001,0.074,0.394,0.8640000000000001,3,339
Amina,Trabelsi,2.2,3.61,2.27,2.23,1A95,2.5775,0.4746249999999999,soft_skills,hard_skills,0.44000000000000006,0.722,0.454,0.446,0,340
Salma,Ayari,4.53,0.43,2.29,2.88,3B67,2.5324999999999998,2.863358333333333,hard_skills,soft_skills,0.9060000000000001,0.08600000000000001,0.458,0.576,3,340
Sofiene,Chaabane,0.43,4.62,3.43,1.74,5TWIN79,2.555,3.403233333333333,soft_skills,hard_skills,0.08600000000000001,0.924,0.686,0.34800000000000003,1,340
Hend,Lahmar,2.56,1.82,3.49,2.43,3A97,2.575,0.4761666666666668,teamwork,soft_skills,0.512,0.36400000000000005,0.6980000000000001,0.48600000000000004,3,340
Siwar,Rekik,4.44,3.68,0.32,1.85,2A4,2.5725000000000002,3.4366250000000007,hard_skills,teamwork,0.8880000000000001,0.7360000000000001,0.064,0.37000000000000005,0,341
Bilel,Trabelsi,0.69,0.32,4.86,4.06,1A1,2.4825,5.343491666666668,teamwork,soft_skills,0.13799999999999998,0.064,0.9720000000000001,0.8119999999999999,3,341
Haythem,Lahmar,3.83,4.16,2.22,0.07,5SAE59,2.5700000000000003,3.4960666666666675,soft_skills,creativity,0.766,0.8320000000000001,0.44400000000000006,0.014000000000000002,1,341
Mohamed,Hamdi,0.96,2.79,4.01,2.45,2A6,2.5525,1.5757583333333331,teamwork,hard_skills,0.192,0.558,0.802,0.49000000000000005,1,341
Hedi,Mansour,1.84,4.03,2.32,2.1,3B23,2.5725,0.9826250000000002,soft_skills,hard_skills,0.36800000000000005,0.806,0.46399999999999997,0.42000000000000004,1,342
Wafa,Chaabane,4.49,0.63,1.7,3.29,4TWIN23,2.5275,2.906025000000001,hard_skills,soft_skills,0.8980000000000001,0.126,0.34,0.658,2,342
Hiba,Ammar,0.42,3.81,4.13,1.87,1A82,2.5575,3.0276916666666662,teamwork,hard_skills,0.084,0.762,0.8260000000000001,0.37400000000000005,1,342
Asma,Toumi,4.83,2.87,0.53,2.01,1A39,2.56,3.224133333333334,hard_skills,teamwork,0.9660000000000001,0.5740000000000001,0.10600000000000001,0.40199999999999997,0,342
Ines,Slimani,2.97,3.2,3.72,0.38,4ARCTIC87,2.5675000000000003,2.225158333333334,teamwork,creativity,0.5940000000000001,0.6400000000000001,0.7440000000000001,0.07600000000000001,1,343
Hend,Abidi,4.16,0.51,0.2,4.98,4GAMIX83,2.4625000000000004,6.050158333333333,creativity,teamwork,0.8320000000000001,0.10200000000000001,0.04000000000000001,0.9960000000000001,0,343
Eya,Makni,1.07,3.97,4.02,1.16,4BI6,2.5549999999999997,2.7665666666666664,teamwork,hard_skills,0.21400000000000002,0.794,0.8039999999999999,0.23199999999999998,1,343
Dorra,Chaabane,2.41,2.66,1.07,4.01,1A90,2.5375,1.4510249999999998,creativity,teamwork,0.48200000000000004,0.532,0.21400000000000002,0.802,0,343
Sami,Lahmar,4.81,2.91,1.68,0.87,3A70,2.5675,2.938424999999999,hard_skills,creativity,0.962,0.5820000000000001,0.336,0.17400000000000002,1,344
Khadija,Ben Ali,0.09,0.48,4.65,4.55,1A80,2.4425,6.233425000000001,teamwork,hard_skills,0.018,0.096,0.9300000000000002,0.91,3,344
Nadia,Jebali,2.74,4.52,1.01,1.87,4BI6,2.535,2.2500333333333327,soft_skills,teamwork,0.548,0.9039999999999999,0.202,0.37400000000000005,0,344
Mourad,Cherif,1.49,3.22,3.69,1.87,1A18,2.5675,1.1110916666666668,teamwork,hard_skills,0.298,0.6440000000000001,0.738,0.37400000000000005,1,344
Dorra,Mansour,1.69,3.69,3.48,1.39,1A48,2.5625,1.4163583333333334,soft_skills,creativity,0.338,0.738,0.6960000000000001,0.27799999999999997,1,345
Haythem,Miled,4.6,0.75,0.4,4.21,5SIM57,2.49,4.9354,hard_skills,teamwork,0.9199999999999999,0.15000000000000002,0.08000000000000002,0.8420000000000001,0,345
Youssef,Chouchene,1.61,4.04,3.85,0.7,2A6,2.55,2.7387333333333337,soft_skills,creativity,0.32200000000000006,0.808,0.77,0.13999999999999999,1,345
Mohamed,Ferjani,3.14,0.81,2.65,3.57,3B67,2.5425,1.4752916666666664,creativity,soft_skills,0.6280000000000001,0.16200000000000003,0.53,0.714,3,345
Lobna,Saidi,3.14,2.94,2.14,2.01,2P30,2.5575,0.31989166666666674,hard_skills,creativity,0.6280000000000001,0.588,0.42800000000000005,0.40199999999999997,0,346
Khadija,Ben Amor,0.59,1.38,4.33,3.72,3B12,2.505,3.2465666666666677,teamwork,hard_skills,0.118,0.27599999999999997,0.8660000000000001,0.7440000000000001,3,346
Hela,Ben Ali,4.92,4.06,0.3,0.71,3A60,2.4975000000000005,5.4446916666666665,hard_skills,teamwork,0.984,0.8119999999999999,0.06,0.142,0,346
Lobna,Ammar,2.1,0.7,3.23,4.08,3B67,2.5275,2.142091666666667,creativity,soft_skills,0.42000000000000004,0.13999999999999999,0.646,0.8160000000000001,3,346
Bechir,Kanzari,2.14,2.36,3.33,2.39,5GAMIX42,2.555,0.2793666666666667,teamwork,hard_skills,0.42800000000000005,0.472,0.666,0.47800000000000004,3,347
Ghada,Makni,3.89,2.2,0.42,3.67,1A39,2.545,2.5697666666666668,hard_skills,teamwork,0.778,0.44000000000000006,0.084,0.734,0,347
Bechir,Ayari,1.56,3.56,4.15,0.9,3A82,2.5425,2.427491666666667,teamwork,creativity,0.31200000000000006,0.7120000000000001,0.8300000000000001,0.18000000000000002,1,347
Hedi,Chebbi,3.2,1.23,2.08,3.65,5TWIN2,2.54,1.1984666666666666,creativity,soft_skills,0.6400000000000001,0.246,0.41600000000000004,0.73,3,347
Manel,Mabrouk,2.68,4.26,3.12,0.16,3B42,2.5549999999999997,2.9926333333333326,soft_skills,creativity,0.536,0.852,0.6240000000000001,0.032,1,348
Samira,Mansour,0.68,1.33,3.33,4.66,5SE99,2.5,3.345266666666667,creativity,hard_skills,0.136,0.266,0.666,0.932,3,348
Oumaima,Makni,4.58,1.77,0.16,3.48,5GAMIX79,2.4975,3.7650916666666667,hard_skills,teamwork,0.916,0.35400000000000004,0.032,0.6960000000000001,0,348
Emna,Ben Amor,1.91,2.52,4.3,1.47,2P30,2.5500000000000003,1.5464666666666664,teamwork,creativity,0.382,0.504,0.86,0.294,1,348
Mourad,Ammar,2.19,1.95,3.95,2.12,5TWIN2,2.5525,0.8781583333333334,teamwork,soft_skills,0.438,0.39,0.79,0.42400000000000004,3,349
Mehdi,Zouari,3.4,3.92,0.39,2.41,2A35,2.5300000000000002,2.427666666666666,soft_skills,teamwork,0.68,0.784,0.07800000000000001,0.48200000000000004,0,349
Rim,Belkhir,0.81,1.68,4.71,2.87,5SIM56,2.5175,2.849425,teamwork,hard_skills,0.16200000000000003,0.336,0.9420000000000001,0.5740000000000001,3,349
Lotfi,Mejri,2.79,4.08,0.95,2.36,2A6,2.545,1.6648333333333334,soft_skills,teamwork,0.558,0.8160000000000001,0.19,0.472,0,349
Mohamed,Haddad,1.54,3.96,3.17,1.54,4SAE18,2.5525,1.4708916666666667,soft_skills,hard_skills,0.30800000000000005,0.792,0.634,0.30800000000000005,1,350
Lina,Hamdi,4.79,1.45,0.14,3.55,5SLEAM19,2.4825,4.339158333333333,hard_skills,teamwork,0.9580000000000001,0.29,0.028000000000000004,0.71,0,350
Rim,Nasri,0.2,3.4,3.96,2.56,2A98,2.5300000000000002,2.743866666666666,teamwork,hard_skills,0.04000000000000001,0.68,0.792,0.512,1,350
Zaineb,Ferjani,4.36,0.95,2.71,2.12,5SE100,2.535,2.0152333333333337,hard_skills,soft_skills,0.8720000000000001,0.19,0.542,0.42400000000000004,2,350
Rym,Maaloul,1.72,4.5,1.61,2.38,5GAMIX57,2.5525,1.8012916666666667,soft_skills,teamwork,0.34400000000000003,0.9,0.32200000000000006,0.476,0,351
Nadia,Mabrouk,3.25,0.26,3.57,2.92,3A97,2.5,2.300466666666667,teamwork,soft_skills,0.65,0.052000000000000005,0.714,0.584,3,351
Siwar,Ammar,3.14,4.05,1.89,1.13,1A64,2.5525,1.6833583333333335,soft_skills,creativity,0.6280000000000001,0.81,0.378,0.22599999999999998,1,351
Tarek,Trabelsi,1.94,1.53,2.4,4.2,4TWIN23,2.5175,1.3844250000000002,creativity,soft_skills,0.388,0.30600000000000005,0.48,0.8400000000000001,3,351
Bilel,Nasri,1.14,3.34,3.31,2.42,1A18,2.5524999999999998,1.0688916666666668,soft_skills,hard_skills,0.22799999999999998,0.668,0.662,0.484,1,352
Fatma,Zouari,4.2,2.06,0.1,3.65,2A27,2.5025,3.3886916666666664,hard_skills,teamwork,0.8400000000000001,0.41200000000000003,0.020000000000000004,0.73,0,352
Amel,Baccouche,3.55,1.33,4.4,0.87,3A73,2.5375,2.9108916666666667,teamwork,creativity,0.71,0.266,0.8800000000000001,0.17400000000000002,1,352
Youssef,Miled,0.59,4.62,2.56,2.34,5SAE33,2.5275,2.722891666666667,soft_skills,hard_skills,0.118,0.924,0.512,0.46799999999999997,1,352
Yasmine,Lahmar,1.7,4.89,2.73,0.86,5ARCTIC60,2.545,3.028833333333333,soft_skills,creativity,0.34,0.978,0.546,0.17200000000000001,1,353
Chokri,Jaziri,3.61,0.51,2.27,3.6,3A55,2.4975,2.151691666666667,hard_skills,soft_skills,0.722,0.10200000000000001,0.454,0.7200000000000001,3,353
Olfa,Ben Salah,1.68,2.32,3.36,2.77,3B84,2.5324999999999998,0.5043583333333334,teamwork,hard_skills,0.336,0.46399999999999997,0.672,0.554,3,353
Nadia,Fourati,3.7,3.55,1.58,1.33,5SIM56,2.54,1.5838,hard_skills,creativity,0.7400000000000001,0.71,0.31600000000000006,0.266,0,353
Adel,Baccouche,3.37,2.85,2.82,1.13,5SLEAM43,2.5425000000000004,0.9504916666666668,hard_skills,creativity,0.674,0.5700000000000001,0.564,0.22599999999999998,1,354
Marwen,Abidi,0.0,3.86,1.56,4.58,4SIM89,2.5,4.436533333333333,creativity,hard_skills,0.0,0.772,0.31200000000000006,0.916,0,354
Bilel,Turki,4.21,2.64,2.45,0.81,2A75,2.5275000000000003,1.9330916666666667,hard_skills,creativity,0.8420000000000001,0.528,0.49000000000000005,0.16200000000000003,1,354
Oumaima,Trabelsi,2.41,1.2,2.25,4.19,1A7,2.5125,1.538691666666667,creativity,soft_skills,0.48200000000000004,0.24,0.45,0.8380000000000001,3,354
Adel,Mabrouk,2.19,3.76,3.62,0.59,1A55,2.54,2.1932666666666667,soft_skills,creativity,0.438,0.752,0.7240000000000001,0.118,1,355
Mehdi,Haddad,3.68,1.9,0.05,4.36,5IOSYS7,2.4975,3.738158333333334,creativity,teamwork,0.7360000000000001,0.38,0.010000000000000002,0.8720000000000001,0,355
Salma,Zayani,1.06,0.36,4.86,3.6,5SAE59,2.47,4.476400000000001,teamwork,soft_skills,0.21200000000000002,0.072,0.9720000000000001,0.7200000000000001,3,355
Tarek,Rekik,3.96,3.39,2.76,0.01,1A39,2.53,3.062600000000001,hard_skills,creativity,0.792,0.678,0.5519999999999999,0.002,1,355
Chokri,Mabrouk,1.2,4.92,3.28,0.74,1A64,2.535,3.749166666666666,soft_skills,creativity,0.24,0.984,0.656,0.148,1,356
Marwen,Ghanouchi,4.67,0.03,0.54,4.28,2A98,2.38,5.920733333333334,hard_skills,soft_skills,0.934,0.006,0.10800000000000001,0.8560000000000001,2,356
Sabrine,Baccouche,0.67,3.21,3.54,2.62,5ARCTIC86,2.51,1.6495333333333335,teamwork,hard_skills,0.134,0.642,0.7080000000000001,0.524,1,356
Dorra,Zayani,3.56,1.91,3.11,1.51,3B81,2.5225,0.9406250000000002,hard_skills,creativity,0.7120000000000001,0.382,0.622,0.30200000000000005,1,356
Adel,Khemiri,1.67,4.68,2.6,1.19,5TWIN27,2.5349999999999997,2.3874999999999997,soft_skills,creativity,0.334,0.9359999999999999,0.52,0.238,1,357
Nadia,Khlifi,2.64,0.47,2.79,4.07,1A39,2.4925,2.2297583333333333,creativity,soft_skills,0.528,0.094,0.558,0.8140000000000001,3,357
Lina,Guettari,4.12,3.26,2.24,0.48,3A70,2.5250000000000004,2.4491666666666663,hard_skills,creativity,0.8240000000000001,0.652,0.44800000000000006,0.096,1,357
Fares,Ghanouchi,0.95,1.91,3.33,3.87,5SIM57,2.5149999999999997,1.7718333333333334,creativity,hard_skills,0.19,0.382,0.666,0.774,3,357
Bechir,Driss,1.94,3.77,1.58,2.79,1A74,2.52,0.9518,soft_skills,teamwork,0.388,0.754,0.31600000000000006,0.558,0,358
Hichem,Guettari,4.35,0.8,4.31,0.32,4NIDS26,2.445,4.776299999999999,hard_skills,creativity,0.87,0.16000000000000003,0.862,0.064,1,358
Cyrine,Baccouche,0.72,4.15,0.4,4.7,3B12,2.4925,5.046891666666667,creativity,teamwork,0.144,0.8300000000000001,0.08000000000000002,0.9400000000000001,0,358
Hichem,Haddad,2.89,1.37,3.29,2.53,2A98,2.52,0.6841333333333334,teamwork,soft_skills,0.5780000000000001,0.274,0.658,0.506,3,358
Chaima,Mejri,3.71,1.58,2.1,2.69,1A13,2.52,0.835,hard_skills,soft_skills,0.742,0.31600000000000006,0.42000000000000004,0.538,2,359
Marwen,Haddad,0.36,4.5,2.05,3.15,1A48,2.515,3.0679,soft_skills,hard_skills,0.072,0.9,0.41,0.63,0,359
Tarek,Sassi,3.49,0.67,4.37,1.31,1A55,2.4600000000000004,3.078533333333334,teamwork,soft_skills,0.6980000000000001,0.134,0.8740000000000001,0.262,3,359
Youssef,Zouari,0.77,3.62,1.39,4.27,5GAMIX42,2.5125,2.8705583333333333,creativity,hard_skills,0.15400000000000003,0.7240000000000001,0.27799999999999997,0.854,0,359
Fares,Maaloul,1.65,3.26,2.26,2.91,5TWIN2,2.52,0.5080666666666668,soft_skills,hard_skills,0.33,0.652,0.45199999999999996,0.5820000000000001,0,360
Khalil,Jlassi,4.93,2.05,1.58,1.44,3B4,2.4999999999999996,2.6924666666666663,hard_skills,creativity,0.986,0.41,0.31600000000000006,0.288,2,360
Fethi,Toumi,0.89,2.53,2.97,3.64,2A77,2.5075000000000003,1.3710916666666666,creativity,hard_skills,0.17800000000000002,0.506,0.5940000000000001,0.7280000000000001,3,360
Nadia,Belkhir,2.04,3.44,4.17,0.38,1A85,2.5075000000000003,2.7927583333333335,teamwork,creativity,0.40800000000000003,0.6880000000000001,0.8340000000000001,0.07600000000000001,1,360
Skander,Slimani,3.64,1.61,0.73,4.09,4IOSYS40,2.5175,2.5838249999999996,creativity,teamwork,0.7280000000000001,0.32200000000000006,0.146,0.8180000000000001,0,361
Hend,Trabelsi,1.11,3.26,4.8,0.79,3A88,2.49,3.574466666666666,teamwork,creativity,0.22200000000000003,0.652,0.96,0.15800000000000003,1,361
Walid,Zouari,3.56,2.78,0.51,3.21,3A55,2.5149999999999997,1.8884333333333336,hard_skills,teamwork,0.7120000000000001,0.5559999999999999,0.10200000000000001,0.642,0,361
Ali,Miled,1.22,3.48,4.0,1.27,2A32,2.4924999999999997,2.1204916666666667,teamwork,hard_skills,0.244,0.6960000000000001,0.8,0.254,1,361
Wafa,Miled,2.24,4.62,2.17,1.04,5SIM57,2.5175,2.267091666666667,soft_skills,creativity,0.44800000000000006,0.924,0.434,0.20800000000000002,1,362
Oumaima,Baccouche,1.88,0.31,2.81,4.67,5IOSYS22,2.4175,3.3194250000000003,creativity,soft_skills,0.376,0.062,0.562,0.934,3,362
Meriem,Haddad,4.59,3.14,1.18,1.12,5SE32,2.5075000000000003,2.8080916666666664,hard_skills,creativity,0.918,0.6280000000000001,0.236,0.22400000000000003,0,362
Hela,Chebbi,1.08,3.21,2.7,3.06,1A82,2.5125,0.9578249999999998,soft_skills,hard_skills,0.21600000000000003,0.642,0.54,0.6120000000000001,0,362
Foued,Chouchene,2.42,4.1,1.53,2.02,4SAE18,2.5174999999999996,1.2454916666666662,soft_skills,teamwork,0.484,0.82,0.30600000000000005,0.404,0,363
Samira,Guettari,2.86,0.38,4.2,2.45,5GAMIX38,2.4725,2.504491666666667,teamwork,soft_skills,0.572,0.07600000000000001,0.8400000000000001,0.49000000000000005,3,363
Skander,Guettari,1.12,4.92,0.46,3.45,2A98,2.4875,4.274758333333334,soft_skills,teamwork,0.22400000000000003,0.984,0.09200000000000001,0.6900000000000001,0,363
Zied,Maaloul,2.43,0.88,3.15,3.54,2A98,2.5,1.3778000000000004,creativity,soft_skills,0.48600000000000004,0.17600000000000002,0.63,0.7080000000000001,3,363
Oumaima,Saidi,2.17,2.45,3.22,2.21,3B11,2.5125,0.23775833333333343,teamwork,hard_skills,0.434,0.49000000000000005,0.6440000000000001,0.442,1,364
Oussama,Chouchene,3.44,2.25,0.19,4.16,2A63,2.51,3.012466666666667,creativity,teamwork,0.6880000000000001,0.45,0.038000000000000006,0.8320000000000001,0,364
Sarra,Ben Salah,1.14,4.24,3.96,0.57,2A32,2.4775,3.5772250000000003,soft_skills,creativity,0.22799999999999998,0.8480000000000001,0.792,0.11399999999999999,1,364
Meriem,Mansour,3.11,0.97,2.29,3.62,4ARCTIC27,2.4975,1.3371583333333332,creativity,soft_skills,0.622,0.194,0.458,0.7240000000000001,3,364
Mourad,Guettari,1.77,3.92,2.32,2.04,5BI77,2.5125,0.9308916666666666,soft_skills,hard_skills,0.35400000000000004,0.784,0.46399999999999997,0.40800000000000003,1,365
Rym,Rekik,4.5,1.05,2.07,2.31,4ARCTIC87,2.4825,2.107425,hard_skills,soft_skills,0.9,0.21000000000000002,0.414,0.462,2,365
Meriem,Miled,0.8,2.83,2.36,4.01,5BI77,2.5,1.7661999999999998,creativity,hard_skills,0.16000000000000003,0.5660000000000001,0.472,0.802,0,365
Anis,Mabrouk,3.21,4.19,2.13,0.5,5ARCTIC86,2.5075000000000003,2.498958333333334,soft_skills,creativity,0.642,0.8380000000000001,0.426,0.1,1,365
Lotfi,Driss,1.58,2.91,1.98,3.58,5SLEAM43,2.5125,0.8168916666666668,creativity,hard_skills,0.31600000000000006,0.5820000000000001,0.396,0.7160000000000001,0,366
Hamza,Chebbi,3.88,2.74,3.23,0.08,5SAE59,2.4825,2.7833583333333336,hard_skills,creativity,0.776,0.548,0.646,0.016,1,366
Ghada,Trabelsi,0.89,3.09,1.25,4.71,1A48,2.4850000000000003,3.128633333333333,creativity,hard_skills,0.17800000000000002,0.618,0.25,0.9420000000000001,0,366
Karim,Mabrouk,3.07,2.43,2.79,1.73,5SE100,2.505,0.3355666666666666,hard_skills,creativity,0.614,0.48600000000000004,0.558,0.34600000000000003,1,366
Ahmed,Haddad,2.78,2.91,1.52,2.84,1A48,2.5124999999999997,0.440625,soft_skills,teamwork,0.5559999999999999,0.5820000000000001,0.30400000000000005,0.568,0,367
Cyrine,Ben Salah,0.48,2.11,4.93,2.33,2A61,2.4625,3.3868916666666666,teamwork,hard_skills,0.096,0.422,0.986,0.466,3,367
Sarra,Ghanouchi,4.56,3.1,0.3,2.06,3A73,2.505,3.212366666666666,hard_skills,teamwork,0.9119999999999999,0.6200000000000001,0.06,0.41200000000000003,0,367
Fethi,Chebbi,1.79,4.23,2.65,1.37,2P19,2.51,1.5986666666666671,soft_skills,creativity,0.35800000000000004,0.8460000000000001,0.53,0.274,1,367
Meriem,Chaabane,4.0,2.49,0.52,3.03,3A10,2.51,2.1503333333333337,hard_skills,teamwork,0.8,0.49800000000000005,0.10400000000000001,0.606,0,368
Rym,Mansour,0.62,1.09,4.96,3.15,5NIDS35,2.455,3.996166666666666,teamwork,hard_skills,0.124,0.21800000000000003,0.992,0.63,3,368
Bilel,Ghanouchi,3.07,4.8,2.02,0.11,4ARCTIC87,2.4999999999999996,3.8524666666666665,soft_skills,creativity,0.614,0.96,0.404,0.022000000000000002,1,368
Hend,Ayari,3.08,2.5,0.76,3.7,5IOSYS5,2.51,1.6012000000000002,creativity,teamwork,0.6160000000000001,0.5,0.15200000000000002,0.7400000000000001,0,368
Zied,Abidi,3.71,2.41,0.51,3.4,1A95,2.5075,2.0806916666666666,hard_skills,teamwork,0.742,0.48200000000000004,0.10200000000000001,0.68,0,369
Lobna,Zayani,1.27,4.44,3.86,0.3,3A75,2.4675000000000002,3.9872916666666676,soft_skills,creativity,0.254,0.8880000000000001,0.772,0.06,1,369
Asma,Slimani,2.61,0.24,3.69,3.28,5NIDS35,2.4549999999999996,2.3787,teamwork,soft_skills,0.522,0.048,0.738,0.656,3,369
Khalil,Makni,2.74,2.91,0.96,3.41,2A49,2.505,1.1417666666666668,creativity,teamwork,0.548,0.5820000000000001,0.192,0.682,0,369
Ghassen,Trabelsi,4.09,2.0,0.98,2.95,1A1,2.505,1.7636333333333332,hard_skills,teamwork,0.8180000000000001,0.4,0.196,0.5900000000000001,0,370
Ahmed,Hamdi,1.41,4.46,3.41,0.65,5GAMIX38,2.4825000000000004,3.0930250000000004,soft_skills,creativity,0.282,0.892,0.682,0.13,1,370
Iheb,Chouchene,0.78,1.27,4.29,3.49,2A4,2.4575,2.8827583333333338,teamwork,hard_skills,0.15600000000000003,0.254,0.8580000000000001,0.6980000000000001,3,370
Khadija,Cherif,3.86,3.27,0.11,2.72,5IOSYS5,2.49,2.7341999999999995,hard_skills,teamwork,0.772,0.654,0.022000000000000002,0.544,0,370
Rym,Zouari,3.43,4.02,0.88,1.69,5IOSYS22,2.505,2.1519,soft_skills,teamwork,0.686,0.8039999999999999,0.17600000000000002,0.338,0,371
Mehdi,Rekik,0.82,0.16,3.9,4.72,3A70,2.4,5.0488,creativity,soft_skills,0.164,0.032,0.78,0.944,3,371
Skander,Makni,4.67,3.38,0.85,1.08,4TWIN23,2.495,3.407366666666666,hard_skills,teamwork,0.934,0.676,0.17,0.21600000000000003,0,371
Marwen,Baccouche,0.56,4.53,2.0,2.92,4BI6,2.5025,2.770291666666667,soft_skills,hard_skills,0.11200000000000002,0.9060000000000001,0.4,0.584,0,371
Mohamed,Guettari,1.89,3.31,3.21,1.58,2P21,2.4975,0.7928916666666668,soft_skills,creativity,0.378,0.662,0.642,0.31600000000000006,1,372
Sami,Mabrouk,3.51,1.09,1.25,4.05,5TWIN79,2.4749999999999996,2.3235666666666663,creativity,soft_skills,0.702,0.21800000000000003,0.25,0.81,3,372
Meriem,Saidi,1.11,4.15,2.35,2.37,1A82,2.495,1.5646333333333338,soft_skills,hard_skills,0.22200000000000003,0.8300000000000001,0.47000000000000003,0.47400000000000003,1,372
Lina,Abidi,3.52,0.82,3.31,2.24,1A90,2.4725,1.5278250000000002,hard_skills,soft_skills,0.7040000000000001,0.164,0.662,0.44800000000000006,3,372
Nabil,Ferjani,3.5,3.84,0.57,2.08,4NIDS26,2.4975,2.2322916666666663,soft_skills,teamwork,0.7000000000000001,0.768,0.11399999999999999,0.41600000000000004,0,373
Haythem,Ben Amor,1.39,1.66,4.39,2.4,2P21,2.46,1.8377999999999997,teamwork,hard_skills,0.27799999999999997,0.332,0.878,0.48,3,373
Hela,Gharbi,2.58,2.05,1.82,3.53,5SIM56,2.495,0.5773666666666666,creativity,teamwork,0.516,0.41,0.36400000000000005,0.706,0,373
Manel,Chaabane,2.87,2.55,4.43,0.01,1A80,2.465,3.3531666666666666,teamwork,creativity,0.5740000000000001,0.51,0.886,0.002,1,373
Hend,Miled,3.19,3.05,0.13,3.6,5SAE33,2.4925,2.5350916666666667,creativity,teamwork,0.638,0.61,0.026000000000000002,0.7200000000000001,0,374
Sami,Jebali,1.02,2.56,4.96,1.11,3B96,2.4124999999999996,3.382358333333333,teamwork,hard_skills,0.20400000000000001,0.512,0.992,0.22200000000000003,1,374
Zaineb,Zouari,4.51,2.06,1.8,1.55,5NIDS35,2.4800000000000004,1.874866666666666,hard_skills,creativity,0.902,0.41200000000000003,0.36000000000000004,0.31000000000000005,2,374
Amel,Cherif,2.16,2.29,1.77,3.75,5IOSYS7,2.4925,0.7516250000000001,creativity,teamwork,0.43200000000000005,0.458,0.35400000000000004,0.75,0,374
Farah,Chaabane,4.76,3.21,0.44,1.53,5SAE33,2.485,3.5984333333333325,hard_skills,teamwork,0.952,0.642,0.08800000000000001,0.30600000000000005,0,375
Ines,Haddad,0.04,1.82,4.49,3.19,2A75,2.3850000000000002,3.632433333333333,teamwork,hard_skills,0.008,0.36400000000000005,0.8980000000000001,0.638,3,375
Meriem,Turki,2.36,2.68,0.22,4.66,2A58,2.48,3.3048,creativity,teamwork,0.472,0.536,0.044000000000000004,0.932,0,375
Emna,Slimani,2.86,2.88,3.87,0.23,5SAE2,2.46,2.432466666666667,teamwork,creativity,0.572,0.576,0.774,0.046000000000000006,1,375
Lotfi,Makni,4.73,4.08,0.11,1.01,5BI77,2.4825,5.133425000000002,hard_skills,teamwork,0.9460000000000002,0.8160000000000001,0.022000000000000002,0.202,0,376
Ismail,Abidi,0.24,1.61,4.79,2.85,4SIM89,2.3725,3.7337583333333337,teamwork,hard_skills,0.048,0.32200000000000006,0.9580000000000001,0.5700000000000001,3,376
Fares,Mabrouk,2.61,1.84,1.9,3.57,5TWIN2,2.48,0.6503333333333332,creativity,soft_skills,0.522,0.36800000000000005,0.38,0.714,3,376
Hichem,Maaloul,2.45,2.55,3.88,1.01,1A64,2.4724999999999997,1.3754916666666663,teamwork,creativity,0.49000000000000005,0.51,0.776,0.202,1,376
Fatma,Chouchene,3.94,2.71,1.07,2.2,1A13,2.4800000000000004,1.4169999999999998,hard_skills,teamwork,0.788,0.542,0.21400000000000002,0.44000000000000006,0,377
Foued,Ferjani,1.33,1.78,4.33,2.31,5SE100,2.4375,1.752225,teamwork,hard_skills,0.266,0.35600000000000004,0.8660000000000001,0.462,3,377
Oussama,Cherif,1.28,4.56,0.63,3.43,3B12,2.475,3.3637666666666663,soft_skills,teamwork,0.256,0.9119999999999999,0.126,0.686,0,377
Ghada,Kanzari,2.66,1.04,4.49,1.64,1A62,2.4575000000000005,2.2832250000000003,teamwork,soft_skills,0.532,0.20800000000000002,0.8980000000000001,0.328,3,377
Omar,Fourati,4.92,3.81,0.08,1.11,3A60,2.48,5.1198,hard_skills,teamwork,0.984,0.762,0.016,0.22200000000000003,0,378
Marwen,Hamdi,0.28,1.24,4.88,2.88,3A96,2.3200000000000003,4.065066666666666,teamwork,hard_skills,0.05600000000000001,0.248,0.976,0.576,3,378
Dorra,Khemiri,0.66,4.06,0.64,4.51,1A55,2.4675,4.438224999999998,creativity,teamwork,0.132,0.8119999999999999,0.128,0.902,0,378
Rami,Khlifi,4.03,1.93,3.15,0.72,5IOSYS22,2.4575,2.0831583333333334,hard_skills,creativity,0.806,0.386,0.63,0.144,1,378
Hamza,Khemiri,2.61,4.08,0.76,2.46,2A75,2.4775,1.8452250000000001,soft_skills,teamwork,0.522,0.8160000000000001,0.15200000000000002,0.492,0,379
Amel,Belkhir,2.88,0.15,3.85,2.77,3B12,2.4125,2.5105583333333334,teamwork,soft_skills,0.576,0.03,0.77,0.554,3,379
Adel,Fourati,1.94,4.65,2.61,0.69,4NIDS26,2.4724999999999997,2.7404250000000006,soft_skills,creativity,0.388,0.9300000000000002,0.522,0.13799999999999998,1,379
Ahmed,Lahmar,1.87,1.0,3.18,3.77,2A61,2.455,1.5713666666666668,creativity,soft_skills,0.37400000000000005,0.2,0.6360000000000001,0.754,3,379
Rim,Hamdi,1.29,3.87,2.98,1.77,4SAE18,2.4775,1.367425,soft_skills,hard_skills,0.258,0.774,0.596,0.35400000000000004,1,380
Anis,Jebali,4.37,1.48,0.33,3.57,5IOSYS58,2.4375,3.458491666666666,hard_skills,teamwork,0.8740000000000001,0.296,0.066,0.714,0,380
Lobna,Bouazizi,1.29,2.49,3.93,2.12,2P30,2.4575000000000005,1.2154250000000002,teamwork,hard_skills,0.258,0.49800000000000005,0.786,0.42400000000000004,1,380
Omar,Khemiri,2.29,3.22,2.66,1.74,1A74,2.4775,0.38789166666666675,soft_skills,creativity,0.458,0.6440000000000001,0.532,0.34800000000000003,1,380
Fatma,Gharbi,2.08,2.74,1.46,3.62,2A27,2.475,0.8558333333333334,creativity,teamwork,0.41600000000000004,0.548,0.292,0.7240000000000001,0,381
Olfa,Zouari,4.75,2.53,2.41,0.11,2A25,2.4499999999999997,3.5912,hard_skills,creativity,0.9500000000000001,0.506,0.48200000000000004,0.022000000000000002,1,381
Chokri,Miled,0.71,2.58,2.89,3.62,1A92,2.45,1.535666666666667,creativity,hard_skills,0.142,0.516,0.5780000000000001,0.7240000000000001,3,381
Tarek,Fourati,2.99,1.15,3.37,2.32,4SIM62,2.4575,0.9482250000000003,teamwork,soft_skills,0.5980000000000001,0.22999999999999998,0.674,0.46399999999999997,3,381
Eya,Ben Ali,2.78,3.98,2.35,0.77,5BI77,2.4699999999999998,1.7602,soft_skills,creativity,0.5559999999999999,0.796,0.47000000000000003,0.15400000000000003,1,382
Hatem,Khemiri,1.76,0.72,2.5,4.71,1A39,2.4225000000000003,2.8586916666666666,creativity,soft_skills,0.35200000000000004,0.144,0.5,0.9420000000000001,3,382
Oumaima,Zouari,3.03,4.0,2.33,0.51,5SAE33,2.4675,2.1718916666666668,soft_skills,creativity,0.606,0.8,0.466,0.10200000000000001,1,382
Hend,Maaloul,3.28,2.15,0.16,4.27,2A75,2.465,3.1114999999999995,creativity,teamwork,0.656,0.43,0.032,0.854,0,382
Samira,Lahmar,3.07,4.08,1.14,1.56,3A97,2.4625000000000004,1.8496250000000003,soft_skills,teamwork,0.614,0.8160000000000001,0.22799999999999998,0.31200000000000006,0,383
Oumaima,Ammar,1.82,0.34,3.65,3.82,4ARCTIC87,2.4075,2.7195583333333335,creativity,soft_skills,0.36400000000000005,0.068,0.73,0.764,3,383
Sofiene,Karoui,1.76,3.94,3.22,0.91,2A27,2.4575,1.886825,soft_skills,creativity,0.35200000000000004,0.788,0.6440000000000001,0.18200000000000002,1,383
Amel,Guettari,4.59,2.11,0.37,2.78,2A35,2.4625,3.0432916666666663,hard_skills,teamwork,0.918,0.422,0.074,0.5559999999999999,0,383
Tarek,Turki,1.66,3.57,3.09,1.52,2A35,2.46,1.0508666666666666,soft_skills,creativity,0.332,0.714,0.618,0.30400000000000005,1,384
Fethi,Maaloul,3.83,0.34,0.95,4.42,1A92,2.385,4.156833333333333,creativity,soft_skills,0.766,0.068,0.19,0.884,3,384
Fethi,Ammar,1.5,4.81,3.42,0.03,5IOSYS58,2.44,4.422999999999999,soft_skills,creativity,0.30000000000000004,0.962,0.684,0.006,1,384
Ghada,Hamdi,3.28,1.81,1.04,3.69,2P99,2.455,1.5413666666666666,creativity,teamwork,0.656,0.36200000000000004,0.20800000000000002,0.738,0,384
Fatma,Cherif,1.78,2.41,1.46,4.18,1A82,2.4575,1.4744249999999994,creativity,teamwork,0.35600000000000004,0.48200000000000004,0.292,0.836,0,385
Ahmed,Toumi,4.87,2.26,2.43,0.15,5TWIN79,2.4275,3.7269583333333336,hard_skills,creativity,0.9740000000000001,0.45199999999999996,0.48600000000000004,0.03,1,385
Rania,Zayani,0.1,3.9,3.81,1.84,5IOSYS22,2.4125,3.2803583333333335,soft_skills,hard_skills,0.020000000000000004,0.78,0.762,0.36800000000000005,1,385
Olfa,Cherif,2.9,1.7,0.86,4.3,2P30,2.44,2.2384,creativity,teamwork,0.58,0.34,0.17200000000000001,0.86,0,385
Sofiene,Haddad,2.8,3.06,0.49,3.47,2P30,2.455,1.7921666666666667,creativity,teamwork,0.5599999999999999,0.6120000000000001,0.098,0.6940000000000001,0,386
Lina,Haddad,1.61,2.63,4.73,0.73,1A39,2.4250000000000003,2.9641000000000006,teamwork,creativity,0.32200000000000006,0.526,0.9460000000000002,0.146,1,386
Hamza,Jebali,4.34,0.58,1.75,3.06,2A35,2.4325,2.643291666666667,hard_skills,soft_skills,0.868,0.11599999999999999,0.35000000000000003,0.6120000000000001,2,386
Haythem,Chouchene,0.4,4.13,1.83,3.38,2A4,2.435,2.7577666666666665,soft_skills,hard_skills,0.08000000000000002,0.8260000000000001,0.36600000000000005,0.676,0,386
Mariem,Maaloul,1.46,1.72,2.71,3.88,3A66,2.4425,1.2084249999999999,creativity,hard_skills,0.292,0.34400000000000003,0.542,0.776,3,387
Hiba,Ghanouchi,4.26,4.14,1.31,0.05,5INFINI39,2.44,4.397133333333333,hard_skills,creativity,0.852,0.828,0.262,0.010000000000000002,1,387
Walid,Belkhir,1.42,2.04,2.39,3.88,5SAE33,2.4325,1.0920916666666667,creativity,hard_skills,0.284,0.40800000000000003,0.47800000000000004,0.776,3,387
Rania,Abidi,2.96,1.84,4.06,0.9,1A90,2.44,1.8754666666666662,teamwork,creativity,0.592,0.36800000000000005,0.8119999999999999,0.18000000000000002,1,387
Hamza,Hamdi,1.65,3.21,2.06,2.84,1A95,2.44,0.5071333333333333,soft_skills,hard_skills,0.33,0.642,0.41200000000000003,0.568,0,388
Iheb,Ghanouchi,4.07,0.93,3.7,1.02,5SAE33,2.4299999999999997,2.846866666666667,hard_skills,soft_skills,0.8140000000000001,0.18600000000000003,0.7400000000000001,0.20400000000000001,2,388
Meriem,Gharbi,0.33,4.28,0.45,4.66,5SIM56,2.43,5.575266666666667,creativity,hard_skills,0.066,0.8560000000000001,0.09000000000000001,0.932,0,388
Bechir,Zouari,3.97,1.92,3.27,0.58,4SAE18,2.435,2.2532333333333336,hard_skills,creativity,0.794,0.384,0.654,0.11599999999999999,1,388
Haythem,Maaloul,1.1,2.75,3.16,2.74,1A1,2.4375,0.8333583333333333,teamwork,hard_skills,0.22000000000000003,0.55,0.6320000000000001,0.548,3,389
Nizar,Chouchene,4.8,1.67,0.97,2.22,5TWIN79,2.415,2.7897666666666665,hard_skills,teamwork,0.96,0.334,0.194,0.44400000000000006,2,389
Marwen,Chaabane,1.05,3.55,4.2,0.92,2A27,2.43,2.8572666666666664,teamwork,creativity,0.21000000000000002,0.71,0.8400000000000001,0.18400000000000002,1,389
Oussama,Zouari,2.76,1.96,0.29,4.67,5ARCTIC86,2.42,3.3088666666666664,creativity,teamwork,0.5519999999999999,0.392,0.057999999999999996,0.934,0,389
Sonia,Gharbi,4.35,2.5,1.09,1.81,5TWIN2,2.4375,1.9570249999999996,hard_skills,teamwork,0.87,0.5,0.21800000000000003,0.36200000000000004,0,390
Mehdi,Chaabane,0.25,1.92,4.79,2.42,3B23,2.3449999999999998,3.517766666666667,teamwork,hard_skills,0.05,0.384,0.9580000000000001,0.484,3,390
Farah,Sassi,1.62,4.73,0.63,2.77,2A4,2.4375,3.100491666666667,soft_skills,teamwork,0.32400000000000007,0.9460000000000002,0.126,0.554,0,390
Hedi,Fourati,3.63,0.4,2.62,3.07,1A33,2.43,2.0021999999999998,hard_skills,soft_skills,0.726,0.08000000000000002,0.524,0.614,3,390
Foued,Karoui,3.7,4.3,0.74,1.01,5ARCTIC60,2.4375,3.327358333333333,soft_skills,teamwork,0.7400000000000001,0.86,0.148,0.202,0,391
Siwar,Miled,0.76,0.07,3.95,4.31,5TWIN79,2.2725,4.701358333333332,creativity,soft_skills,0.15200000000000002,0.014000000000000002,0.79,0.862,3,391
Ghada,Karoui,3.57,2.13,3.1,0.95,5SIM56,2.4374999999999996,1.3428916666666666,hard_skills,creativity,0.714,0.426,0.6200000000000001,0.19,1,391
Fethi,Jaziri,1.05,3.5,1.44,3.69,5SAE2,2.42,1.8722,creativity,hard_skills,0.21000000000000002,0.7000000000000001,0.288,0.738,0,391
Youssef,Ben Salah,1.67,2.89,4.55,0.63,2P36,2.435,2.8411666666666666,teamwork,creativity,0.334,0.5780000000000001,0.91,0.126,1,392
Fatma,Abidi,3.9,0.76,0.05,4.55,2A71,2.315,5.018566666666667,creativity,teamwork,0.78,0.15200000000000002,0.010000000000000002,0.91,0,392
Rim,Khlifi,0.73,4.74,1.67,2.54,3A75,2.42,2.9384666666666672,soft_skills,hard_skills,0.146,0.9480000000000001,0.334,0.508,0,392
Zaineb,Chaabane,3.41,1.22,4.15,0.9,5TWIN79,2.4200000000000004,2.5744666666666673,teamwork,creativity,0.682,0.244,0.8300000000000001,0.18000000000000002,1,392
Sarra,Hamdi,4.1,1.18,2.33,2.13,2P82,2.4349999999999996,1.4837666666666662,hard_skills,soft_skills,0.82,0.236,0.466,0.426,2,393
Manel,Guettari,0.29,4.65,2.5,2.13,2P99,2.3925,3.1990916666666664,soft_skills,hard_skills,0.057999999999999996,0.9300000000000002,0.5,0.426,1,393
Dorra,Trabelsi,3.33,0.1,2.3,3.9,5SLEAM19,2.4075,2.8048916666666663,creativity,soft_skills,0.666,0.020000000000000004,0.45999999999999996,0.78,3,393
Bilel,Khemiri,1.43,3.94,4.26,0.03,2A4,2.4149999999999996,4.129366666666667,teamwork,creativity,0.286,0.788,0.852,0.006,1,393
Oumaima,Slimani,1.87,2.09,3.56,2.21,5IOSYS22,2.4325,0.584825,teamwork,hard_skills,0.37400000000000005,0.418,0.7120000000000001,0.442,3,394
Walid,Ferjani,3.47,4.14,0.1,1.93,3A19,2.4099999999999997,3.2276666666666665,soft_skills,teamwork,0.6940000000000001,0.828,0.020000000000000004,0.386,0,394
Amina,Ben Ali,1.79,0.95,4.17,2.7,5TWIN79,2.4025,1.8991583333333333,teamwork,soft_skills,0.35800000000000004,0.19,0.8340000000000001,0.54,3,394
Oumaima,Bouazizi,3.12,1.78,1.19,3.64,3B85,2.4325,1.3000916666666669,creativity,teamwork,0.6240000000000001,0.35600000000000004,0.238,0.7280000000000001,0,394
Ghassen,Driss,2.11,3.79,3.16,0.65,5SLEAM19,2.4275,1.8844250000000002,soft_skills,creativity,0.422,0.758,0.6320000000000001,0.13,1,395
Mariem,Ammar,1.26,1.21,2.17,4.91,5NIDS35,2.3875,3.0226916666666668,creativity,soft_skills,0.252,0.242,0.434,0.9820000000000001,3,395
Lina,Trabelsi,4.79,0.5,2.25,2.13,2P21,2.4175,3.1387583333333335,hard_skills,soft_skills,0.9580000000000001,0.1,0.45,0.426,2,395
Zied,Ayari,1.62,4.73,1.19,2.1,1A1,2.41,2.530333333333334,soft_skills,teamwork,0.32400000000000007,0.9460000000000002,0.238,0.42000000000000004,0,395
Sabrine,Trabelsi,3.67,2.51,1.38,2.15,1A7,2.4274999999999998,0.9082916666666666,hard_skills,teamwork,0.734,0.502,0.27599999999999997,0.43,0,396
Omar,Saidi,0.53,3.38,4.0,1.73,3B81,2.41,2.4886,teamwork,hard_skills,0.10600000000000001,0.676,0.8,0.34600000000000003,1,396
Adel,Ben Amor,4.18,0.52,1.8,3.12,2P30,2.405,2.5270333333333332,hard_skills,soft_skills,0.836,0.10400000000000001,0.36000000000000004,0.6240000000000001,2,396
Mouna,Maaloul,1.15,3.0,4.5,1.04,1A80,2.4225000000000003,2.726691666666666,teamwork,creativity,0.22999999999999998,0.6000000000000001,0.9,0.20800000000000002,1,396
Nabil,Ghanouchi,1.97,3.34,2.25,2.15,1A62,2.4274999999999998,0.38349166666666656,soft_skills,hard_skills,0.394,0.668,0.45,0.43,1,397
Ahmed,Guettari,4.19,0.17,3.48,1.8,2A35,2.41,3.2343333333333337,hard_skills,soft_skills,0.8380000000000001,0.034,0.6960000000000001,0.36000000000000004,2,397
Rym,Jebali,0.89,3.68,0.73,4.27,3B11,2.3925,3.401358333333333,creativity,teamwork,0.17800000000000002,0.7360000000000001,0.146,0.854,0,397
Oumaima,Jaziri,2.87,2.13,3.51,1.17,3A60,2.42,1.0124,teamwork,creativity,0.5740000000000001,0.426,0.702,0.23399999999999999,1,397
Nour,Jebali,2.11,3.73,2.39,1.46,2A99,2.4225000000000003,0.9115583333333334,soft_skills,creativity,0.422,0.746,0.47800000000000004,0.292,1,398
Adel,Jlassi,3.79,0.04,2.69,3.05,5TWIN27,2.3925,2.6693583333333333,hard_skills,soft_skills,0.758,0.008,0.538,0.61,3,398
Haythem,Rekik,1.29,3.68,1.08,3.57,5GAMIX38,2.4050000000000002,1.9938999999999998,soft_skills,teamwork,0.258,0.7360000000000001,0.21600000000000003,0.714,0,398
Salma,Chouchene,2.07,1.57,4.9,1.05,1A13,2.3975,2.9567583333333345,teamwork,creativity,0.414,0.31400000000000006,0.9800000000000001,0.21000000000000002,1,398
Ismail,Baccouche,2.43,4.0,0.8,2.46,3B96,2.4225,1.7074916666666666,soft_skills,teamwork,0.48600000000000004,0.8,0.16000000000000003,0.492,0,399
Ahmed,Kanzari,2.38,0.44,4.61,1.98,2A98,2.3525,2.9644916666666674,teamwork,soft_skills,0.476,0.08800000000000001,0.9220000000000002,0.396,3,399
Nadia,Ben Amor,3.33,3.02,0.19,3.08,5SLEAM19,2.4050000000000002,2.198566666666667,hard_skills,teamwork,0.666,0.6040000000000001,0.038000000000000006,0.6160000000000001,0,399
Nour,Sassi,1.15,4.1,4.02,0.3,5SLEAM43,2.3925,3.828891666666666,soft_skills,creativity,0.22999999999999998,0.82,0.8039999999999999,0.06,1,399
Hedi,Ayari,3.12,3.95,1.93,0.69,2P99,2.4225,2.021291666666667,soft_skills,creativity,0.6240000000000001,0.79,0.386,0.13799999999999998,1,400
Ali,Mabrouk,1.14,1.18,3.1,4.13,4IOSYS40,2.3875,2.1860916666666665,creativity,hard_skills,0.22799999999999998,0.236,0.6200000000000001,0.8260000000000001,3,400
Wafa,Cherif,4.43,1.46,2.15,1.63,4IOSYS40,2.4174999999999995,1.8862249999999994,hard_skills,soft_skills,0.886,0.292,0.43,0.326,2,400
Eya,Chebbi,0.38,2.54,2.57,4.15,5TWIN27,2.41,2.3970000000000002,creativity,hard_skills,0.07600000000000001,0.508,0.514,0.8300000000000001,3,400
Ghassen,Guettari,2.5,3.66,1.72,1.8,2A61,2.42,0.8061333333333334,soft_skills,teamwork,0.5,0.7320000000000001,0.34400000000000003,0.36000000000000004,0,401
Aymen,Mansour,2.8,0.22,3.37,3.13,3A73,2.38,2.1281999999999996,teamwork,soft_skills,0.5599999999999999,0.044000000000000004,0.674,0.626,3,401
Sabrine,Chaabane,3.27,4.98,0.81,0.54,2A77,2.4000000000000004,4.467000000000001,soft_skills,creativity,0.654,0.9960000000000001,0.16200000000000003,0.10800000000000001,0,401
Olfa,Jaziri,0.47,2.48,3.23,3.44,3B85,2.405,1.8338999999999999,creativity,hard_skills,0.094,0.496,0.646,0.6880000000000001,3,401
Hiba,Chebbi,2.57,2.22,3.2,1.69,5GAMIX38,2.42,0.4012666666666667,teamwork,creativity,0.514,0.44400000000000006,0.6400000000000001,0.338,1,402
Mariem,Saidi,1.25,2.96,1.45,3.97,3B49,2.4075,1.6677583333333335,creativity,hard_skills,0.25,0.592,0.29,0.794,0,402
Cyrine,Abidi,4.7,0.37,3.32,1.23,3A96,2.4050000000000002,3.8753666666666664,hard_skills,soft_skills,0.9400000000000001,0.074,0.664,0.246,2,402
Amine,Mabrouk,0.77,4.99,0.44,3.26,4IOSYS40,2.365,4.647100000000001,soft_skills,teamwork,0.15400000000000003,0.9980000000000001,0.08800000000000001,0.652,0,402
Samira,Makni,4.28,2.09,2.43,0.87,4NIDS26,2.4175,1.9903583333333337,hard_skills,creativity,0.8560000000000001,0.418,0.48600000000000004,0.17400000000000002,2,403
Salma,Belkhir,0.13,2.74,1.7,4.75,3B4,2.33,3.7538000000000005,creativity,hard_skills,0.026000000000000002,0.548,0.34,0.9500000000000001,0,403
Rym,Belkhir,3.82,1.8,3.23,0.79,5SAE2,2.41,1.8856666666666664,hard_skills,creativity,0.764,0.36000000000000004,0.646,0.15800000000000003,1,403
Fethi,Haddad,1.07,3.6,2.53,2.44,3A69,2.4099999999999997,1.0756666666666668,soft_skills,hard_skills,0.21400000000000002,0.7200000000000001,0.506,0.488,1,403
Ghassen,Chaabane,3.54,2.84,2.72,0.54,2P99,2.41,1.6849333333333334,hard_skills,creativity,0.7080000000000001,0.568,0.544,0.10800000000000001,1,404
Ines,Chebbi,0.9,2.79,1.41,4.44,2P36,2.385,2.5143000000000004,creativity,hard_skills,0.18000000000000002,0.558,0.282,0.8880000000000001,0,404
Khalil,Zouari,4.37,0.97,3.93,0.27,2A63,2.385,4.267566666666667,hard_skills,creativity,0.8740000000000001,0.194,0.786,0.054000000000000006,1,404
Samira,Turki,0.3,3.14,2.86,3.28,5BI77,2.395,1.981166666666667,creativity,hard_skills,0.06,0.6280000000000001,0.572,0.656,3,404
Mohamed,Abidi,2.78,1.95,2.73,2.18,3A66,2.4099999999999997,0.16793333333333327,hard_skills,soft_skills,0.5559999999999999,0.39,0.546,0.43600000000000005,2,405
Nabil,Toumi,0.67,4.39,1.5,2.94,3B81,2.375,2.6840333333333333,soft_skills,hard_skills,0.134,0.878,0.30000000000000004,0.588,0,405
Rami,Ben Salah,4.77,1.09,2.37,1.35,3B42,2.395,2.8120999999999996,hard_skills,soft_skills,0.954,0.21800000000000003,0.47400000000000003,0.27,2,405
Farah,Mejri,1.23,2.7,2.69,3.01,3A75,2.4074999999999998,0.6382916666666666,creativity,hard_skills,0.246,0.54,0.538,0.602,3,405
Zaineb,Karoui,0.97,3.19,2.58,2.87,5IOSYS7,2.4025,0.9740916666666667,soft_skills,hard_skills,0.194,0.638,0.516,0.5740000000000001,0,406
Nour,Ayari,4.88,0.8,3.5,0.29,2A31,2.3674999999999997,4.7894250000000005,hard_skills,creativity,0.976,0.16000000000000003,0.7000000000000001,0.057999999999999996,2,406
Amina,Mansour,0.67,3.93,0.62,4.2,2A49,2.3550000000000004,3.9113666666666664,creativity,teamwork,0.134,0.786,0.124,0.8400000000000001,0,406
Haythem,Ayari,2.9,1.28,3.04,2.37,4SIM89,2.3975,0.6382916666666666,teamwork,soft_skills,0.58,0.256,0.6080000000000001,0.47400000000000003,3,406
Haythem,Hamdi,4.06,3.11,1.3,1.12,5GAMIX42,2.3975,2.0360249999999995,hard_skills,creativity,0.8119999999999999,0.622,0.26,0.22400000000000003,0,407
Amine,Khemiri,0.01,2.07,3.67,3.66,4GAMIX83,2.3525,3.004158333333334,teamwork,hard_skills,0.002,0.414,0.734,0.7320000000000001,3,407
Bilel,Ammar,4.26,1.42,2.21,1.66,2A77,2.3874999999999997,1.6676916666666664,hard_skills,soft_skills,0.852,0.284,0.442,0.332,2,407
Oumaima,Khlifi,0.83,3.7,1.35,3.63,4BI6,2.3775000000000004,2.256091666666667,soft_skills,hard_skills,0.166,0.7400000000000001,0.27,0.726,0,407
Karim,Ferjani,1.33,4.25,3.26,0.75,5SE99,2.3975,2.6764916666666667,soft_skills,creativity,0.266,0.8500000000000001,0.652,0.15000000000000002,1,408
Iheb,Miled,4.23,0.33,0.88,3.85,1A80,2.3225000000000002,4.007558333333334,hard_skills,soft_skills,0.8460000000000001,0.066,0.17600000000000002,0.77,2,408
Emna,Rekik,0.07,3.42,4.35,1.61,1A64,2.3625,3.6300916666666665,teamwork,hard_skills,0.014000000000000002,0.684,0.87,0.32200000000000006,1,408
Aymen,Mabrouk,4.69,3.26,0.12,1.47,2A25,2.3850000000000002,4.015366666666666,hard_skills,teamwork,0.9380000000000002,0.652,0.024,0.294,0,408
Marwen,Fourati,2.78,4.07,1.5,1.23,3B93,2.395,1.704033333333334,soft_skills,creativity,0.5559999999999999,0.8140000000000001,0.30000000000000004,0.246,0,409
Ghassen,Baccouche,2.36,0.67,2.25,4.26,1A7,2.385,2.1585666666666667,creativity,soft_skills,0.472,0.134,0.45,0.852,3,409
Nizar,Jebali,2.4,3.05,3.97,0.14,2A58,2.39,2.6648666666666667,teamwork,creativity,0.48,0.61,0.794,0.028000000000000004,1,409
Hatem,Chaabane,1.73,2.18,1.25,4.38,4ARCTIC27,2.385,1.9131,creativity,teamwork,0.34600000000000003,0.43600000000000005,0.25,0.876,0,409
Wafa,Rekik,2.64,3.44,2.64,0.84,1A10,2.39,1.2100000000000002,soft_skills,creativity,0.528,0.6880000000000001,0.528,0.168,1,410
Leila,Ben Amor,1.65,0.79,2.01,4.95,3A70,2.3499999999999996,3.2664000000000004,creativity,soft_skills,0.33,0.15800000000000003,0.40199999999999997,0.9900000000000001,3,410
Olfa,Ben Amor,4.76,2.86,1.52,0.28,5TWIN79,2.3549999999999995,3.6806333333333328,hard_skills,creativity,0.952,0.572,0.30400000000000005,0.05600000000000001,2,410
Amine,Jaziri,1.0,2.09,3.07,3.38,2P21,2.385,1.1548333333333332,creativity,hard_skills,0.2,0.418,0.614,0.676,3,410
Rami,Rekik,3.37,3.91,0.23,2.0,3B96,2.3775000000000004,2.6959583333333335,soft_skills,teamwork,0.674,0.782,0.046000000000000006,0.4,0,411
Ghassen,Khemiri,1.26,0.22,4.52,3.13,2P30,2.2824999999999998,3.6746916666666656,teamwork,soft_skills,0.252,0.044000000000000004,0.9039999999999999,0.626,3,411
Wided,Slimani,2.22,4.14,0.39,2.76,4ARCTIC27,2.3774999999999995,2.4092249999999993,soft_skills,teamwork,0.44400000000000006,0.828,0.07800000000000001,0.5519999999999999,0,411
Nizar,Jlassi,3.67,0.7,4.3,0.75,3B12,2.355,3.6090999999999998,teamwork,soft_skills,0.734,0.13999999999999999,0.86,0.15000000000000002,1,411
Ghada,Ben Amor,3.73,2.52,1.28,1.98,1A13,2.3775,1.0706916666666666,hard_skills,teamwork,0.746,0.504,0.256,0.396,0,412
Manel,Jebali,0.27,1.65,3.97,3.47,1A90,2.3400000000000003,2.8982666666666668,teamwork,hard_skills,0.054000000000000006,0.33,0.794,0.6940000000000001,3,412
Yasmine,Hamdi,4.17,4.37,0.42,0.41,5TWIN2,2.3425,4.960358333333334,soft_skills,creativity,0.8340000000000001,0.8740000000000001,0.084,0.082,0,412
Sonia,Jlassi,1.11,1.06,3.0,4.29,2A6,2.365,2.4623,creativity,soft_skills,0.22200000000000003,0.21200000000000002,0.6000000000000001,0.8580000000000001,3,412
Olfa,Khemiri,3.77,2.16,1.7,1.87,2A27,2.375,0.9009666666666667,hard_skills,teamwork,0.754,0.43200000000000005,0.34,0.37400000000000005,2,413
Adel,Kanzari,0.43,1.95,4.31,2.68,2A89,2.3425,2.5988916666666664,teamwork,hard_skills,0.08600000000000001,0.39,0.862,0.536,3,413
Omar,Karoui,3.24,4.59,0.33,1.26,3B60,2.355,3.6927000000000003,soft_skills,teamwork,0.6480000000000001,0.918,0.066,0.252,0,413
Zaineb,Trabelsi,1.81,0.81,3.81,3.03,5SAE33,2.3649999999999998,1.7520999999999998,teamwork,soft_skills,0.36200000000000004,0.16200000000000003,0.762,0.606,3,413
Rim,Kanzari,1.83,4.01,1.33,2.33,4SIM89,2.375,1.3547666666666665,soft_skills,teamwork,0.36600000000000005,0.802,0.266,0.466,0,414
Nour,Rekik,4.57,0.05,2.93,1.91,1A23,2.365,3.5825,hard_skills,soft_skills,0.9140000000000001,0.010000000000000002,0.5860000000000001,0.382,2,414
Meriem,Hamdi,0.79,4.26,1.34,3.1,2A58,2.3725,2.5540916666666664,soft_skills,hard_skills,0.15800000000000003,0.852,0.268,0.6200000000000001,0,414
Skander,Khlifi,4.24,0.44,2.94,1.86,2A49,2.37,2.602266666666667,hard_skills,soft_skills,0.8480000000000001,0.08800000000000001,0.588,0.37200000000000005,2,414
Sofiene,Jebali,3.16,2.38,0.88,3.07,3B67,2.3725,1.111425,hard_skills,teamwork,0.6320000000000001,0.476,0.17600000000000002,0.614,0,415
Khalil,Gharbi,1.99,2.63,4.27,0.58,4ARCTIC27,2.3675,2.342024999999999,teamwork,creativity,0.398,0.526,0.854,0.11599999999999999,1,415
Amine,Kanzari,1.24,2.19,1.07,4.85,1A85,2.3375,3.0484916666666657,creativity,teamwork,0.248,0.438,0.21400000000000002,0.97,0,415
Ismail,Gharbi,3.56,1.3,4.44,0.05,3B85,2.3375000000000004,4.074691666666667,teamwork,creativity,0.7120000000000001,0.26,0.8880000000000001,0.010000000000000002,1,415
Zied,Jaziri,1.41,4.33,1.26,2.47,2A75,2.3675,2.0017583333333335,soft_skills,teamwork,0.282,0.8660000000000001,0.252,0.49400000000000005,0,416
Hedi,Sassi,4.59,0.42,3.76,0.54,2P51,2.3274999999999997,4.668225,hard_skills,soft_skills,0.918,0.084,0.752,0.10800000000000001,2,416
Lotfi,Cherif,0.65,3.59,0.62,4.48,4ARCTIC27,2.335,3.9855000000000005,creativity,teamwork,0.13,0.718,0.124,0.8960000000000001,0,416
Sofiene,Ben Ali,3.35,0.74,2.42,2.93,5SAE59,2.36,1.3110000000000002,hard_skills,soft_skills,0.67,0.148,0.484,0.5860000000000001,3,416
Nabil,Rekik,1.59,1.54,2.85,3.48,3B93,2.365,0.9198999999999998,creativity,soft_skills,0.31800000000000006,0.30800000000000005,0.5700000000000001,0.6960000000000001,3,417
Wided,Nasri,4.23,3.78,0.16,1.22,2P82,2.3475,3.884091666666667,hard_skills,teamwork,0.8460000000000001,0.756,0.032,0.244,0,417
Iheb,Fourati,1.09,1.87,4.72,1.62,3A75,2.325,2.6550999999999996,teamwork,hard_skills,0.21800000000000003,0.37400000000000005,0.944,0.32400000000000007,1,417
Skander,Mejri,2.65,2.88,0.94,2.99,5BI77,2.3649999999999998,0.9225666666666669,creativity,teamwork,0.53,0.576,0.188,0.5980000000000001,0,417
Samira,Jlassi,1.06,4.9,2.5,0.98,5SE100,2.3600000000000003,3.3552000000000004,soft_skills,creativity,0.21200000000000002,0.9800000000000001,0.5,0.196,1,418
Nabil,Ben Salah,4.85,0.17,2.04,2.3,4SIM62,2.34,3.7001999999999993,hard_skills,soft_skills,0.97,0.034,0.40800000000000003,0.45999999999999996,2,418
Hamza,Chaabane,0.3,3.26,2.58,3.28,3B49,2.355,1.9827666666666668,creativity,hard_skills,0.06,0.652,0.516,0.656,0,418
Lobna,Lahmar,4.25,0.47,1.55,3.1,3A69,2.3425,2.782225,hard_skills,soft_skills,0.8500000000000001,0.094,0.31000000000000005,0.6200000000000001,2,418
Mouna,Lahmar,1.2,4.74,3.11,0.38,1A33,2.3575000000000004,3.8309583333333337,soft_skills,creativity,0.24,0.9480000000000001,0.622,0.07600000000000001,1,419
Khadija,Khlifi,3.49,0.12,1.36,4.17,4IOSYS40,2.285,3.5160333333333327,creativity,soft_skills,0.6980000000000001,0.024,0.272,0.8340000000000001,3,419
Hichem,Abidi,1.4,3.46,3.58,0.98,3A97,2.355,1.8414333333333335,teamwork,creativity,0.27999999999999997,0.6920000000000001,0.7160000000000001,0.196,1,419
Oussama,Guettari,4.71,1.54,0.56,2.61,3B11,2.355,3.165766666666667,hard_skills,teamwork,0.9420000000000001,0.30800000000000005,0.11200000000000002,0.522,2,419
Zaineb,Ben Ali,1.53,4.2,0.49,3.21,1A33,2.3575,2.764625,soft_skills,teamwork,0.30600000000000005,0.8400000000000001,0.098,0.642,0,420
Samira,Zayani,4.14,0.36,3.3,1.52,3B81,2.33,2.9179999999999997,hard_skills,soft_skills,0.828,0.072,0.66,0.30400000000000005,2,420
Yasmine,Bouazizi,0.36,3.83,2.82,2.39,2A35,2.35,2.1243333333333334,soft_skills,hard_skills,0.072,0.766,0.564,0.47800000000000004,1,420
Asma,Driss,3.27,0.57,1.8,3.68,5SE100,2.33,2.0282000000000004,creativity,soft_skills,0.654,0.11399999999999999,0.36000000000000004,0.7360000000000001,3,420
Sabrine,Ferjani,1.6,3.64,1.94,2.24,1A74,2.355,0.8022333333333335,soft_skills,hard_skills,0.32000000000000006,0.7280000000000001,0.388,0.44800000000000006,0,421
Wafa,Ben Amor,3.31,0.39,1.61,3.93,3B85,2.31,2.6002666666666667,creativity,soft_skills,0.662,0.07800000000000001,0.32200000000000006,0.786,3,421
Meriem,Sassi,1.47,4.85,2.18,0.88,3A75,2.345,3.071366666666666,soft_skills,creativity,0.294,0.97,0.43600000000000005,0.17600000000000002,1,421
Wided,Toumi,2.31,1.36,3.4,2.26,2P99,2.3325,0.6970249999999999,teamwork,soft_skills,0.462,0.272,0.68,0.45199999999999996,3,421
Mourad,Chouchene,0.44,4.33,2.78,1.85,5SLEAM43,2.35,2.6677999999999997,soft_skills,hard_skills,0.08800000000000001,0.8660000000000001,0.5559999999999999,0.37000000000000005,1,422
Lobna,Toumi,4.74,0.76,0.5,2.91,4GAMIX39,2.2275,3.972091666666667,hard_skills,teamwork,0.9480000000000001,0.15200000000000002,0.1,0.5820000000000001,2,422
Anis,Gharbi,1.54,1.2,4.36,2.13,2P30,2.3075,2.0199583333333337,teamwork,soft_skills,0.30800000000000005,0.24,0.8720000000000001,0.426,3,422
Ines,Baccouche,2.04,3.61,2.41,1.33,2A75,2.3475,0.9092249999999998,soft_skills,creativity,0.40800000000000003,0.722,0.48200000000000004,0.266,1,422
Fares,Ammar,3.79,2.55,2.2,0.85,5SIM56,2.3474999999999997,1.462025,hard_skills,creativity,0.758,0.51,0.44000000000000006,0.17,1,423
Asma,Ghanouchi,0.3,2.6,1.5,4.8,4SIM62,2.3,3.6599999999999997,creativity,hard_skills,0.06,0.52,0.30000000000000004,0.96,0,423
Hela,Trabelsi,4.24,3.1,1.95,0.03,3A69,2.3299999999999996,3.2251333333333343,hard_skills,creativity,0.8480000000000001,0.6200000000000001,0.39,0.006,1,423
Fares,Jebali,0.51,0.67,3.73,4.22,1A74,2.2824999999999998,3.863691666666666,creativity,hard_skills,0.10200000000000001,0.134,0.746,0.844,3,423
Ghassen,Nasri,1.65,3.33,2.42,1.98,3B23,2.345,0.5307000000000001,soft_skills,hard_skills,0.33,0.666,0.484,0.396,1,424
Hend,Ben Salah,2.15,0.76,2.02,4.37,1A10,2.325,2.2516333333333334,creativity,soft_skills,0.43,0.15200000000000002,0.404,0.8740000000000001,3,424
Adel,Toumi,3.47,3.41,2.08,0.32,3B49,2.3200000000000003,2.1894000000000005,hard_skills,creativity,0.6940000000000001,0.682,0.41600000000000004,0.064,1,424
Adel,Khlifi,2.07,1.85,2.11,3.35,2A63,2.3449999999999998,0.4619666666666667,creativity,soft_skills,0.414,0.37000000000000005,0.422,0.67,3,424
Lina,Nasri,1.28,2.78,3.15,2.16,4ARCTIC87,2.3425,0.6685583333333333,teamwork,hard_skills,0.256,0.5559999999999999,0.63,0.43200000000000005,1,425
Rym,Hamdi,4.15,2.33,0.36,2.44,3A96,2.3200000000000003,2.4016666666666673,hard_skills,teamwork,0.8300000000000001,0.466,0.072,0.488,0,425
Rami,Chouchene,0.9,1.41,4.42,2.48,1A13,2.3025,2.4262916666666667,teamwork,hard_skills,0.18000000000000002,0.282,0.884,0.496,3,425
Hela,Sassi,2.72,2.45,1.12,3.07,3A97,2.34,0.7259333333333332,creativity,teamwork,0.544,0.49000000000000005,0.22400000000000003,0.614,0,425
Sonia,Abidi,2.63,1.75,1.23,3.76,3B67,2.3425,1.2268916666666665,creativity,teamwork,0.526,0.35000000000000003,0.246,0.752,0,426
Wided,Zayani,0.76,3.13,4.76,0.45,5IOSYS5,2.2749999999999995,4.177366666666667,teamwork,creativity,0.15200000000000002,0.626,0.952,0.09000000000000001,1,426
Nabil,Jaziri,2.48,1.67,0.5,4.66,3B4,2.3275,3.078625,creativity,teamwork,0.496,0.334,0.1,0.932,0,426
Lobna,Trabelsi,4.43,1.39,2.29,1.16,1A18,2.3175,2.221158333333333,hard_skills,creativity,0.886,0.27799999999999997,0.458,0.23199999999999998,2,426
Sabrine,Gharbi,0.69,3.79,2.54,2.34,3B11,2.34,1.6216666666666668,soft_skills,hard_skills,0.13799999999999998,0.758,0.508,0.46799999999999997,1,427
Bilel,Jebali,4.77,1.28,0.8,2.23,4ARCTIC27,2.27,3.130866666666666,hard_skills,teamwork,0.954,0.256,0.16000000000000003,0.446,2,427
Wafa,Zayani,0.06,3.75,3.71,1.75,1A82,2.3175,3.1364916666666662,soft_skills,hard_skills,0.012,0.75,0.742,0.35000000000000003,1,427
Bechir,Fourati,3.51,2.05,1.78,2.01,2A4,2.3375,0.6251583333333333,hard_skills,teamwork,0.702,0.41,0.35600000000000004,0.40199999999999997,2,427
Aymen,Driss,0.66,4.1,3.24,1.34,1A33,2.335,2.576633333333333,soft_skills,hard_skills,0.132,0.82,0.6480000000000001,0.268,1,428
Tarek,Mansour,3.35,0.83,1.01,3.99,2A49,2.295,2.5945000000000005,creativity,soft_skills,0.67,0.166,0.202,0.798,2,428
Zaineb,Kanzari,3.18,1.83,2.64,1.67,2P87,2.33,0.5014000000000002,hard_skills,creativity,0.6360000000000001,0.36600000000000005,0.528,0.334,2,428
Zaineb,Bouazizi,0.3,4.03,3.15,1.85,1A43,2.3325,2.637891666666667,soft_skills,hard_skills,0.06,0.806,0.63,0.37000000000000005,1,428
Meriem,Mejri,0.42,4.79,1.52,2.58,1A10,2.3275,3.4727583333333336,soft_skills,hard_skills,0.084,0.9580000000000001,0.30400000000000005,0.516,0,429
Mourad,Haddad,3.29,0.18,3.86,1.76,4BI6,2.2725,2.7322249999999992,teamwork,soft_skills,0.658,0.036,0.772,0.35200000000000004,3,429
Mehdi,Bouazizi,2.37,1.98,0.77,4.16,1A80,2.32,1.9687333333333334,creativity,teamwork,0.47400000000000003,0.396,0.15400000000000003,0.8320000000000001,0,429
Mariem,Mansour,1.55,3.96,3.37,0.33,5SAE2,2.3024999999999998,2.7812916666666667,soft_skills,creativity,0.31000000000000005,0.792,0.674,0.066,1,429
Nadia,Guettari,2.51,1.5,2.43,2.86,2A58,2.3249999999999997,0.3373666666666666,creativity,soft_skills,0.502,0.30000000000000004,0.48600000000000004,0.572,3,430
Tarek,Jaziri,2.32,4.87,1.65,0.36,5SAE33,2.3,3.5971333333333337,soft_skills,creativity,0.46399999999999997,0.9740000000000001,0.33,0.072,1,430
Salma,Driss,1.2,0.46,3.01,4.5,3B96,2.2925,3.3131583333333334,creativity,soft_skills,0.24,0.09200000000000001,0.602,0.9,3,430
Zaineb,Ben Amor,3.84,4.36,0.62,0.37,2P30,2.2974999999999994,4.387491666666667,soft_skills,creativity,0.768,0.8720000000000001,0.124,0.074,0,430
Rami,Ben Amor,2.53,3.15,0.54,3.07,1A39,2.3225,1.4879583333333333,soft_skills,teamwork,0.506,0.63,0.10800000000000001,0.614,0,431
Hedi,Ferjani,1.38,1.66,4.66,1.49,1A90,2.2975,2.493891666666667,teamwork,hard_skills,0.27599999999999997,0.332,0.932,0.298,1,431
Sofiene,Ghanouchi,2.26,1.64,0.53,4.82,3B84,2.3125,3.3066250000000004,creativity,teamwork,0.45199999999999996,0.328,0.10600000000000001,0.9640000000000001,0,431
Hela,Rekik,2.92,2.0,3.89,0.3,2P21,2.2775000000000003,2.3334916666666667,teamwork,creativity,0.584,0.4,0.778,0.06,1,431
Ali,Guettari,0.92,2.78,1.18,4.41,2A73,2.3225,2.613091666666667,creativity,hard_skills,0.18400000000000002,0.5559999999999999,0.236,0.8820000000000001,0,432
Oussama,Bouazizi,4.82,0.42,3.36,0.03,5ARCTIC60,2.1574999999999998,5.360025,hard_skills,creativity,0.9640000000000001,0.084,0.672,0.006,2,432
Dorra,Khlifi,0.13,4.66,3.08,1.39,3A60,2.315,3.9047,soft_skills,hard_skills,0.026000000000000002,0.932,0.6160000000000001,0.27799999999999997,1,432
Hatem,Sassi,2.22,1.44,0.73,4.85,1A62,2.31,3.2376666666666662,creativity,teamwork,0.44400000000000006,0.288,0.146,0.97,0,432
Skander,Driss,0.56,3.26,1.84,3.63,3A97,2.3225,1.9758916666666664,creativity,hard_skills,0.11200000000000002,0.652,0.36800000000000005,0.726,0,433
Skander,Fourati,4.12,1.9,2.55,0.51,5GAMIX38,2.27,2.2451333333333334,hard_skills,creativity,0.8240000000000001,0.38,0.51,0.10200000000000001,2,433
Karim,Kanzari,1.22,0.9,2.71,4.36,5SLEAM43,2.2975000000000003,2.5126916666666674,creativity,soft_skills,0.244,0.18000000000000002,0.542,0.8720000000000001,3,433
Emna,Ghanouchi,2.56,4.92,1.03,0.68,1A95,2.2975,3.723091666666667,soft_skills,creativity,0.512,0.984,0.20600000000000002,0.136,0,433
Mouna,Fourati,2.01,3.4,0.44,3.43,2A71,2.3200000000000003,2.009666666666667,creativity,teamwork,0.40199999999999997,0.68,0.08800000000000001,0.686,0,434
Chaima,Miled,1.49,2.45,4.56,0.63,5BI77,2.2825,2.8579583333333325,teamwork,creativity,0.298,0.49000000000000005,0.9119999999999999,0.126,1,434
Fatma,Turki,3.03,0.3,3.01,2.81,2P30,2.2875,1.7654916666666665,hard_skills,soft_skills,0.606,0.06,0.602,0.562,3,434
Olfa,Gharbi,1.45,4.8,0.32,2.69,2A32,2.315,3.681366666666666,soft_skills,teamwork,0.29,0.96,0.064,0.538,0,434
Karim,Belkhir,2.09,3.44,1.67,2.07,2A25,2.3175,0.597425,soft_skills,teamwork,0.418,0.6880000000000001,0.334,0.414,0,435
Yasmine,Abidi,1.3,0.36,4.38,3.09,3B11,2.2824999999999998,3.237625,teamwork,soft_skills,0.26,0.072,0.876,0.618,3,435
Lotfi,Rekik,2.57,4.94,0.18,1.47,3B81,2.29,4.0751333333333335,soft_skills,teamwork,0.514,0.9880000000000001,0.036,0.294,0,435
Amel,Khlifi,2.16,0.84,4.04,2.16,5GAMIX79,2.3,1.7328000000000001,teamwork,soft_skills,0.43200000000000005,0.168,0.808,0.43200000000000005,3,435
Ahmed,Karoui,0.26,3.09,2.2,3.72,5SAE33,2.3175,2.270291666666667,creativity,hard_skills,0.052000000000000005,0.618,0.44000000000000006,0.7440000000000001,0,436
Dorra,Sassi,4.44,0.71,2.21,1.58,5BI77,2.2350000000000003,2.539100000000001,hard_skills,soft_skills,0.8880000000000001,0.142,0.442,0.31600000000000006,2,436
Asma,Zayani,0.69,4.13,3.31,1.09,3A73,2.305,2.8083666666666667,soft_skills,hard_skills,0.13799999999999998,0.8260000000000001,0.662,0.21800000000000003,1,436
Olfa,Mansour,4.41,1.7,0.06,2.9,2A89,2.2675,3.395158333333334,hard_skills,teamwork,0.8820000000000001,0.34,0.012,0.58,0,436
Khadija,Sassi,2.69,2.9,2.33,1.31,1A43,2.3075,0.49762499999999993,soft_skills,creativity,0.538,0.58,0.466,0.262,1,437
Nabil,Ayari,0.76,2.22,1.38,4.83,3B23,2.2975000000000003,3.208425,creativity,hard_skills,0.15200000000000002,0.44400000000000006,0.27599999999999997,0.9660000000000001,0,437
Hatem,Guettari,3.2,1.95,3.25,0.72,5SLEAM43,2.2800000000000002,1.443266666666667,teamwork,creativity,0.6400000000000001,0.39,0.65,0.144,1,437
Amina,Ghanouchi,3.35,3.04,1.91,0.93,3A97,2.3075,1.2262916666666666,hard_skills,creativity,0.67,0.6080000000000001,0.382,0.18600000000000003,1,437
Eya,Maaloul,2.0,2.54,3.01,1.68,2P19,2.3075,0.3452916666666666,teamwork,creativity,0.4,0.508,0.602,0.336,1,438
Omar,Haddad,2.08,1.79,0.28,4.88,2P30,2.2575000000000003,3.679358333333333,creativity,teamwork,0.41600000000000004,0.35800000000000004,0.05600000000000001,0.976,0,438
Bilel,Slimani,0.34,4.34,3.82,0.61,4SIM89,2.2775,4.389225,soft_skills,hard_skills,0.068,0.868,0.764,0.122,1,438
Yasmine,Ferjani,3.26,0.95,3.0,1.92,4GAMIX83,2.2824999999999998,1.1257583333333334,hard_skills,soft_skills,0.652,0.19,0.6000000000000001,0.384,2,438
Chokri,Chouchene,0.0,4.08,2.31,2.84,2P36,2.3075,2.9166250000000002,soft_skills,hard_skills,0.0,0.8160000000000001,0.462,0.568,0,439
Youssef,Abidi,3.19,0.17,3.7,2.02,5NIDS35,2.27,2.4546000000000006,teamwork,soft_skills,0.638,0.034,0.7400000000000001,0.404,3,439
Fares,Ben Ali,2.85,3.9,0.46,1.97,2A6,2.295,2.1189666666666667,soft_skills,teamwork,0.5700000000000001,0.78,0.09200000000000001,0.394,0,439
Iheb,Ferjani,3.33,2.07,2.48,1.29,3A82,2.2925000000000004,0.722025,hard_skills,creativity,0.666,0.414,0.496,0.258,2,439
Nizar,Gharbi,0.24,4.13,2.69,2.16,3A69,2.305,2.5880333333333336,soft_skills,hard_skills,0.048,0.8260000000000001,0.538,0.43200000000000005,1,440
Ghada,Khlifi,3.24,0.15,1.28,4.29,5BI77,2.24,3.4974000000000003,creativity,soft_skills,0.6480000000000001,0.03,0.256,0.8580000000000001,3,440
Rim,Karoui,2.38,4.17,1.8,0.87,2A89,2.3049999999999997,1.9326999999999999,soft_skills,creativity,0.476,0.8340000000000001,0.36000000000000004,0.17400000000000002,1,440
Eya,Jlassi,2.64,0.19,3.57,2.62,3A97,2.255,2.0916333333333332,teamwork,soft_skills,0.528,0.038000000000000006,0.714,0.524,3,440
Ali,Makni,1.93,2.45,2.34,2.49,2P21,2.3025,0.06569166666666672,creativity,hard_skills,0.386,0.49000000000000005,0.46799999999999997,0.49800000000000005,2,441
Zied,Ben Salah,2.99,2.83,0.72,2.67,2A75,2.3025,1.130091666666667,hard_skills,teamwork,0.5980000000000001,0.5660000000000001,0.144,0.534,0,441
Meriem,Khlifi,0.65,2.46,3.87,2.23,2A25,2.3025,1.7392916666666671,teamwork,hard_skills,0.13,0.492,0.774,0.446,1,441
Oumaima,Ghanouchi,2.71,2.35,2.54,1.54,1A48,2.285,0.2683,hard_skills,creativity,0.542,0.47000000000000003,0.508,0.30800000000000005,1,441
Cyrine,Chebbi,0.06,3.93,2.64,2.57,2A4,2.3000000000000003,2.621,soft_skills,hard_skills,0.012,0.786,0.528,0.514,1,442
Bilel,Chaabane,4.1,0.31,1.18,3.1,1A39,2.1725,3.0098249999999998,hard_skills,soft_skills,0.82,0.062,0.236,0.6200000000000001,2,442
Ines,Ammar,2.37,4.26,1.93,0.54,1A62,2.2750000000000004,2.3594999999999997,soft_skills,creativity,0.47400000000000003,0.852,0.386,0.10800000000000001,1,442
Oussama,Ayari,0.99,1.61,3.36,3.22,5NIDS7,2.295,1.3873666666666666,teamwork,hard_skills,0.198,0.32200000000000006,0.672,0.6440000000000001,3,442
Amina,Driss,0.15,3.58,1.87,3.59,5GAMIX57,2.2975,2.703291666666667,creativity,hard_skills,0.03,0.7160000000000001,0.37400000000000005,0.718,0,443
Chaima,Khemiri,4.61,1.36,2.0,0.74,4SAE18,2.1775,2.8944250000000005,hard_skills,creativity,0.9220000000000002,0.272,0.4,0.148,2,443
Mourad,Makni,0.25,2.13,3.29,3.48,1A7,2.2875,2.2010916666666667,creativity,hard_skills,0.05,0.426,0.658,0.6960000000000001,3,443
Lobna,Jaziri,2.51,3.94,0.77,1.96,1A13,2.295,1.7300333333333329,soft_skills,teamwork,0.502,0.788,0.15400000000000003,0.392,0,443
Dorra,Rekik,1.05,3.19,1.75,3.19,5SLEAM19,2.295,1.1497,soft_skills,hard_skills,0.21000000000000002,0.638,0.35000000000000003,0.638,0,444
Zaineb,Ghanouchi,2.95,0.64,3.2,2.25,3B12,2.2600000000000002,1.3280666666666667,teamwork,soft_skills,0.5900000000000001,0.128,0.6400000000000001,0.45,3,444
Mourad,Abidi,3.79,4.39,0.51,0.26,1A95,2.2375,4.646091666666666,soft_skills,creativity,0.758,0.878,0.10200000000000001,0.052000000000000005,0,444
Rim,Ammar,0.77,0.93,3.78,3.58,1A18,2.265,2.680566666666666,teamwork,hard_skills,0.15400000000000003,0.18600000000000003,0.756,0.7160000000000001,3,444
Mariem,Driss,1.35,2.36,1.97,3.49,3A60,2.2925,0.8102916666666667,creativity,hard_skills,0.27,0.472,0.394,0.6980000000000001,0,445
Omar,Belkhir,4.24,3.78,0.43,0.5,5SLEAM19,2.2375,4.225091666666667,hard_skills,teamwork,0.8480000000000001,0.756,0.08600000000000001,0.1,0,445
Rym,Cherif,1.22,0.75,4.0,3.09,3A96,2.2649999999999997,2.3593666666666664,teamwork,soft_skills,0.244,0.15000000000000002,0.8,0.618,3,445
Nabil,Ammar,1.8,2.25,2.37,2.75,1A92,2.2925,0.153225,creativity,hard_skills,0.36000000000000004,0.45,0.47400000000000003,0.55,3,445
Hedi,Cherif,1.95,2.81,1.14,3.27,5GAMIX57,2.2925,0.8896250000000001,creativity,teamwork,0.39,0.562,0.22799999999999998,0.654,0,446
Fares,Baccouche,2.28,1.53,4.49,0.61,5IOSYS7,2.2275,2.741491666666667,teamwork,creativity,0.45599999999999996,0.30600000000000005,0.8980000000000001,0.122,1,446
Hela,Miled,1.95,3.14,0.1,3.91,5SAE33,2.275,2.7525666666666666,creativity,teamwork,0.39,0.6280000000000001,0.020000000000000004,0.782,0,446
Khalil,Maaloul,1.54,1.85,4.09,1.62,5ARCTIC86,2.2750000000000004,1.4813666666666663,teamwork,hard_skills,0.30800000000000005,0.37000000000000005,0.8180000000000001,0.32400000000000007,1,446
Rania,Zouari,1.03,2.32,2.84,2.95,3B42,2.285,0.7755000000000001,creativity,hard_skills,0.20600000000000002,0.46399999999999997,0.568,0.5900000000000001,3,447
Khalil,Chebbi,3.69,2.56,1.01,1.8,2P30,2.265,1.3029666666666668,hard_skills,teamwork,0.738,0.512,0.202,0.36000000000000004,0,447
Bilel,Jlassi,1.05,1.39,4.75,1.8,3B60,2.2475,2.8773583333333335,teamwork,hard_skills,0.21000000000000002,0.27799999999999997,0.9500000000000001,0.36000000000000004,3,447
Ahmed,Ammar,2.8,3.33,0.34,2.59,5GAMIX79,2.2649999999999997,1.7439,soft_skills,teamwork,0.5599999999999999,0.666,0.068,0.518,0,447
Rami,Makni,1.53,1.67,2.04,3.89,1A43,2.2825,1.1947583333333334,creativity,hard_skills,0.30600000000000005,0.334,0.40800000000000003,0.778,3,448
Amina,Makni,1.16,3.95,3.68,0.22,5SLEAM19,2.2525000000000004,3.4146250000000005,soft_skills,creativity,0.23199999999999998,0.79,0.7360000000000001,0.044000000000000004,1,448
Hend,Fourati,3.6,1.81,0.19,3.41,1A90,2.2525000000000004,2.535091666666667,hard_skills,teamwork,0.7200000000000001,0.36200000000000004,0.038000000000000006,0.682,0,448
Amine,Slimani,2.64,2.21,2.88,1.31,4IOSYS40,2.26,0.47793333333333327,teamwork,creativity,0.528,0.442,0.576,0.262,1,448
Fethi,Belkhir,0.02,4.56,1.52,3.0,3A55,2.275,3.8006333333333324,soft_skills,hard_skills,0.004,0.9119999999999999,0.30400000000000005,0.6000000000000001,0,449
Chaima,Ben Amor,3.52,0.02,3.84,1.15,4ARCTIC27,2.1325,3.4228916666666667,teamwork,soft_skills,0.7040000000000001,0.004,0.768,0.22999999999999998,2,449
Chokri,Belkhir,2.74,1.66,0.31,4.32,1A16,2.2575000000000003,2.8788250000000004,creativity,teamwork,0.548,0.332,0.062,0.8640000000000001,0,449
Hedi,Driss,0.15,4.64,3.92,0.24,3B67,2.2375000000000003,5.650158333333333,soft_skills,hard_skills,0.03,0.9279999999999999,0.784,0.048,1,449
Rym,Chebbi,1.38,1.8,3.03,2.88,2A89,2.2725,0.6542249999999998,teamwork,hard_skills,0.27599999999999997,0.36000000000000004,0.606,0.576,3,450
Ines,Ghanouchi,3.09,4.07,0.54,1.27,4GAMIX83,2.2425,2.634091666666667,soft_skills,teamwork,0.618,0.8140000000000001,0.10800000000000001,0.254,0,450
Meriem,Jaziri,0.42,1.23,3.48,3.88,5INFINI39,2.2525,2.853025,creativity,hard_skills,0.084,0.246,0.6960000000000001,0.776,3,450
Iheb,Driss,3.24,3.42,1.38,1.01,4GAMIX83,2.2624999999999997,1.547625,soft_skills,creativity,0.6480000000000001,0.684,0.27599999999999997,0.202,0,450
Tarek,Kanzari,1.11,1.95,1.66,4.36,5GAMIX42,2.27,2.0627333333333335,creativity,hard_skills,0.22200000000000003,0.39,0.332,0.8720000000000001,3,451
Sofiene,Sassi,3.93,2.97,1.64,0.3,5SIM56,2.2100000000000004,2.503,hard_skills,creativity,0.786,0.5940000000000001,0.328,0.06,1,451
Yasmine,Turki,0.21,2.02,4.26,2.51,3B12,2.25,2.7740666666666667,teamwork,hard_skills,0.042,0.404,0.852,0.502,3,451
Aymen,Miled,2.85,3.52,0.58,2.1,3B49,2.2625,1.5945583333333333,soft_skills,teamwork,0.5700000000000001,0.7040000000000001,0.11599999999999999,0.42000000000000004,0,451
Sabrine,Jebali,0.77,3.04,1.37,3.9,3B60,2.27,2.1032666666666664,creativity,hard_skills,0.15400000000000003,0.6080000000000001,0.274,0.78,0,452
Nizar,Makni,2.76,1.56,4.2,0.31,3B60,2.2075,2.765025,teamwork,creativity,0.5519999999999999,0.31200000000000006,0.8400000000000001,0.062,1,452
Hiba,Chouchene,3.05,3.06,0.01,2.77,5NIDS7,2.2224999999999997,2.193691666666667,soft_skills,teamwork,0.61,0.6120000000000001,0.002,0.554,0,452
Tarek,Ben Ali,1.52,1.02,4.87,1.54,3A10,2.2375,3.1378916666666665,teamwork,soft_skills,0.30400000000000005,0.20400000000000001,0.9740000000000001,0.30800000000000005,3,452
Ahmed,Jlassi,1.74,2.98,2.03,2.32,3B49,2.2675,0.28169166666666673,soft_skills,hard_skills,0.34800000000000003,0.596,0.40599999999999997,0.46399999999999997,0,453
Fethi,Chaabane,2.7,0.95,3.74,1.55,1A90,2.2350000000000003,1.5339000000000003,teamwork,soft_skills,0.54,0.19,0.7480000000000001,0.31000000000000005,2,453
Mouna,Ben Salah,0.8,4.99,1.14,2.06,2A77,2.2475,3.626091666666667,soft_skills,hard_skills,0.16000000000000003,0.9980000000000001,0.22799999999999998,0.41200000000000003,0,453
Rym,Fourati,1.56,0.13,2.28,4.92,2A6,2.2225,4.032425,creativity,soft_skills,0.31200000000000006,0.026000000000000002,0.45599999999999996,0.984,3,453
Chaima,Sassi,0.01,3.09,2.62,3.34,5SIM57,2.2649999999999997,2.3491000000000004,creativity,hard_skills,0.002,0.618,0.524,0.668,0,454
Ismail,Belkhir,4.07,2.0,2.27,0.44,5SE100,2.195,2.2131000000000003,hard_skills,creativity,0.8140000000000001,0.4,0.454,0.08800000000000001,2,454
Khalil,Toumi,2.16,1.85,1.6,3.39,3B11,2.25,0.6300666666666667,creativity,teamwork,0.43200000000000005,0.37000000000000005,0.32000000000000006,0.678,0,454
Hedi,Chouchene,2.2,2.15,3.15,1.53,5SE99,2.2575,0.44689166666666663,teamwork,creativity,0.44000000000000006,0.43,0.63,0.30600000000000005,1,454
Hend,Jaziri,2.05,4.35,1.59,1.05,4TWIN23,2.26,2.108399999999999,soft_skills,creativity,0.41,0.87,0.31800000000000006,0.21000000000000002,1,455
Siwar,Karoui,1.52,0.39,3.76,3.22,2P51,2.2225,2.4034916666666666,teamwork,soft_skills,0.30400000000000005,0.07800000000000001,0.752,0.6440000000000001,3,455
Siwar,Kanzari,3.18,3.9,0.3,1.55,5SAE59,2.2325,2.626225,soft_skills,teamwork,0.6360000000000001,0.78,0.06,0.31000000000000005,0,455
Youssef,Mejri,0.9,1.78,4.48,1.78,5GAMIX57,2.235,2.4121000000000006,teamwork,hard_skills,0.18000000000000002,0.35600000000000004,0.8960000000000001,0.35600000000000004,1,455
Sabrine,Abidi,0.28,3.66,2.62,2.45,1A95,2.2525000000000004,2.0152916666666667,soft_skills,hard_skills,0.05600000000000001,0.7320000000000001,0.524,0.49000000000000005,1,456
Manel,Chebbi,4.25,1.27,0.41,2.83,2A89,2.19,2.889333333333333,hard_skills,teamwork,0.8500000000000001,0.254,0.082,0.5660000000000001,2,456
Skander,Ghanouchi,0.69,2.71,4.85,0.64,2A63,2.2225,3.998091666666666,teamwork,creativity,0.13799999999999998,0.542,0.97,0.128,1,456
Yasmine,Ben Amor,3.76,1.94,0.06,3.05,4GAMIX39,2.2024999999999997,2.6010916666666666,hard_skills,teamwork,0.752,0.388,0.012,0.61,0,456
Rym,Mejri,0.26,4.61,2.98,1.15,2A89,2.25,3.7575333333333343,soft_skills,hard_skills,0.052000000000000005,0.9220000000000002,0.596,0.22999999999999998,1,457
Oumaima,Rekik,2.73,0.83,0.57,4.62,2A4,2.1875,3.556825,creativity,teamwork,0.546,0.166,0.11399999999999999,0.924,0,457
Nour,Chouchene,2.62,1.0,4.36,0.89,4GAMIX39,2.2175000000000002,2.6656250000000004,teamwork,creativity,0.524,0.2,0.8720000000000001,0.17800000000000002,1,457
Rym,Turki,2.73,3.27,1.3,1.64,5SE99,2.235,0.8481666666666667,soft_skills,teamwork,0.546,0.654,0.26,0.328,0,457
Ines,Nasri,2.58,2.36,3.09,0.96,4GAMIX39,2.2474999999999996,0.830225,teamwork,creativity,0.516,0.472,0.618,0.192,1,458
Eya,Ben Amor,0.12,4.1,0.07,4.53,5NIDS7,2.205,5.967366666666667,creativity,teamwork,0.024,0.82,0.014000000000000002,0.9060000000000001,0,458
Hend,Toumi,2.48,1.54,3.95,0.81,4ARCTIC27,2.195,1.836166666666667,teamwork,creativity,0.496,0.30800000000000005,0.79,0.16200000000000003,1,458
Cyrine,Driss,3.66,1.85,1.66,1.76,2A73,2.2325,0.9116916666666669,hard_skills,teamwork,0.7320000000000001,0.37000000000000005,0.332,0.35200000000000004,2,458
Marwen,Kanzari,0.35,2.41,3.81,2.41,3B81,2.245,2.0315666666666665,teamwork,hard_skills,0.06999999999999999,0.48200000000000004,0.762,0.48200000000000004,1,459
Tarek,Lahmar,4.07,3.72,0.02,0.91,1A10,2.18,4.074066666666667,hard_skills,teamwork,0.8140000000000001,0.7440000000000001,0.004,0.18200000000000002,0,459
Omar,Maaloul,1.94,0.26,1.89,4.67,5SE99,2.19,3.3425999999999996,creativity,soft_skills,0.388,0.052000000000000005,0.378,0.934,3,459
Rania,Haddad,1.66,2.91,3.81,0.59,3A88,2.2425,1.990891666666667,teamwork,creativity,0.332,0.5820000000000001,0.762,0.118,1,459
Nadia,Maaloul,1.03,4.92,2.2,0.8,2P87,2.2375000000000003,3.5738916666666665,soft_skills,creativity,0.20600000000000002,0.984,0.44000000000000006,0.16000000000000003,1,460
Zaineb,Jaziri,2.05,0.59,1.35,4.77,4NIDS26,2.19,3.313866666666666,creativity,soft_skills,0.41,0.118,0.27,0.954,3,460
Hend,Cherif,2.07,2.35,3.7,0.75,4IOSYS40,2.2175000000000002,1.4635583333333333,teamwork,creativity,0.414,0.47000000000000003,0.7400000000000001,0.15000000000000002,1,460
Emna,Bouazizi,3.44,1.27,1.39,2.73,3B42,2.2075,1.1130916666666666,hard_skills,soft_skills,0.6880000000000001,0.254,0.27799999999999997,0.546,2,460
Fatma,Ghanouchi,1.43,2.29,3.05,2.18,2A98,2.2375,0.43942499999999995,teamwork,hard_skills,0.286,0.458,0.61,0.43600000000000005,1,461
Walid,Hamdi,3.79,1.76,0.66,2.58,1A95,2.1975,1.7458916666666668,hard_skills,teamwork,0.758,0.35200000000000004,0.132,0.516,2,461
Rami,Turki,0.13,4.11,3.24,1.44,3A97,2.23,3.196200000000001,soft_skills,hard_skills,0.026000000000000002,0.8220000000000001,0.6480000000000001,0.288,1,461
Chaima,Ben Ali,2.07,0.92,1.99,3.88,3A55,2.215,1.5069666666666668,creativity,soft_skills,0.414,0.18400000000000002,0.398,0.776,3,461
Hedi,Miled,0.5,3.7,3.02,1.72,2P99,2.2350000000000003,2.012633333333333,soft_skills,hard_skills,0.1,0.7400000000000001,0.6040000000000001,0.34400000000000003,1,462
Olfa,Bouazizi,4.67,0.32,1.26,2.2,2P30,2.1125,3.4960916666666666,hard_skills,soft_skills,0.934,0.064,0.252,0.44000000000000006,2,462
Hedi,Lahmar,0.8,2.11,1.4,4.63,5GAMIX38,2.2350000000000003,2.836033333333333,creativity,hard_skills,0.16000000000000003,0.422,0.27999999999999997,0.926,0,462
Lotfi,Ammar,1.74,3.19,3.07,0.92,1A95,2.23,1.1944666666666668,soft_skills,creativity,0.34800000000000003,0.638,0.614,0.18400000000000002,1,462
Wassim,Karoui,1.76,2.43,1.4,3.35,4GAMIX83,2.235,0.7347000000000001,creativity,teamwork,0.35200000000000004,0.48600000000000004,0.27999999999999997,0.67,0,463
Sarra,Toumi,2.88,3.18,2.58,0.19,5NIDS7,2.2075,1.8690250000000004,soft_skills,creativity,0.576,0.6360000000000001,0.516,0.038000000000000006,1,463
Mohamed,Ben Salah,0.66,0.68,4.52,2.92,3B42,2.195,3.5275666666666656,teamwork,hard_skills,0.132,0.136,0.9039999999999999,0.584,3,463
Ali,Jaziri,2.32,4.05,0.85,1.65,3A73,2.2175,1.8535583333333332,soft_skills,teamwork,0.46399999999999997,0.81,0.17,0.33,0,463
Rym,Makni,0.16,2.22,4.29,2.26,1A80,2.2325,2.8431583333333332,teamwork,hard_skills,0.032,0.44400000000000006,0.8580000000000001,0.45199999999999996,1,464
Lina,Ayari,4.12,3.55,0.88,0.2,1A10,2.1875,3.7502250000000004,hard_skills,creativity,0.8240000000000001,0.71,0.17600000000000002,0.04000000000000001,1,464
Wided,Ayari,2.09,1.87,1.19,3.76,3A73,2.2275,1.1905583333333332,creativity,teamwork,0.418,0.37400000000000005,0.238,0.752,0,464
Sabrine,Lahmar,1.34,2.24,2.6,2.75,5IOSYS5,2.2325,0.39982499999999993,creativity,hard_skills,0.268,0.44800000000000006,0.52,0.55,3,464
Mouna,Makni,2.03,4.12,1.95,0.81,2A89,2.2275,1.9022916666666667,soft_skills,creativity,0.40599999999999997,0.8240000000000001,0.39,0.16200000000000003,1,465
Nour,Trabelsi,2.3,0.12,1.34,4.78,3A82,2.135,3.9051666666666667,creativity,soft_skills,0.45999999999999996,0.024,0.268,0.9560000000000001,3,465
Emna,Zouari,0.85,4.02,3.45,0.56,2A35,2.22,3.128466666666666,soft_skills,creativity,0.17,0.8039999999999999,0.6900000000000001,0.11200000000000002,1,465
Wassim,Khlifi,1.45,1.85,1.84,3.7,3A69,2.21,1.0214,creativity,hard_skills,0.29,0.37000000000000005,0.36800000000000005,0.7400000000000001,3,465
Manel,Chouchene,0.35,2.64,1.41,4.5,4SAE18,2.225,3.1759,creativity,hard_skills,0.06999999999999999,0.528,0.282,0.9,0,466
Ismail,Chaabane,3.88,0.75,3.75,0.07,5IOSYS22,2.1125,3.944558333333333,hard_skills,creativity,0.776,0.15000000000000002,0.75,0.014000000000000002,2,466
Mariem,Mejri,3.31,4.1,0.84,0.56,3B4,2.2025,3.1270916666666664,soft_skills,creativity,0.662,0.82,0.168,0.11200000000000002,0,466
Chaima,Kanzari,0.88,1.82,1.69,4.45,3B67,2.21,2.4030000000000005,creativity,hard_skills,0.17600000000000002,0.36400000000000005,0.338,0.8900000000000001,3,466
Farah,Bouazizi,1.16,2.67,1.12,3.93,3B42,2.22,1.8200666666666667,creativity,teamwork,0.23199999999999998,0.534,0.22400000000000003,0.786,0,467
Wafa,Fourati,2.56,1.31,4.49,0.16,1A90,2.13,3.435933333333334,teamwork,creativity,0.512,0.262,0.8980000000000001,0.032,1,467
Chaima,Makni,1.21,3.35,0.06,4.22,3A55,2.21,3.6540666666666666,creativity,teamwork,0.242,0.67,0.012,0.844,0,467
Ali,Sassi,3.74,3.22,1.29,0.49,5SLEAM19,2.185,2.3877666666666673,hard_skills,creativity,0.7480000000000001,0.6440000000000001,0.258,0.098,2,467
Amine,Cherif,0.94,2.63,3.12,2.18,5TWIN2,2.2175,0.8726916666666668,teamwork,hard_skills,0.188,0.526,0.6240000000000001,0.43600000000000005,1,468
Rim,Toumi,4.38,1.79,0.59,1.83,3A69,2.1475,2.546158333333333,hard_skills,teamwork,0.876,0.35800000000000004,0.118,0.36600000000000005,2,468
Ali,Khemiri,0.69,2.26,2.63,3.27,3A88,2.2125,1.2042916666666665,creativity,hard_skills,0.13799999999999998,0.45199999999999996,0.526,0.654,3,468
Marwen,Toumi,1.53,2.36,2.46,2.5,1A43,2.2125,0.21049166666666666,creativity,hard_skills,0.30600000000000005,0.472,0.492,0.5,2,468
Sofiene,Belkhir,0.69,4.22,0.72,3.22,2A35,2.2125,3.1968916666666662,soft_skills,hard_skills,0.13799999999999998,0.844,0.144,0.6440000000000001,0,469
Samira,Gharbi,4.41,0.12,3.07,0.52,1A10,2.03,4.224733333333333,hard_skills,soft_skills,0.8820000000000001,0.024,0.614,0.10400000000000001,2,469
Bilel,Karoui,1.06,0.8,4.71,2.22,5SAE59,2.1975000000000002,3.186691666666667,teamwork,soft_skills,0.21200000000000002,0.16000000000000003,0.9420000000000001,0.44400000000000006,3,469
Amina,Gharbi,1.72,4.66,0.43,1.93,3B81,2.185,3.1623,soft_skills,teamwork,0.34400000000000003,0.932,0.08600000000000001,0.386,0,469
Adel,Guettari,1.81,3.31,2.21,1.48,3B85,2.2025,0.634225,soft_skills,creativity,0.36200000000000004,0.662,0.442,0.296,1,470
Khadija,Jebali,1.33,0.65,3.71,3.09,5TWIN27,2.195,2.0771666666666664,teamwork,soft_skills,0.266,0.13,0.742,0.618,3,470
Lina,Lahmar,3.89,3.52,0.68,0.64,2A77,2.1825,3.113758333333333,hard_skills,creativity,0.778,0.7040000000000001,0.136,0.128,0,470
Hend,Chebbi,1.72,1.48,1.21,4.32,5IOSYS5,2.1825,2.0740250000000002,creativity,teamwork,0.34400000000000003,0.296,0.242,0.8640000000000001,0,470
Oussama,Kanzari,0.85,4.88,1.15,1.92,3B93,2.1999999999999997,3.3952666666666667,soft_skills,hard_skills,0.17,0.976,0.22999999999999998,0.384,0,471
Skander,Cherif,4.01,0.05,1.84,2.64,4ARCTIC87,2.135,2.7349666666666668,hard_skills,soft_skills,0.802,0.010000000000000002,0.36800000000000005,0.528,2,471
Amel,Lahmar,1.37,1.54,4.65,1.21,5GAMIX57,2.1925,2.702291666666667,teamwork,creativity,0.274,0.30800000000000005,0.9300000000000002,0.242,1,471
Karim,Maaloul,0.85,2.77,1.25,3.89,2A31,2.19,1.9685333333333332,creativity,hard_skills,0.17,0.554,0.25,0.778,0,471
Youssef,Ben Amor,1.24,2.01,4.24,1.3,1A43,2.1975000000000002,1.976425,teamwork,hard_skills,0.248,0.40199999999999997,0.8480000000000001,0.26,1,472
Meriem,Maaloul,3.57,2.26,0.1,2.67,3A55,2.15,2.1671333333333336,hard_skills,teamwork,0.714,0.45199999999999996,0.020000000000000004,0.534,0,472
Walid,Gharbi,0.56,2.83,2.35,2.99,2A71,2.1825,1.2439583333333335,creativity,hard_skills,0.11200000000000002,0.5660000000000001,0.47000000000000003,0.5980000000000001,0,472
Ali,Belkhir,3.15,1.93,2.49,1.17,2P30,2.185,0.7065000000000001,hard_skills,creativity,0.63,0.386,0.49800000000000005,0.23399999999999999,2,472
Youssef,Nasri,1.81,1.82,3.24,1.9,2A58,2.1925,0.48929166666666685,teamwork,hard_skills,0.36200000000000004,0.36400000000000005,0.6480000000000001,0.38,1,473
Farah,Kanzari,3.04,4.35,0.42,0.92,4GAMIX39,2.1825,3.3778916666666663,soft_skills,teamwork,0.6080000000000001,0.87,0.084,0.18400000000000002,0,473
Asma,Karoui,0.32,0.23,4.68,3.45,5TWIN2,2.17,5.041533333333333,teamwork,soft_skills,0.064,0.046000000000000006,0.9359999999999999,0.6900000000000001,3,473
Zied,Cherif,1.97,2.27,1.2,3.32,2A6,2.19,0.7706,creativity,teamwork,0.394,0.454,0.24,0.664,0,473
Chaima,Chouchene,2.0,2.23,3.17,1.36,4TWIN23,2.19,0.5623333333333332,teamwork,creativity,0.4,0.446,0.634,0.272,1,474
Nizar,Ben Ali,1.17,2.46,0.3,4.68,2A49,2.1525,3.6266249999999993,creativity,teamwork,0.23399999999999999,0.492,0.06,0.9359999999999999,0,474
Fares,Slimani,2.37,2.17,3.89,0.23,5TWIN79,2.165,2.253966666666667,teamwork,creativity,0.47400000000000003,0.434,0.778,0.046000000000000006,1,474
Fares,Toumi,3.01,3.18,2.05,0.52,3A10,2.1899999999999995,1.4869999999999999,soft_skills,creativity,0.602,0.6360000000000001,0.41,0.10400000000000001,1,474
Leila,Khlifi,0.32,4.54,2.6,1.29,3B67,2.1875,3.3324916666666664,soft_skills,hard_skills,0.064,0.908,0.52,0.258,1,475
Marwen,Ammar,3.39,0.03,1.34,3.75,2A98,2.1275,3.0820250000000002,creativity,soft_skills,0.678,0.006,0.268,0.75,2,475
Asma,Jaziri,1.35,0.54,4.74,2.07,2P21,2.1750000000000003,3.3147000000000006,teamwork,soft_skills,0.27,0.10800000000000001,0.9480000000000001,0.414,3,475
Eya,Hamdi,2.35,4.59,0.37,1.29,5SAE33,2.15,3.3005333333333327,soft_skills,teamwork,0.47000000000000003,0.918,0.074,0.258,0,475
Bechir,Gharbi,0.37,4.96,2.05,1.36,3B93,2.185,3.8978999999999995,soft_skills,hard_skills,0.074,0.992,0.41,0.272,1,476
Sabrine,Toumi,4.36,0.98,1.19,1.97,2A75,2.125,2.4015000000000004,hard_skills,soft_skills,0.8720000000000001,0.196,0.238,0.394,2,476
Karim,Bouazizi,1.55,0.36,4.14,2.64,1A48,2.1725,2.5874249999999996,teamwork,soft_skills,0.31000000000000005,0.072,0.828,0.528,3,476
Chokri,Chaabane,2.61,1.74,1.36,2.95,1A64,2.165,0.5476333333333333,creativity,teamwork,0.522,0.34800000000000003,0.272,0.5900000000000001,2,476
Lina,Ben Salah,0.79,4.99,2.77,0.17,1A48,2.18,4.7388,soft_skills,creativity,0.15800000000000003,0.9980000000000001,0.554,0.034,1,477
Lina,Sassi,2.41,0.38,1.05,4.61,4BI6,2.1125,3.485491666666667,creativity,soft_skills,0.48200000000000004,0.07600000000000001,0.21000000000000002,0.9220000000000002,3,477
Amine,Belkhir,2.34,0.88,3.81,1.63,2P36,2.165,1.5580333333333334,teamwork,soft_skills,0.46799999999999997,0.17600000000000002,0.762,0.326,3,477
Bilel,Chebbi,3.82,2.02,1.51,1.31,3A96,2.165,1.3066999999999998,hard_skills,creativity,0.764,0.404,0.30200000000000005,0.262,2,477
Mehdi,Toumi,1.69,2.58,2.75,1.69,5IOSYS22,2.1774999999999998,0.32169166666666665,teamwork,hard_skills,0.338,0.516,0.55,0.338,1,478
Nabil,Abidi,2.84,1.68,0.26,3.8,2A98,2.1449999999999996,2.3305,creativity,teamwork,0.568,0.336,0.052000000000000005,0.76,0,478
Anis,Kanzari,1.37,2.8,4.32,0.12,2A75,2.1525,3.286891666666667,teamwork,creativity,0.274,0.5599999999999999,0.8640000000000001,0.024,1,478
Ines,Cherif,1.31,1.33,1.88,4.14,4IOSYS40,2.165,1.8033666666666661,creativity,hard_skills,0.262,0.266,0.376,0.828,3,478
Ali,Fourati,0.43,2.99,3.06,2.19,3B23,2.1675,1.4974916666666669,teamwork,hard_skills,0.08600000000000001,0.5980000000000001,0.6120000000000001,0.438,1,479
Mohamed,Belkhir,4.95,1.68,1.11,0.7,4SAE18,2.11,3.7462000000000004,hard_skills,creativity,0.9900000000000001,0.336,0.22200000000000003,0.13999999999999999,2,479
Walid,Bouazizi,1.35,0.75,2.2,4.29,5SIM57,2.1475,2.3940249999999996,creativity,soft_skills,0.27,0.15000000000000002,0.44000000000000006,0.8580000000000001,3,479
Yasmine,Jlassi,2.21,4.89,1.35,0.17,3B4,2.155,4.023833333333333,soft_skills,creativity,0.442,0.978,0.27,0.034,1,479
Mohamed,Cherif,1.66,4.52,0.95,1.53,2P36,2.165,2.560166666666666,soft_skills,teamwork,0.332,0.9039999999999999,0.19,0.30600000000000005,0,480
Yasmine,Karoui,0.53,0.11,4.82,2.87,1A55,2.0825,4.8050250000000005,teamwork,soft_skills,0.10600000000000001,0.022000000000000002,0.9640000000000001,0.5740000000000001,3,480
Ines,Bouazizi,4.56,2.69,1.06,0.23,4TWIN23,2.1350000000000002,3.657766666666666,hard_skills,creativity,0.9119999999999999,0.538,0.21200000000000002,0.046000000000000006,2,480
Fares,Bouazizi,0.5,2.44,1.2,4.42,5SE100,2.1399999999999997,2.9538666666666664,creativity,hard_skills,0.1,0.488,0.24,0.884,0,480
Salma,Fourati,0.25,4.26,1.82,2.33,5SAE59,2.165,2.7341666666666664,soft_skills,hard_skills,0.05,0.852,0.36400000000000005,0.466,0,481
Ahmed,Rekik,4.06,1.28,1.55,1.7,4ARCTIC87,2.1475,1.6558249999999992,hard_skills,soft_skills,0.8119999999999999,0.256,0.31000000000000005,0.34,2,481
Rania,Ben Amor,1.84,1.19,4.64,0.96,2A61,2.1574999999999998,2.8778916666666663,teamwork,creativity,0.36800000000000005,0.238,0.9279999999999999,0.192,1,481
Wided,Driss,2.95,1.62,0.27,3.72,5GAMIX57,2.14,2.3066000000000004,creativity,teamwork,0.5900000000000001,0.32400000000000007,0.054000000000000006,0.7440000000000001,0,481
Lobna,Khlifi,0.24,4.69,2.02,1.7,5TWIN79,2.1625,3.4394916666666675,soft_skills,hard_skills,0.048,0.9380000000000002,0.404,0.34,1,482
Mohamed,Mabrouk,3.24,0.67,2.18,2.46,4SIM62,2.1375,1.158291666666667,hard_skills,soft_skills,0.6480000000000001,0.134,0.43600000000000005,0.492,2,482
Manel,Ghanouchi,2.61,1.77,2.48,1.77,5BI77,2.1574999999999998,0.20302499999999993,hard_skills,soft_skills,0.522,0.35400000000000004,0.496,0.35400000000000004,2,482
Hamza,Rekik,1.85,2.91,0.87,2.99,1A85,2.1550000000000002,1.0038333333333334,creativity,teamwork,0.37000000000000005,0.5820000000000001,0.17400000000000002,0.5980000000000001,0,482
Hiba,Kanzari,0.01,3.49,3.57,1.57,5TWIN79,2.16,2.9092000000000002,teamwork,hard_skills,0.002,0.6980000000000001,0.714,0.31400000000000006,1,483
Fatma,Haddad,3.39,0.36,0.1,4.4,2A75,2.0625,4.658691666666667,creativity,teamwork,0.678,0.072,0.020000000000000004,0.8800000000000001,2,483
Zaineb,Toumi,2.88,3.28,2.34,0.1,1A13,2.15,2.016133333333333,soft_skills,creativity,0.576,0.656,0.46799999999999997,0.020000000000000004,1,483
Wided,Zouari,1.56,0.76,4.33,1.94,3B23,2.1475,2.358891666666667,teamwork,soft_skills,0.31200000000000006,0.15200000000000002,0.8660000000000001,0.388,3,483
Farah,Makni,1.34,2.01,4.3,0.99,5INFINI39,2.1599999999999997,2.214466666666666,teamwork,creativity,0.268,0.40199999999999997,0.86,0.198,1,484
Hela,Ammar,0.96,3.06,0.12,4.36,1A18,2.125,3.7489000000000003,creativity,teamwork,0.192,0.6120000000000001,0.024,0.8720000000000001,0,484
Salma,Chaabane,3.32,3.28,1.82,0.17,3A97,2.1475,2.225025,hard_skills,creativity,0.664,0.656,0.36400000000000005,0.034,1,484
Samira,Zouari,2.88,0.42,1.72,3.45,3A96,2.1174999999999997,1.7988250000000001,creativity,soft_skills,0.576,0.084,0.34400000000000003,0.6900000000000001,2,484
Eya,Zouari,3.21,3.78,1.16,0.48,3B49,2.1575,2.516425,soft_skills,creativity,0.642,0.756,0.23199999999999998,0.096,1,485
Mouna,Jaziri,0.15,0.29,4.5,3.42,2P21,2.09,4.8602,teamwork,hard_skills,0.03,0.057999999999999996,0.9,0.684,3,485
Hichem,Makni,2.88,3.44,1.03,1.26,5SLEAM43,2.1525000000000003,1.4144916666666667,soft_skills,teamwork,0.576,0.6880000000000001,0.20600000000000002,0.252,0,485
Khalil,Cherif,0.6,1.31,2.79,3.88,2A63,2.145,2.1701666666666664,creativity,hard_skills,0.12,0.262,0.558,0.776,3,485
Samira,Khlifi,0.83,4.04,1.5,2.26,3A88,2.1574999999999998,1.9162916666666667,soft_skills,hard_skills,0.166,0.808,0.30000000000000004,0.45199999999999996,0,486
Rym,Saidi,3.34,0.67,2.29,2.17,5ARCTIC86,2.1174999999999997,1.207425,hard_skills,soft_skills,0.668,0.134,0.458,0.434,2,486
Bilel,Sassi,0.86,2.65,4.28,0.81,5GAMIX79,2.15,2.748866666666667,teamwork,creativity,0.17200000000000001,0.53,0.8560000000000001,0.16200000000000003,1,486
Hela,Karoui,3.31,1.34,0.86,3.0,3A69,2.1275000000000004,1.4620916666666666,hard_skills,teamwork,0.662,0.268,0.17200000000000001,0.6000000000000001,2,486
Fares,Guettari,0.77,2.7,2.81,2.34,5SLEAM43,2.1550000000000002,0.8928333333333334,teamwork,hard_skills,0.15400000000000003,0.54,0.562,0.46799999999999997,1,487
Bechir,Makni,3.84,3.2,0.8,0.66,5IOSYS22,2.125,2.666233333333333,hard_skills,creativity,0.768,0.6400000000000001,0.16000000000000003,0.132,2,487
Karim,Abidi,1.51,0.71,3.79,2.52,1A10,2.1325,1.769491666666667,teamwork,soft_skills,0.30200000000000005,0.142,0.758,0.504,3,487
Wided,Saidi,1.48,1.25,0.84,4.89,2A75,2.1149999999999998,3.4925666666666664,creativity,teamwork,0.296,0.25,0.168,0.978,0,487
Fethi,Trabelsi,1.94,4.6,1.56,0.52,3A75,2.155,3.017166666666666,soft_skills,creativity,0.388,0.9199999999999999,0.31200000000000006,0.10400000000000001,1,488
Hiba,Mansour,1.14,0.92,2.99,3.39,5SIM57,2.1100000000000003,1.5899333333333339,creativity,soft_skills,0.22799999999999998,0.18400000000000002,0.5980000000000001,0.678,3,488
Rim,Miled,3.03,2.66,1.85,1.07,1A13,2.1525,0.7636249999999999,hard_skills,creativity,0.606,0.532,0.37000000000000005,0.21400000000000002,2,488
Wafa,Saidi,1.49,1.47,1.95,3.59,2P30,2.125,1.003033333333333,creativity,soft_skills,0.298,0.294,0.39,0.718,3,488
Oussama,Mansour,1.21,4.17,1.63,1.6,1A62,2.1525,1.845625,soft_skills,hard_skills,0.242,0.8340000000000001,0.326,0.32000000000000006,0,489
Rim,Zouari,3.51,0.37,2.97,1.42,4NIDS26,2.0675,2.0653583333333336,hard_skills,soft_skills,0.702,0.074,0.5940000000000001,0.284,2,489
Khadija,Fourati,1.84,2.02,0.55,4.04,1A23,2.1125,2.079825,creativity,teamwork,0.36800000000000005,0.404,0.11000000000000001,0.808,0,489
Samira,Karoui,0.69,2.93,4.22,0.74,2A6,2.145,3.0043,teamwork,hard_skills,0.13799999999999998,0.5860000000000001,0.844,0.148,1,489
Hichem,Bouazizi,1.49,2.43,2.58,2.1,1A10,2.15,0.23380000000000004,teamwork,hard_skills,0.298,0.48600000000000004,0.516,0.42000000000000004,1,490
Ines,Khlifi,3.52,3.49,1.04,0.54,1A16,2.1475,2.4988916666666667,hard_skills,creativity,0.7040000000000001,0.6980000000000001,0.20800000000000002,0.10800000000000001,0,490
Ismail,Mejri,0.97,0.96,2.93,3.47,1A95,2.0825,1.7136916666666673,creativity,soft_skills,0.194,0.192,0.5860000000000001,0.6940000000000001,3,490
Ghassen,Mejri,1.54,1.99,2.86,2.2,1A23,2.1475,0.30142499999999994,teamwork,hard_skills,0.30800000000000005,0.398,0.572,0.44000000000000006,2,490
Khalil,Turki,1.31,2.65,3.71,0.93,5GAMIX57,2.15,1.6258666666666663,teamwork,creativity,0.262,0.53,0.742,0.18600000000000003,1,491
Rania,Jlassi,1.76,1.69,0.18,4.68,5INFINI39,2.0775,3.541491666666667,creativity,teamwork,0.35200000000000004,0.338,0.036,0.9359999999999999,0,491
Sabrine,Ayari,1.45,3.52,3.51,0.1,2P30,2.145,2.8063,soft_skills,creativity,0.29,0.7040000000000001,0.702,0.020000000000000004,1,491
Chokri,Saidi,3.65,1.68,1.6,1.54,5SLEAM19,2.1174999999999997,1.0470916666666665,hard_skills,creativity,0.73,0.336,0.32000000000000006,0.30800000000000005,2,491
Hiba,Karoui,0.32,2.69,2.51,3.02,2P82,2.135,1.5087,creativity,hard_skills,0.064,0.538,0.502,0.6040000000000001,3,492
Nizar,Ben Amor,4.4,1.78,1.15,0.97,2A4,2.075,2.523100000000001,hard_skills,creativity,0.8800000000000001,0.35600000000000004,0.22999999999999998,0.194,2,492
Hatem,Cherif,0.09,2.69,3.99,1.76,1A18,2.1325,2.6905583333333336,teamwork,hard_skills,0.018,0.538,0.798,0.35200000000000004,1,492
Zaineb,Ammar,3.41,3.37,0.41,1.29,4ARCTIC27,2.12,2.279866666666667,hard_skills,teamwork,0.682,0.674,0.082,0.258,0,492
Oussama,Trabelsi,2.16,3.77,0.34,2.27,4GAMIX39,2.135,1.9713666666666667,soft_skills,teamwork,0.43200000000000005,0.754,0.068,0.454,0,493
Foued,Driss,1.97,0.86,4.84,0.76,3B4,2.1075,3.619158333333333,teamwork,creativity,0.394,0.17200000000000001,0.968,0.15200000000000002,1,493
Haythem,Sassi,1.77,2.99,0.25,3.48,3A97,2.1225,2.0752916666666668,creativity,teamwork,0.35400000000000004,0.5980000000000001,0.05,0.6960000000000001,0,493
Hiba,Jaziri,0.9,0.85,4.48,2.15,2A61,2.095,2.889766666666667,teamwork,soft_skills,0.18000000000000002,0.17,0.8960000000000001,0.43,3,493
Samira,Khemiri,0.27,4.87,1.46,1.93,5IOSYS5,2.1325000000000003,3.8186916666666666,soft_skills,hard_skills,0.054000000000000006,0.9740000000000001,0.292,0.386,0,494
Walid,Trabelsi,4.61,0.08,1.09,2.2,5SAE2,1.995,3.788833333333334,hard_skills,soft_skills,0.9220000000000002,0.016,0.21800000000000003,0.44000000000000006,2,494
Zied,Driss,0.24,3.34,4.59,0.28,5SAE2,2.1125,4.836358333333332,teamwork,hard_skills,0.048,0.668,0.918,0.05600000000000001,1,494
Tarek,Maaloul,3.81,1.11,0.61,2.8,3B93,2.0825,2.2043583333333334,hard_skills,teamwork,0.762,0.22200000000000003,0.122,0.5599999999999999,2,494
Ismail,Kanzari,1.68,4.83,1.59,0.43,3B93,2.1325,3.5580250000000007,soft_skills,creativity,0.336,0.9660000000000001,0.31800000000000006,0.08600000000000001,1,495
Hiba,Gharbi,1.81,0.65,0.87,4.84,3A73,2.0425,3.731291666666666,creativity,soft_skills,0.36200000000000004,0.13,0.17400000000000002,0.968,3,495
Walid,Kanzari,0.31,2.09,4.83,1.13,1A55,2.09,3.865866666666667,teamwork,hard_skills,0.062,0.418,0.9660000000000001,0.22599999999999998,1,495
Nizar,Mansour,3.18,2.49,2.22,0.59,5TWIN2,2.12,1.2038000000000004,hard_skills,creativity,0.6360000000000001,0.49800000000000005,0.44400000000000006,0.118,1,495
Mouna,Ammar,2.59,3.79,0.37,1.77,3A60,2.13,2.0648,soft_skills,teamwork,0.518,0.758,0.074,0.35400000000000004,0,496
Hedi,Mejri,0.27,0.42,4.95,2.4,5SE32,2.0100000000000002,4.7838,teamwork,hard_skills,0.054000000000000006,0.084,0.9900000000000001,0.48,3,496
Mohamed,Toumi,2.96,3.37,0.57,1.58,3B93,2.12,1.6540666666666668,soft_skills,teamwork,0.592,0.674,0.11399999999999999,0.31600000000000006,0,496
Ines,Mejri,2.8,1.04,2.18,2.42,2P99,2.11,0.574,hard_skills,soft_skills,0.5599999999999999,0.20800000000000002,0.43600000000000005,0.484,2,496
Oumaima,Nasri,2.07,3.87,0.76,1.82,1A7,2.13,1.668066666666667,soft_skills,teamwork,0.414,0.774,0.15200000000000002,0.36400000000000005,0,497
Hend,Haddad,0.69,0.98,4.65,1.91,5GAMIX42,2.0575,3.2579583333333333,teamwork,hard_skills,0.13799999999999998,0.196,0.9300000000000002,0.382,3,497
Cyrine,Nasri,3.02,3.48,0.73,1.23,2A61,2.115,1.7945666666666666,soft_skills,teamwork,0.6040000000000001,0.6960000000000001,0.146,0.246,0,497
Sonia,Makni,1.19,1.92,1.0,4.24,1A43,2.0875,2.2164916666666667,creativity,teamwork,0.238,0.384,0.2,0.8480000000000001,0,497
Mariem,Nasri,2.62,3.81,0.86,1.22,2A25,2.1275,1.8344916666666669,soft_skills,teamwork,0.524,0.762,0.17200000000000001,0.244,0,498
Asma,Bouazizi,0.07,0.09,3.78,3.98,2A99,1.98,4.8200666666666665,creativity,hard_skills,0.014000000000000002,0.018,0.756,0.796,3,498
Dorra,Driss,3.07,3.7,1.14,0.6,4SAE18,2.1275,2.2231583333333336,soft_skills,creativity,0.614,0.7400000000000001,0.22799999999999998,0.12,1,498
Omar,Zouari,2.45,1.56,2.66,1.75,5BI77,2.105,0.28336666666666677,teamwork,soft_skills,0.49000000000000005,0.31200000000000006,0.532,0.35000000000000003,2,498
Wided,Khemiri,2.26,2.78,2.78,0.68,1A74,2.1249999999999996,0.9880999999999996,soft_skills,creativity,0.45199999999999996,0.5559999999999999,0.5559999999999999,0.136,1,499
Rania,Miled,1.6,1.04,0.62,4.93,1A23,2.0475,3.853958333333333,creativity,teamwork,0.32000000000000006,0.20800000000000002,0.124,0.986,0,499
Lotfi,Jebali,1.53,2.99,3.69,0.23,1A95,2.1100000000000003,2.3805333333333336,teamwork,creativity,0.30600000000000005,0.5980000000000001,0.738,0.046000000000000006,1,499
Amel,Chouchene,1.87,4.14,0.13,2.32,5GAMIX38,2.1149999999999998,2.7142999999999997,soft_skills,teamwork,0.37400000000000005,0.828,0.026000000000000002,0.46399999999999997,0,499
Sonia,Miled,0.57,3.46,2.99,1.47,3B12,2.1225,1.7924916666666668,soft_skills,hard_skills,0.11399999999999999,0.6920000000000001,0.5980000000000001,0.294,1,500
Lobna,Chaabane,3.72,0.93,0.23,3.28,2P87,2.04,2.9560666666666666,hard_skills,teamwork,0.7440000000000001,0.18600000000000003,0.046000000000000006,0.656,2,500
Hatem,Ferjani,2.02,2.49,3.18,0.77,5SE99,2.1149999999999998,1.0309666666666668,teamwork,creativity,0.404,0.49800000000000005,0.6360000000000001,0.15400000000000003,1,500
Amina,Toumi,1.05,2.65,1.92,2.85,2A77,2.1175,0.666225,creativity,hard_skills,0.21000000000000002,0.53,0.384,0.5700000000000001,0,500
Khalil,Mejri,1.35,4.96,1.35,0.8,5GAMIX57,2.115,3.6645666666666656,soft_skills,creativity,0.27,0.992,0.27,0.16000000000000003,1,501
Yasmine,Haddad,3.45,0.52,1.81,2.43,5GAMIX57,2.0525,1.5009583333333334,hard_skills,soft_skills,0.6900000000000001,0.10400000000000001,0.36200000000000004,0.48600000000000004,2,501
Wassim,Ammar,0.51,1.24,3.77,2.77,3A96,2.0725,2.1674916666666664,teamwork,hard_skills,0.10200000000000001,0.248,0.754,0.554,3,501
Sofiene,Hamdi,2.91,3.75,0.4,1.35,1A64,2.1025,2.277025,soft_skills,teamwork,0.5820000000000001,0.75,0.08000000000000002,0.27,0,501
Tarek,Saidi,1.4,2.22,3.02,1.81,2P36,2.1125000000000003,0.47809166666666664,teamwork,hard_skills,0.27999999999999997,0.44400000000000006,0.6040000000000001,0.36200000000000004,1,502
Lotfi,Khlifi,4.65,1.77,0.07,1.67,3B4,2.04,3.6342666666666674,hard_skills,teamwork,0.9300000000000002,0.35400000000000004,0.014000000000000002,0.334,2,502
Hamza,Khlifi,0.37,3.6,3.22,1.25,3B11,2.1100000000000003,2.4064666666666668,soft_skills,hard_skills,0.074,0.7200000000000001,0.6440000000000001,0.25,1,502
Asma,Jebali,0.2,1.64,1.75,4.69,2A58,2.0700000000000003,3.549533333333334,creativity,hard_skills,0.04000000000000001,0.328,0.35000000000000003,0.9380000000000002,3,502
Emna,Gharbi,1.99,3.8,2.49,0.16,2P99,2.1100000000000003,2.272466666666667,soft_skills,creativity,0.398,0.76,0.49800000000000005,0.032,1,503
Eya,Ayari,1.1,0.89,1.18,4.96,1A43,2.0324999999999998,3.8239583333333336,creativity,soft_skills,0.22000000000000003,0.17800000000000002,0.236,0.992,3,503
Manel,Jlassi,3.21,1.3,2.43,1.44,2A63,2.0949999999999998,0.8055,hard_skills,soft_skills,0.642,0.26,0.48600000000000004,0.288,2,503
Hichem,Karoui,2.44,3.11,1.38,1.51,3A10,2.11,0.6672666666666666,soft_skills,teamwork,0.488,0.622,0.27599999999999997,0.30200000000000005,0,503
Wided,Jebali,0.57,4.04,0.17,3.65,1A95,2.1075,4.077224999999999,soft_skills,teamwork,0.11399999999999999,0.808,0.034,0.73,0,504
Rim,Fourati,3.48,0.57,3.75,0.17,4SAE18,1.9925,3.5488250000000003,teamwork,creativity,0.6960000000000001,0.11399999999999999,0.75,0.034,2,504
Sarra,Sassi,2.55,2.92,2.09,0.85,5SLEAM43,2.1025,0.8124916666666665,soft_skills,creativity,0.51,0.584,0.418,0.17,1,504
Iheb,Kanzari,0.55,1.45,2.41,3.82,1A39,2.0575,1.957425,creativity,hard_skills,0.11000000000000001,0.29,0.48200000000000004,0.764,3,504
Hamza,Ferjani,1.22,3.05,3.69,0.42,5SAE33,2.0949999999999998,2.3424333333333336,teamwork,creativity,0.244,0.61,0.738,0.084,1,505
Tarek,Zouari,1.94,1.88,0.23,4.15,5GAMIX57,2.05,2.5878,creativity,teamwork,0.388,0.376,0.046000000000000006,0.8300000000000001,0,505
Tarek,Ghanouchi,4.54,1.05,1.99,0.63,4GAMIX83,2.0525,3.073358333333333,hard_skills,creativity,0.908,0.21000000000000002,0.398,0.126,2,505
Amina,Abidi,0.08,3.35,3.04,1.9,2A75,2.0925000000000002,2.1887583333333334,soft_skills,hard_skills,0.016,0.67,0.6080000000000001,0.38,1,505
Khalil,Ferjani,2.33,2.42,2.54,1.08,2P36,2.0925000000000002,0.463025,teamwork,creativity,0.466,0.484,0.508,0.21600000000000003,1,506
Amina,Zayani,0.03,3.15,0.72,4.37,1A39,2.0675,4.146825000000001,creativity,hard_skills,0.006,0.63,0.144,0.8740000000000001,0,506
Oumaima,Hamdi,4.08,1.82,2.21,0.13,1A95,2.06,2.6284666666666667,hard_skills,creativity,0.8160000000000001,0.36400000000000005,0.442,0.026000000000000002,2,506
Hedi,Ben Amor,0.87,1.02,3.79,2.59,3A82,2.0675,1.923758333333333,teamwork,hard_skills,0.17400000000000002,0.20400000000000001,0.758,0.518,3,506
Lotfi,Gharbi,2.05,2.25,3.69,0.37,3B42,2.09,1.8485333333333334,teamwork,creativity,0.41,0.45,0.738,0.074,1,507
Hamza,Kanzari,1.86,2.64,0.19,3.58,1A80,2.0675,2.061158333333333,creativity,teamwork,0.37200000000000005,0.528,0.038000000000000006,0.7160000000000001,0,507
Zied,Haddad,2.95,0.58,3.52,1.19,5IOSYS22,2.06,1.9569999999999999,teamwork,soft_skills,0.5900000000000001,0.11599999999999999,0.7040000000000001,0.238,2,507
Hend,Karoui,0.64,4.01,1.24,2.39,5NIDS7,2.07,2.1999333333333326,soft_skills,hard_skills,0.128,0.802,0.248,0.47800000000000004,0,507
Ghassen,Jebali,1.0,4.14,1.82,1.36,3B84,2.08,1.998666666666666,soft_skills,hard_skills,0.2,0.828,0.36400000000000005,0.272,1,508
Fatma,Nasri,3.66,0.74,0.85,2.95,2P99,2.05,2.186066666666667,hard_skills,soft_skills,0.7320000000000001,0.148,0.17,0.5900000000000001,2,508
Hatem,Rekik,1.4,1.41,4.74,0.64,2A61,2.0475,3.352091666666667,teamwork,creativity,0.27999999999999997,0.282,0.9480000000000001,0.128,1,508
Siwar,Toumi,2.29,1.7,0.57,3.66,2P30,2.055,1.6541666666666668,creativity,teamwork,0.458,0.34,0.11399999999999999,0.7320000000000001,0,508
Tarek,Mabrouk,1.91,3.33,2.73,0.35,1A48,2.08,1.6689333333333334,soft_skills,creativity,0.382,0.666,0.546,0.06999999999999999,1,509
Khadija,Rekik,1.39,1.34,0.68,4.69,1A62,2.0250000000000004,3.2612333333333337,creativity,teamwork,0.27799999999999997,0.268,0.136,0.9380000000000002,0,509
Hela,Ferjani,2.51,1.91,3.52,0.35,5INFINI39,2.0725,1.760025,teamwork,creativity,0.502,0.382,0.7040000000000001,0.06999999999999999,1,509
Wafa,Sassi,3.03,2.35,0.26,2.61,5GAMIX38,2.0625,1.5224916666666664,hard_skills,teamwork,0.606,0.47000000000000003,0.052000000000000005,0.522,0,509
Ahmed,Ben Amor,1.74,1.98,3.35,1.23,3A88,2.075,0.8203000000000001,teamwork,creativity,0.34800000000000003,0.396,0.67,0.246,1,510
Wassim,Zouari,2.87,1.65,0.37,3.33,2A27,2.0549999999999997,1.7643666666666666,creativity,teamwork,0.5740000000000001,0.33,0.074,0.666,0,510
Oussama,Toumi,0.11,4.51,2.16,1.47,3B93,2.0625,3.3876916666666657,soft_skills,hard_skills,0.022000000000000002,0.902,0.43200000000000005,0.294,1,510
Hend,Ben Ali,4.33,1.33,1.27,1.32,5SIM57,2.0625,2.2858250000000004,hard_skills,teamwork,0.8660000000000001,0.266,0.254,0.264,2,510
Yasmine,Gharbi,0.09,3.35,1.91,2.94,1A43,2.0725,2.113758333333333,soft_skills,hard_skills,0.018,0.67,0.382,0.588,0,511
Ines,Makni,4.5,0.88,2.16,0.6,4SIM89,2.035,3.1616999999999997,hard_skills,creativity,0.9,0.17600000000000002,0.43200000000000005,0.12,2,511
Lobna,Chebbi,0.39,1.56,3.02,3.29,5SE100,2.0650000000000004,1.8244333333333334,creativity,hard_skills,0.07800000000000001,0.31200000000000006,0.6040000000000001,0.658,3,511
Leila,Abidi,3.65,3.52,0.07,1.02,1A23,2.065,3.2337666666666665,hard_skills,teamwork,0.73,0.7040000000000001,0.014000000000000002,0.20400000000000001,0,511
Bilel,Ayari,2.65,3.39,0.24,2.0,1A85,2.0700000000000003,1.8108666666666666,soft_skills,teamwork,0.53,0.678,0.048,0.4,0,512
Khadija,Saidi,0.06,1.44,4.44,2.21,2A75,2.0375,3.356425000000001,teamwork,hard_skills,0.012,0.288,0.8880000000000001,0.442,3,512
Anis,Nasri,3.83,1.69,0.91,1.81,1A16,2.06,1.5515999999999999,hard_skills,teamwork,0.766,0.338,0.18200000000000002,0.36200000000000004,2,512
Hatem,Chebbi,2.09,1.39,4.1,0.68,1A80,2.065,2.1718999999999995,teamwork,creativity,0.418,0.27799999999999997,0.82,0.136,1,512
Olfa,Rekik,1.61,3.02,1.84,1.81,2A63,2.07,0.4115333333333333,soft_skills,hard_skills,0.32200000000000006,0.6040000000000001,0.36800000000000005,0.36200000000000004,0,513
Hichem,Nasri,2.91,0.78,0.83,3.61,1A95,2.0325,2.091091666666667,creativity,soft_skills,0.5820000000000001,0.15600000000000003,0.166,0.722,2,513
Amel,Ghanouchi,0.3,3.11,4.67,0.06,5GAMIX38,2.035,5.003233333333333,teamwork,creativity,0.06,0.622,0.934,0.012,1,513
Khadija,Belkhir,3.07,2.03,1.28,1.85,4ARCTIC27,2.0575,0.5578249999999999,hard_skills,teamwork,0.614,0.40599999999999997,0.256,0.37000000000000005,2,513
Zied,Ferjani,1.0,3.38,3.03,0.85,2A32,2.065,1.7569666666666661,soft_skills,creativity,0.2,0.676,0.606,0.17,1,514
Ines,Kanzari,4.57,0.31,0.6,2.47,1A18,1.9874999999999998,3.8804250000000007,hard_skills,soft_skills,0.9140000000000001,0.062,0.12,0.49400000000000005,2,514
Mohamed,Zouari,0.05,1.98,3.21,2.98,5SAE59,2.055,2.071766666666667,teamwork,hard_skills,0.010000000000000002,0.396,0.642,0.596,3,514
Walid,Maaloul,3.75,2.84,1.58,0.08,1A82,2.0625,2.5384249999999997,hard_skills,creativity,0.75,0.568,0.31600000000000006,0.016,2,514
Olfa,Driss,1.15,4.68,0.55,1.86,1A62,2.06,3.3375333333333326,soft_skills,teamwork,0.22999999999999998,0.9359999999999999,0.11000000000000001,0.37200000000000005,0,515
Marwen,Chebbi,3.27,0.09,3.14,1.5,4SAE18,2.0,2.2702000000000004,hard_skills,soft_skills,0.654,0.018,0.6280000000000001,0.30000000000000004,2,515
Wided,Chouchene,0.69,1.63,2.79,3.13,5SLEAM19,2.0599999999999996,1.2465333333333335,creativity,hard_skills,0.13799999999999998,0.326,0.558,0.626,3,515
Adel,Sassi,3.53,1.49,1.82,1.34,5IOSYS7,2.045,1.0202999999999998,hard_skills,creativity,0.706,0.298,0.36400000000000005,0.268,2,515
Hela,Abidi,1.52,3.53,1.08,2.11,4ARCTIC87,2.06,1.1384666666666663,soft_skills,teamwork,0.30400000000000005,0.706,0.21600000000000003,0.422,0,516
Ismail,Hamdi,1.65,0.73,4.0,1.78,3A82,2.04,1.9257999999999997,teamwork,soft_skills,0.33,0.146,0.8,0.35600000000000004,3,516
Rania,Khemiri,3.59,3.89,0.08,0.56,2P19,2.0300000000000002,3.9522,soft_skills,teamwork,0.718,0.778,0.016,0.11200000000000002,0,516
Chaima,Trabelsi,0.35,1.95,4.27,1.64,2A6,2.0524999999999998,2.665491666666666,teamwork,hard_skills,0.06999999999999999,0.39,0.854,0.328,1,516
Hamza,Makni,2.58,2.17,2.4,1.08,2P30,2.0575,0.452825,hard_skills,creativity,0.516,0.434,0.48,0.21600000000000003,2,517
Karim,Makni,1.36,2.99,0.71,3.12,4NIDS26,2.045,1.433366666666667,creativity,teamwork,0.272,0.5980000000000001,0.142,0.6240000000000001,0,517
Fatma,Trabelsi,1.31,1.66,4.31,0.92,2A71,2.05,2.3613999999999993,teamwork,creativity,0.262,0.332,0.862,0.18400000000000002,1,517
Hela,Mabrouk,2.92,1.05,0.84,3.27,5GAMIX42,2.02,1.5686,creativity,teamwork,0.584,0.21000000000000002,0.168,0.654,2,517
Oussama,Ben Ali,1.46,3.07,3.41,0.28,1A18,2.0549999999999997,2.1236333333333333,teamwork,creativity,0.292,0.614,0.682,0.05600000000000001,1,518
Foued,Khemiri,1.83,0.19,0.67,4.92,2A61,1.9024999999999999,4.520758333333333,creativity,soft_skills,0.36600000000000005,0.038000000000000006,0.134,0.984,3,518
Eya,Miled,2.67,2.61,2.58,0.34,3A69,2.05,1.301,hard_skills,creativity,0.534,0.522,0.516,0.068,1,518
Sami,Belkhir,1.02,4.97,0.34,1.86,3B81,2.0475,4.1824916666666665,soft_skills,teamwork,0.20400000000000001,0.994,0.068,0.37200000000000005,0,518
Haythem,Driss,2.82,2.59,2.24,0.55,4NIDS26,2.0500000000000003,1.0568666666666666,hard_skills,creativity,0.564,0.518,0.44800000000000006,0.11000000000000001,1,519
Nizar,Haddad,0.95,1.46,0.87,4.64,5SIM57,1.98,3.2129999999999996,creativity,teamwork,0.19,0.292,0.17400000000000002,0.9279999999999999,0,519
Oumaima,Mansour,0.22,2.98,4.45,0.54,4BI6,2.0475000000000003,4.084625,teamwork,hard_skills,0.044000000000000004,0.596,0.8900000000000001,0.10800000000000001,1,519
Adel,Cherif,3.82,2.05,0.38,1.82,2A99,2.0174999999999996,1.9901583333333335,hard_skills,teamwork,0.764,0.41,0.07600000000000001,0.36400000000000005,2,519
Foued,Abidi,1.47,1.61,3.03,2.08,1A64,2.0475,0.4970916666666665,teamwork,hard_skills,0.294,0.32200000000000006,0.606,0.41600000000000004,2,520
Bilel,Belkhir,2.78,2.72,0.48,2.15,3B49,2.0325,1.1518249999999999,hard_skills,teamwork,0.5559999999999999,0.544,0.096,0.43,0,520
Fatma,Chebbi,0.75,2.05,4.82,0.45,3B96,2.0175,3.9728916666666674,teamwork,creativity,0.15000000000000002,0.41,0.9640000000000001,0.09000000000000001,1,520
Lina,Turki,2.12,3.28,0.18,2.52,2A4,2.025,1.7443666666666664,soft_skills,teamwork,0.42400000000000004,0.656,0.036,0.504,0,520
Meriem,Zayani,0.57,4.59,0.8,2.21,5NIDS35,2.0425,3.4099583333333334,soft_skills,hard_skills,0.11399999999999999,0.918,0.16000000000000003,0.442,0,521
Leila,Lahmar,4.6,0.6,2.65,0.15,3B67,2.0,4.188333333333333,hard_skills,creativity,0.9199999999999999,0.12,0.53,0.03,2,521
Ismail,Ghanouchi,0.33,0.91,2.39,4.29,3B23,1.98,3.1238666666666663,creativity,hard_skills,0.066,0.18200000000000002,0.47800000000000004,0.8580000000000001,3,521
Lobna,Karoui,2.99,1.62,1.57,1.98,2A99,2.04,0.4344666666666668,hard_skills,teamwork,0.5980000000000001,0.32400000000000007,0.31400000000000006,0.396,2,521
Bechir,Khlifi,2.03,1.86,2.19,2.09,3B12,2.0425,0.019158333333333315,teamwork,soft_skills,0.40599999999999997,0.37200000000000005,0.438,0.418,2,522
Mehdi,Slimani,0.99,4.1,1.6,1.48,5GAMIX57,2.0425,1.9510916666666658,soft_skills,hard_skills,0.198,0.82,0.32000000000000006,0.296,1,522
Youssef,Fourati,4.06,0.54,1.37,2.03,3B84,2.0,2.257666666666666,hard_skills,soft_skills,0.8119999999999999,0.10800000000000001,0.274,0.40599999999999997,2,522
Marwen,Belkhir,0.79,2.65,1.68,3.03,5GAMIX38,2.0375,1.0147583333333332,creativity,hard_skills,0.15800000000000003,0.53,0.336,0.606,0,522
Zied,Ammar,0.27,4.78,1.74,1.34,5NIDS35,2.0325,3.740091666666667,soft_skills,hard_skills,0.054000000000000006,0.9560000000000001,0.34800000000000003,0.268,1,523
Chaima,Jlassi,4.8,0.42,0.82,1.88,3A70,1.98,3.913866666666667,hard_skills,soft_skills,0.96,0.084,0.164,0.376,2,523
Hiba,Nasri,0.09,0.3,4.18,3.28,1A10,1.9625,4.307758333333332,teamwork,hard_skills,0.018,0.06,0.836,0.656,3,523
Olfa,Khlifi,2.62,3.58,1.38,0.55,5SIM57,2.0325,1.7878250000000004,soft_skills,creativity,0.524,0.7160000000000001,0.27599999999999997,0.11000000000000001,1,523
Wided,Haddad,0.78,4.66,1.96,0.73,5NIDS35,2.0325,3.3914250000000004,soft_skills,creativity,0.15600000000000003,0.932,0.392,0.146,1,524
Fares,Chebbi,3.1,0.17,1.57,3.13,2P30,1.9925,2.006825,creativity,soft_skills,0.6200000000000001,0.034,0.31400000000000006,0.626,2,524
Ahmed,Chaabane,2.84,0.56,3.54,1.1,3B23,2.01,1.9868,teamwork,soft_skills,0.568,0.11200000000000002,0.7080000000000001,0.22000000000000003,2,524
Aymen,Ben Amor,0.86,3.15,1.74,2.37,3A19,2.0300000000000002,0.9410000000000002,soft_skills,hard_skills,0.17200000000000001,0.63,0.34800000000000003,0.47400000000000003,0,524
Skander,Jaziri,2.61,3.47,1.3,0.74,4SAE18,2.03,1.535666666666667,soft_skills,creativity,0.522,0.6940000000000001,0.26,0.148,1,525
Foued,Mejri,0.52,0.34,2.75,4.23,1A85,1.9600000000000002,3.491666666666667,creativity,soft_skills,0.10400000000000001,0.068,0.55,0.8460000000000001,3,525
Hela,Mansour,2.14,4.47,1.18,0.32,2A49,2.0275,3.2040916666666663,soft_skills,creativity,0.42800000000000005,0.894,0.236,0.064,1,525
Nour,Abidi,1.43,0.96,4.55,1.09,2P30,2.0075,2.9122916666666665,teamwork,soft_skills,0.286,0.192,0.91,0.21800000000000003,1,525
Manel,Khemiri,2.89,3.21,0.63,1.38,2A75,2.0275,1.5048250000000003,soft_skills,teamwork,0.5780000000000001,0.642,0.126,0.27599999999999997,0,526
Meriem,Cherif,0.74,0.34,4.31,2.49,1A16,1.97,3.3052666666666664,teamwork,soft_skills,0.148,0.068,0.862,0.49800000000000005,3,526
Bilel,Baccouche,1.89,3.78,0.35,2.06,2P82,2.02,1.968333333333333,soft_skills,teamwork,0.378,0.756,0.06999999999999999,0.41200000000000003,0,526
Omar,Nasri,1.55,1.1,2.59,2.8,5NIDS35,2.01,0.6667333333333332,creativity,soft_skills,0.31000000000000005,0.22000000000000003,0.518,0.5599999999999999,2,526
Bechir,Saidi,0.91,2.94,1.67,2.55,5SAE33,2.0175,0.8272916666666664,soft_skills,hard_skills,0.18200000000000002,0.588,0.334,0.51,0,527
Nour,Khlifi,3.44,1.08,3.3,0.12,3A73,1.9849999999999999,2.7144999999999997,hard_skills,creativity,0.6880000000000001,0.21600000000000003,0.66,0.024,2,527
Lobna,Kanzari,1.39,1.42,1.23,4.01,3B49,2.0124999999999997,1.7802916666666666,creativity,teamwork,0.27799999999999997,0.284,0.246,0.802,0,527
Nabil,Hamdi,0.96,4.24,2.52,0.32,2A73,2.0100000000000002,3.063866666666667,soft_skills,creativity,0.192,0.8480000000000001,0.504,0.064,1,527
Hiba,Makni,2.97,2.27,1.47,1.34,1A48,2.0125,0.5765583333333334,hard_skills,creativity,0.5940000000000001,0.454,0.294,0.268,2,528
Salma,Haddad,0.04,1.19,3.1,3.52,2A63,1.9625,2.6708250000000002,creativity,hard_skills,0.008,0.238,0.6200000000000001,0.7040000000000001,3,528
Sonia,Trabelsi,2.71,4.11,1.02,0.15,4TWIN23,1.9975,3.1130250000000004,soft_skills,creativity,0.542,0.8220000000000001,0.20400000000000001,0.03,1,528
Oussama,Gharbi,2.33,0.26,1.86,3.49,3A10,1.985,1.791766666666667,creativity,soft_skills,0.466,0.052000000000000005,0.37200000000000005,0.6980000000000001,2,528
Leila,Jlassi,2.66,1.59,0.72,3.07,4SAE18,2.01,1.1288666666666667,creativity,teamwork,0.532,0.31800000000000006,0.144,0.614,2,529
Siwar,Guettari,0.61,2.93,4.18,0.31,5GAMIX42,2.0075,3.468425,teamwork,creativity,0.122,0.5860000000000001,0.836,0.062,1,529
Ahmed,Ferjani,3.11,0.74,0.99,3.13,5TWIN79,1.9925,1.7054916666666664,creativity,soft_skills,0.622,0.148,0.198,0.626,2,529
Olfa,Fourati,0.93,4.7,0.69,1.68,3A97,2.0,3.4178,soft_skills,teamwork,0.18600000000000003,0.9400000000000001,0.13799999999999998,0.336,0,529
Farah,Zayani,2.08,1.72,3.39,0.84,5GAMIX79,2.0075,1.1207583333333335,teamwork,creativity,0.41600000000000004,0.34400000000000003,0.678,0.168,1,530
Oumaima,Chouchene,0.97,4.21,0.01,2.8,4ARCTIC87,1.9974999999999998,3.515025,soft_skills,teamwork,0.194,0.8420000000000001,0.002,0.5599999999999999,0,530
Ismail,Ammar,3.66,0.91,2.36,1.05,1A48,1.9949999999999999,1.658566666666667,hard_skills,soft_skills,0.7320000000000001,0.18200000000000002,0.472,0.21000000000000002,2,530
Rania,Fourati,1.81,1.51,0.6,4.03,2A99,1.9875000000000003,2.118825,creativity,teamwork,0.36200000000000004,0.30200000000000005,0.12,0.806,0,530
Chokri,Zayani,1.25,2.86,1.06,2.85,3B42,2.005,0.9693666666666667,soft_skills,teamwork,0.25,0.572,0.21200000000000002,0.5700000000000001,0,531
Haythem,Mejri,3.93,0.76,2.76,0.39,3A75,1.96,2.8086,hard_skills,creativity,0.786,0.15200000000000002,0.5519999999999999,0.07800000000000001,2,531
Ghada,Miled,0.03,3.01,2.68,2.29,3A97,2.0025,1.815825,soft_skills,hard_skills,0.006,0.602,0.536,0.458,1,531
Amina,Miled,2.62,0.69,1.67,2.99,3B4,1.9925000000000002,1.063091666666667,creativity,soft_skills,0.524,0.13799999999999998,0.334,0.5980000000000001,2,531
Oumaima,Mabrouk,3.33,1.38,2.54,0.75,1A13,2.0,1.3358,hard_skills,creativity,0.666,0.27599999999999997,0.508,0.15000000000000002,2,532
Leila,Rekik,0.16,4.03,0.35,3.38,5INFINI39,1.98,4.043933333333333,soft_skills,hard_skills,0.032,0.806,0.06999999999999999,0.676,0,532
Rania,Slimani,2.73,0.67,3.21,1.31,5INFINI39,1.98,1.4134666666666666,teamwork,soft_skills,0.546,0.134,0.642,0.262,2,532
Mourad,Khlifi,1.84,0.98,2.82,2.36,5SAE33,2.0,0.6226666666666666,teamwork,soft_skills,0.36800000000000005,0.196,0.564,0.472,2,532
Ahmed,Saidi,2.53,3.91,0.45,1.11,2A61,2.0,2.3745333333333334,soft_skills,teamwork,0.506,0.782,0.09000000000000001,0.22200000000000003,0,533
Youssef,Belkhir,1.1,0.3,4.43,2.03,2A4,1.9649999999999999,3.200299999999999,teamwork,soft_skills,0.22000000000000003,0.06,0.886,0.40599999999999997,3,533
Wafa,Ammar,1.84,1.53,0.41,4.13,1A90,1.9775,2.4364916666666665,creativity,teamwork,0.36800000000000005,0.30600000000000005,0.082,0.8260000000000001,0,533
Bechir,Jebali,1.81,3.99,2.17,0.01,4ARCTIC87,1.995,2.6617,soft_skills,creativity,0.36200000000000004,0.798,0.434,0.002,1,533
Omar,Jlassi,1.2,2.71,3.35,0.73,3B81,1.9975,1.5264916666666668,teamwork,creativity,0.24,0.542,0.67,0.146,1,534
Lina,Karoui,4.65,0.28,0.62,2.3,3B67,1.9625000000000001,3.989891666666667,hard_skills,soft_skills,0.9300000000000002,0.05600000000000001,0.124,0.45999999999999996,2,534
Amine,Makni,0.17,2.84,0.45,4.39,5ARCTIC86,1.9625,4.054491666666666,creativity,hard_skills,0.034,0.568,0.09000000000000001,0.878,0,534
Sofiene,Mejri,0.73,3.03,3.78,0.42,5TWIN79,1.9899999999999998,2.7793999999999994,teamwork,creativity,0.146,0.606,0.756,0.084,1,534
Fethi,Chouchene,1.86,2.85,0.9,2.37,1A48,1.995,0.6963000000000003,soft_skills,teamwork,0.37200000000000005,0.5700000000000001,0.18000000000000002,0.47400000000000003,0,535
Bilel,Mabrouk,3.21,0.61,3.14,0.94,4SAE18,1.975,1.9389666666666667,hard_skills,soft_skills,0.642,0.122,0.6280000000000001,0.188,2,535
Amine,Ben Salah,0.57,2.59,0.59,4.15,2A98,1.975,3.000366666666667,creativity,hard_skills,0.11399999999999999,0.518,0.118,0.8300000000000001,0,535
Ismail,Zouari,1.73,2.6,3.53,0.1,2A6,1.9899999999999998,2.1277999999999997,teamwork,creativity,0.34600000000000003,0.52,0.706,0.020000000000000004,1,535
Lina,Saidi,1.29,3.52,1.01,2.15,1A16,1.9925000000000002,1.2722916666666666,soft_skills,teamwork,0.258,0.7040000000000001,0.202,0.43,0,536
Skander,Chebbi,2.13,0.08,3.72,1.89,5TWIN27,1.9549999999999998,2.2219,teamwork,soft_skills,0.426,0.016,0.7440000000000001,0.378,2,536
Sonia,Guettari,1.43,4.65,0.65,1.24,1A39,1.9925000000000002,3.249091666666667,soft_skills,teamwork,0.286,0.9300000000000002,0.13,0.248,0,536
Hatem,Baccouche,2.78,0.98,1.66,2.55,4NIDS26,1.9925,0.6888916666666666,hard_skills,soft_skills,0.5559999999999999,0.196,0.332,0.51,2,536
Rami,Mabrouk,3.11,2.79,1.97,0.1,1A55,1.9925,1.8222916666666664,hard_skills,creativity,0.622,0.558,0.394,0.020000000000000004,1,537
Bilel,Ferjani,0.27,0.55,2.1,4.72,1A16,1.91,4.1571333333333325,creativity,hard_skills,0.054000000000000006,0.11000000000000001,0.42000000000000004,0.944,3,537
Meriem,Zouari,1.56,4.85,1.53,0.02,2A77,1.99,4.152333333333333,soft_skills,creativity,0.31200000000000006,0.97,0.30600000000000005,0.004,1,537
Sofiene,Jaziri,2.58,0.05,1.66,3.5,1A7,1.9475,2.1644916666666667,creativity,soft_skills,0.516,0.010000000000000002,0.332,0.7000000000000001,2,537
Amine,Sassi,1.12,3.58,0.76,2.5,3B12,1.99,1.686,soft_skills,teamwork,0.22400000000000003,0.7160000000000001,0.15200000000000002,0.5,0,538
Rim,Abidi,2.68,0.02,4.56,0.27,1A77,1.8824999999999998,4.624691666666666,teamwork,soft_skills,0.536,0.004,0.9119999999999999,0.054000000000000006,2,538
Ali,Driss,2.26,2.61,0.33,2.75,3A97,1.9874999999999998,1.2634916666666665,creativity,teamwork,0.45199999999999996,0.522,0.066,0.55,0,538
Nour,Toumi,1.26,3.04,0.92,2.72,2P21,1.9849999999999999,1.1043666666666667,soft_skills,teamwork,0.252,0.6080000000000001,0.18400000000000002,0.544,0,538
Zaineb,Chebbi,0.78,3.98,1.22,1.96,4SAE18,1.9849999999999999,2.0059666666666667,soft_skills,hard_skills,0.15600000000000003,0.796,0.244,0.392,0,539
Lobna,Gharbi,4.17,0.23,2.09,1.16,3B60,1.9125,2.841625,hard_skills,soft_skills,0.8340000000000001,0.046000000000000006,0.418,0.23199999999999998,2,539
Rania,Toumi,0.3,1.14,3.71,2.72,5SIM57,1.9675000000000002,2.3559583333333336,teamwork,hard_skills,0.06,0.22799999999999998,0.742,0.544,3,539
Walid,Saidi,4.24,1.59,0.59,1.52,2A35,1.9849999999999999,2.4677666666666673,hard_skills,teamwork,0.8480000000000001,0.31800000000000006,0.118,0.30400000000000005,2,539
Ismail,Fourati,2.26,2.87,1.98,0.82,4TWIN23,1.9825,0.7386916666666669,soft_skills,creativity,0.45199999999999996,0.5740000000000001,0.396,0.164,1,540
Bilel,Driss,1.12,0.16,2.12,4.33,5SE32,1.9325,3.195025,creativity,soft_skills,0.22400000000000003,0.032,0.42400000000000004,0.8660000000000001,3,540
Sabrine,Chebbi,1.88,4.85,1.01,0.19,4IOSYS40,1.9825,4.130624999999999,soft_skills,creativity,0.376,0.97,0.202,0.038000000000000006,1,540
Ghassen,Chebbi,1.67,0.06,3.44,2.59,2A98,1.94,2.0932666666666666,teamwork,soft_skills,0.334,0.012,0.6880000000000001,0.518,3,540
Foued,Guettari,3.2,2.84,1.24,0.64,2A32,1.98,1.5237333333333334,hard_skills,creativity,0.6400000000000001,0.568,0.248,0.128,2,541
Manel,Kanzari,0.05,0.67,4.41,2.58,3B60,1.9275,3.898291666666667,teamwork,hard_skills,0.010000000000000002,0.134,0.8820000000000001,0.516,3,541
Bilel,Miled,3.9,1.37,0.17,2.47,3B85,1.9775,2.5248916666666665,hard_skills,teamwork,0.78,0.274,0.034,0.49400000000000005,2,541
Walid,Ayari,0.16,4.37,2.34,0.95,5TWIN27,1.955,3.404166666666667,soft_skills,hard_skills,0.032,0.8740000000000001,0.46799999999999997,0.19,1,541
Haythem,Nasri,2.02,4.03,1.79,0.06,3B85,1.975,2.6421666666666668,soft_skills,creativity,0.404,0.806,0.35800000000000004,0.012,1,542
Amine,Maaloul,1.97,0.02,1.17,4.53,2A77,1.9225,3.6623583333333336,creativity,soft_skills,0.394,0.004,0.23399999999999999,0.9060000000000001,3,542
Emna,Zayani,2.38,1.6,3.86,0.02,1A62,1.9649999999999999,2.559833333333333,teamwork,creativity,0.476,0.32000000000000006,0.772,0.004,1,542
Khalil,Mansour,0.42,2.86,0.68,3.82,1A1,1.9449999999999998,2.7595666666666663,creativity,hard_skills,0.084,0.572,0.136,0.764,0,542
Wided,Mansour,2.08,1.56,1.35,2.91,2P36,1.975,0.4827000000000001,creativity,teamwork,0.41600000000000004,0.31200000000000006,0.27,0.5820000000000001,2,543
Lotfi,Toumi,0.29,3.47,3.83,0.23,5GAMIX42,1.955,3.8529000000000004,teamwork,creativity,0.057999999999999996,0.6940000000000001,0.766,0.046000000000000006,1,543
Anis,Zouari,4.58,1.28,0.13,1.82,2A25,1.9525000000000001,3.5650250000000003,hard_skills,teamwork,0.916,0.256,0.026000000000000002,0.36400000000000005,2,543
Fares,Mejri,0.89,1.79,2.39,2.79,2A35,1.965,0.6825000000000001,creativity,hard_skills,0.17800000000000002,0.35800000000000004,0.47800000000000004,0.558,2,543
Oumaima,Kanzari,2.92,2.07,2.66,0.24,2A6,1.9725000000000001,1.4604916666666667,hard_skills,creativity,0.584,0.414,0.532,0.048,1,544
Wided,Karoui,0.67,1.72,0.61,4.73,4SIM62,1.9325,3.738025000000001,creativity,teamwork,0.134,0.34400000000000003,0.122,0.9460000000000002,0,544
Mariem,Sassi,4.5,1.71,1.57,0.06,1A95,1.96,3.4254,hard_skills,creativity,0.9,0.342,0.31400000000000006,0.012,2,544
Nabil,Khemiri,0.66,3.41,2.8,1.01,2A75,1.97,1.8000666666666667,soft_skills,hard_skills,0.132,0.682,0.5599999999999999,0.202,1,544
Iheb,Hamdi,2.89,1.64,2.45,0.9,3A19,1.9700000000000002,0.7768666666666668,hard_skills,creativity,0.5780000000000001,0.328,0.49000000000000005,0.18000000000000002,2,545
Oussama,Fourati,0.41,4.49,0.21,2.69,5INFINI39,1.9500000000000002,4.1328000000000005,soft_skills,teamwork,0.082,0.8980000000000001,0.042,0.538,0,545
Ahmed,Trabelsi,2.49,0.34,2.99,1.95,4SAE18,1.9425000000000001,1.321691666666667,teamwork,soft_skills,0.49800000000000005,0.068,0.5980000000000001,0.39,2,545
Sami,Chaabane,2.38,1.38,2.92,1.2,4SAE18,1.97,0.6705333333333332,teamwork,creativity,0.476,0.27599999999999997,0.584,0.24,2,545
Youssef,Ghanouchi,1.53,3.42,1.23,1.7,1A1,1.97,0.9722000000000001,soft_skills,teamwork,0.30600000000000005,0.684,0.246,0.34,0,546
Ahmed,Miled,2.57,0.65,3.41,1.16,1A95,1.9475,1.610025,teamwork,soft_skills,0.514,0.13,0.682,0.23199999999999998,2,546
Lina,Bouazizi,0.47,1.41,1.3,4.55,2P19,1.9324999999999999,3.2210916666666662,creativity,hard_skills,0.094,0.282,0.26,0.91,3,546
Mourad,Ferjani,4.68,1.34,1.42,0.39,3B11,1.9574999999999998,3.5130916666666665,hard_skills,creativity,0.9359999999999999,0.268,0.284,0.07800000000000001,2,546
Emna,Hamdi,2.72,1.41,1.86,1.87,5SAE33,1.965,0.2993666666666668,hard_skills,soft_skills,0.544,0.282,0.37200000000000005,0.37400000000000005,2,547
Foued,Ghanouchi,0.07,4.53,3.16,0.0,1A43,1.9400000000000002,5.152333333333334,soft_skills,creativity,0.014000000000000002,0.9060000000000001,0.6320000000000001,0.0,1,547
Foued,Lahmar,2.99,0.42,0.2,3.98,1A23,1.8975,3.5316250000000005,creativity,teamwork,0.5980000000000001,0.084,0.04000000000000001,0.796,2,547
Foued,Makni,2.58,1.73,2.98,0.55,4SAE18,1.9600000000000002,1.1552666666666667,teamwork,creativity,0.516,0.34600000000000003,0.596,0.11000000000000001,2,547
Mariem,Kanzari,3.58,2.95,0.93,0.4,1A23,1.965,2.3663000000000003,hard_skills,creativity,0.7160000000000001,0.5900000000000001,0.18600000000000003,0.08000000000000002,2,548
Zaineb,Turki,0.0,0.16,4.53,2.74,5SLEAM43,1.8575000000000002,4.750958333333335,teamwork,hard_skills,0.0,0.032,0.9060000000000001,0.548,3,548
Asma,Ben Ali,4.17,1.04,0.31,2.28,2A6,1.9499999999999997,2.8516666666666666,hard_skills,teamwork,0.8340000000000001,0.20800000000000002,0.062,0.45599999999999996,2,548
Eya,Toumi,0.69,3.46,1.2,2.42,4NIDS26,1.9425000000000001,1.550291666666667,soft_skills,hard_skills,0.13799999999999998,0.6920000000000001,0.24,0.484,0,548
Bechir,Chebbi,2.64,1.61,1.21,2.39,1A62,1.9625,0.4440916666666667,hard_skills,teamwork,0.528,0.32200000000000006,0.242,0.47800000000000004,2,549
Chaima,Turki,0.33,1.02,4.75,1.66,2A89,1.94,3.8043333333333336,teamwork,hard_skills,0.066,0.20400000000000001,0.9500000000000001,0.332,3,549
Mourad,Chebbi,3.57,2.41,0.21,1.55,2A77,1.935,2.007566666666667,hard_skills,teamwork,0.714,0.48200000000000004,0.042,0.31000000000000005,2,549
Marwen,Bouazizi,1.11,3.38,0.83,2.46,1A39,1.945,1.4216333333333333,soft_skills,teamwork,0.22200000000000003,0.676,0.166,0.492,0,549
Bilel,Mansour,3.19,2.2,1.33,1.12,1A80,1.9600000000000002,0.8909999999999999,hard_skills,creativity,0.638,0.44000000000000006,0.266,0.22400000000000003,2,550
Nadia,Chebbi,0.76,1.14,3.52,2.32,3B96,1.935,1.5577000000000003,teamwork,hard_skills,0.15200000000000002,0.22799999999999998,0.7040000000000001,0.46399999999999997,3,550
Nizar,Chaabane,2.62,3.23,0.39,1.51,2P36,1.9374999999999998,1.571291666666667,soft_skills,teamwork,0.524,0.646,0.07800000000000001,0.30200000000000005,0,550
Cyrine,Zouari,1.58,1.34,1.41,3.48,3A19,1.9525000000000001,1.0471583333333332,creativity,soft_skills,0.31600000000000006,0.268,0.282,0.6960000000000001,2,550
Iheb,Toumi,0.87,2.69,3.24,1.03,5SAE2,1.9575000000000002,1.4080916666666667,teamwork,hard_skills,0.17400000000000002,0.538,0.6480000000000001,0.20600000000000002,1,551
Rami,Ammar,4.7,0.75,0.43,1.81,2A58,1.9224999999999999,3.776491666666667,hard_skills,teamwork,0.9400000000000001,0.15000000000000002,0.08600000000000001,0.36200000000000004,2,551
Amina,Chouchene,0.73,2.21,2.45,2.43,2A73,1.955,0.6787666666666667,teamwork,hard_skills,0.146,0.442,0.49000000000000005,0.48600000000000004,2,551
Mariem,Chouchene,1.82,2.27,1.1,2.6,2A31,1.9474999999999998,0.421425,creativity,teamwork,0.36400000000000005,0.454,0.22000000000000003,0.52,2,551
Lobna,Chouchene,1.27,3.06,2.1,1.37,4IOSYS40,1.95,0.6844666666666667,soft_skills,hard_skills,0.254,0.6120000000000001,0.42000000000000004,0.274,1,552
Fatma,Kanzari,3.77,0.25,1.12,2.56,3B81,1.9249999999999998,2.4202999999999997,hard_skills,soft_skills,0.754,0.05,0.22400000000000003,0.512,2,552
Amine,Mansour,0.0,2.89,3.39,1.45,2A75,1.9325,2.3361583333333336,teamwork,hard_skills,0.0,0.5780000000000001,0.678,0.29,1,552
Wided,Belkhir,4.45,1.88,1.02,0.42,1A82,1.9425,3.153491666666667,hard_skills,creativity,0.8900000000000001,0.376,0.20400000000000001,0.084,2,552
Chokri,Ghanouchi,3.16,2.81,1.65,0.15,5ARCTIC86,1.9425000000000003,1.844491666666667,hard_skills,creativity,0.6320000000000001,0.562,0.33,0.03,2,553
Oumaima,Turki,0.99,1.32,0.61,4.71,3A73,1.9075,3.5748250000000006,creativity,teamwork,0.198,0.264,0.122,0.9420000000000001,0,553
Oumaima,Ben Ali,2.22,0.74,4.4,0.36,1A74,1.9300000000000002,3.355333333333334,teamwork,creativity,0.44400000000000006,0.148,0.8800000000000001,0.072,1,553
Mehdi,Fourati,1.87,3.31,1.08,1.5,3B42,1.94,0.9383333333333334,soft_skills,teamwork,0.37400000000000005,0.662,0.21600000000000003,0.30000000000000004,0,553
Zied,Rekik,2.67,0.66,3.08,1.36,5TWIN2,1.9425000000000001,1.2690916666666665,teamwork,soft_skills,0.534,0.132,0.6160000000000001,0.272,2,554
Fethi,Abidi,1.04,4.81,0.65,1.05,5TWIN79,1.8875,3.8306916666666653,soft_skills,teamwork,0.20800000000000002,0.962,0.13,0.21000000000000002,0,554
Ismail,Jaziri,1.93,0.31,1.77,3.6,1A92,1.9024999999999999,1.8119583333333331,creativity,soft_skills,0.386,0.062,0.35400000000000004,0.7200000000000001,2,554
Mourad,Driss,1.01,2.13,3.97,0.65,2A98,1.94,2.228666666666667,teamwork,creativity,0.202,0.426,0.794,0.13,1,554
Zied,Khemiri,0.61,1.5,3.29,2.33,5SLEAM43,1.9325,1.3122916666666669,teamwork,hard_skills,0.122,0.30000000000000004,0.658,0.466,3,555
Cyrine,Ayari,4.85,1.75,0.56,0.36,2A61,1.8800000000000001,4.2968666666666655,hard_skills,creativity,0.97,0.35000000000000003,0.11200000000000002,0.072,2,555
Lotfi,Baccouche,0.39,1.29,1.65,4.26,5ARCTIC86,1.8975,2.761424999999999,creativity,hard_skills,0.07800000000000001,0.258,0.33,0.852,3,555
Amina,Turki,1.84,4.77,1.0,0.04,2A6,1.9124999999999999,4.169825,soft_skills,creativity,0.36800000000000005,0.954,0.2,0.008,1,555
Asma,Chouchene,1.97,1.15,3.62,0.99,2A89,1.9325,1.4498916666666668,teamwork,creativity,0.394,0.22999999999999998,0.7240000000000001,0.198,2,556
Sonia,Ayari,2.03,3.4,0.43,1.85,2A75,1.9274999999999998,1.475758333333333,soft_skills,teamwork,0.40599999999999997,0.68,0.08600000000000001,0.37000000000000005,0,556
Chaima,Zouari,2.27,1.11,1.21,3.09,2A61,1.92,0.8838666666666665,creativity,soft_skills,0.454,0.22200000000000003,0.242,0.618,2,556
Khadija,Driss,0.14,2.21,4.45,0.87,2A32,1.9175000000000002,3.585291666666667,teamwork,hard_skills,0.028000000000000004,0.442,0.8900000000000001,0.17400000000000002,1,556
Asma,Zouari,2.23,0.49,3.27,1.73,1A18,1.9300000000000002,1.3330666666666666,teamwork,soft_skills,0.446,0.098,0.654,0.34600000000000003,2,557
Wafa,Baccouche,1.13,4.01,0.67,1.81,1A85,1.9049999999999998,2.188633333333333,soft_skills,teamwork,0.22599999999999998,0.802,0.134,0.36200000000000004,0,557
Dorra,Ammar,3.11,1.85,0.31,2.45,2A25,1.93,1.4311999999999998,hard_skills,teamwork,0.622,0.37000000000000005,0.062,0.49000000000000005,2,557
Khalil,Jebali,1.06,0.56,4.14,1.88,1A43,1.91,2.5062666666666655,teamwork,soft_skills,0.21200000000000002,0.11200000000000002,0.828,0.376,3,557
Hend,Jebali,1.63,2.6,3.04,0.45,5SE99,1.9300000000000002,1.320466666666667,teamwork,creativity,0.326,0.52,0.6080000000000001,0.09000000000000001,1,558
Ghada,Abidi,3.45,0.15,0.36,3.54,4ARCTIC87,1.875,3.5079000000000007,creativity,soft_skills,0.6900000000000001,0.03,0.072,0.7080000000000001,2,558
Bechir,Chaabane,0.44,3.4,3.49,0.34,1A16,1.9175,3.114025,teamwork,creativity,0.08800000000000001,0.68,0.6980000000000001,0.068,1,558
Hamza,Slimani,2.01,2.27,0.47,2.88,2A99,1.9074999999999998,1.0513583333333332,creativity,teamwork,0.40199999999999997,0.454,0.094,0.576,0,558
Sarra,Zouari,1.54,2.84,1.77,1.56,4SAE18,1.9275000000000002,0.3808916666666666,soft_skills,hard_skills,0.30800000000000005,0.568,0.35400000000000004,0.31200000000000006,2,559
Anis,Slimani,2.03,0.58,3.24,1.84,1A82,1.9224999999999999,1.1854916666666668,teamwork,soft_skills,0.40599999999999997,0.11599999999999999,0.6480000000000001,0.36800000000000005,2,559
Aymen,Ben Ali,0.55,4.19,1.44,1.5,2A58,1.92,2.4788666666666677,soft_skills,hard_skills,0.11000000000000001,0.8380000000000001,0.288,0.30000000000000004,0,559
Mohamed,Slimani,3.6,0.85,1.58,1.63,4SAE18,1.915,1.3889666666666667,hard_skills,soft_skills,0.7200000000000001,0.17,0.31600000000000006,0.326,2,559
Ines,Maaloul,2.64,0.61,3.09,1.32,1A95,1.915,1.3211000000000002,teamwork,soft_skills,0.528,0.122,0.618,0.264,2,560
Rim,Chebbi,1.59,4.28,0.63,1.07,1A80,1.8925,2.687358333333334,soft_skills,teamwork,0.31800000000000006,0.8560000000000001,0.126,0.21400000000000002,0,560
Manel,Nasri,0.9,1.57,1.09,4.02,2A75,1.895,2.0864333333333325,creativity,hard_skills,0.18000000000000002,0.31400000000000006,0.21800000000000003,0.8039999999999999,0,560
Yasmine,Chouchene,2.59,1.11,3.79,0.08,1A74,1.8925,2.6614916666666666,teamwork,creativity,0.518,0.22200000000000003,0.758,0.016,1,560
Youssef,Kanzari,0.76,1.75,3.47,1.67,2A75,1.9125,1.2797583333333336,teamwork,hard_skills,0.15200000000000002,0.35000000000000003,0.6940000000000001,0.334,1,561
Rym,Sassi,4.31,1.11,0.07,1.95,3B93,1.86,3.2590666666666657,hard_skills,teamwork,0.862,0.22200000000000003,0.014000000000000002,0.39,2,561
Wassim,Belkhir,0.76,4.75,1.87,0.22,5TWIN27,1.9,4.0818,soft_skills,creativity,0.15200000000000002,0.9500000000000001,0.37400000000000005,0.044000000000000004,1,561
Bilel,Bouazizi,1.79,0.84,1.97,3.03,2A77,1.9074999999999998,0.8057583333333334,creativity,soft_skills,0.35800000000000004,0.168,0.394,0.606,2,561
Mourad,Ben Salah,0.72,1.57,2.41,2.91,2A63,1.9025,0.9271583333333334,creativity,hard_skills,0.144,0.31400000000000006,0.48200000000000004,0.5820000000000001,2,562
Fethi,Jebali,4.84,0.96,1.41,0.33,2A75,1.885,4.077100000000001,hard_skills,creativity,0.968,0.192,0.282,0.066,2,562
Youssef,Khemiri,0.58,2.21,0.71,4.06,3B60,1.89,2.6399333333333335,creativity,hard_skills,0.11599999999999999,0.442,0.142,0.8119999999999999,0,562
Chokri,Abidi,0.32,2.3,3.88,1.04,3B67,1.885,2.4384999999999994,teamwork,hard_skills,0.064,0.45999999999999996,0.776,0.20800000000000002,1,562
Mohamed,Mansour,1.58,2.63,0.96,2.44,4TWIN23,1.9024999999999999,0.6034916666666666,soft_skills,teamwork,0.31600000000000006,0.526,0.192,0.488,0,563
Mourad,Baccouche,2.77,0.74,3.6,0.44,2P30,1.8875,2.374491666666667,teamwork,creativity,0.554,0.148,0.7200000000000001,0.08800000000000001,2,563
Sami,Haddad,0.22,2.13,0.78,4.33,1A77,1.865,3.3432333333333326,creativity,hard_skills,0.044000000000000004,0.426,0.15600000000000003,0.8660000000000001,0,563
Zaineb,Mabrouk,4.41,0.85,2.21,0.09,5ARCTIC86,1.89,3.5914666666666673,hard_skills,creativity,0.8820000000000001,0.17,0.442,0.018,2,563
Bechir,Trabelsi,2.38,2.21,2.1,0.91,3B85,1.9,0.4488666666666666,hard_skills,creativity,0.476,0.442,0.42000000000000004,0.18200000000000002,2,564
Ismail,Toumi,0.07,1.54,2.03,3.87,2A27,1.8775,2.458091666666667,creativity,hard_skills,0.014000000000000002,0.30800000000000005,0.40599999999999997,0.774,3,564
Hichem,Ayari,3.55,1.58,2.22,0.25,3B23,1.9,1.8832666666666664,hard_skills,creativity,0.71,0.31600000000000006,0.44400000000000006,0.05,2,564
Hedi,Khlifi,3.15,0.33,0.46,3.56,5SE99,1.875,2.951366666666667,creativity,soft_skills,0.63,0.066,0.09200000000000001,0.7120000000000001,2,564
Ali,Mejri,2.29,1.55,2.67,1.05,1A39,1.89,0.5298666666666666,teamwork,creativity,0.458,0.31000000000000005,0.534,0.21000000000000002,2,565
Ali,Bouazizi,1.08,2.56,0.06,3.65,4GAMIX39,1.8375,2.5134916666666665,creativity,teamwork,0.21600000000000003,0.512,0.012,0.73,0,565
Adel,Bouazizi,4.06,0.25,2.82,0.34,2A27,1.8674999999999997,3.5546249999999993,hard_skills,soft_skills,0.8119999999999999,0.05,0.564,0.068,2,565
Farah,Khemiri,1.05,4.8,1.57,0.07,5BI77,1.8725,4.195758333333333,soft_skills,creativity,0.21000000000000002,0.96,0.31400000000000006,0.014000000000000002,1,565
Nour,Lahmar,0.71,1.67,3.32,1.85,4SAE18,1.8874999999999997,1.1624249999999998,teamwork,hard_skills,0.142,0.334,0.664,0.37000000000000005,2,566
Eya,Fourati,4.54,0.98,0.84,1.16,2A71,1.88,3.1618666666666666,hard_skills,teamwork,0.908,0.196,0.168,0.23199999999999998,2,566
Khadija,Lahmar,0.66,3.4,1.27,2.11,3A60,1.8599999999999999,1.4073999999999998,soft_skills,hard_skills,0.132,0.68,0.254,0.422,0,566
Mohamed,Bouazizi,0.21,1.38,3.36,2.58,3B96,1.8824999999999998,1.9064250000000003,teamwork,hard_skills,0.042,0.27599999999999997,0.672,0.516,3,566
Rim,Jaziri,2.0,0.68,2.92,1.94,3B81,1.8849999999999998,0.8464999999999998,teamwork,soft_skills,0.4,0.136,0.584,0.388,2,567
Lina,Jebali,0.72,4.87,0.09,1.57,5SAE33,1.8125,4.5225583333333335,soft_skills,teamwork,0.144,0.9740000000000001,0.018,0.31400000000000006,0,567
Amine,Baccouche,4.6,0.32,1.77,0.73,5IOSYS5,1.855,3.721366666666666,hard_skills,soft_skills,0.9199999999999999,0.064,0.35400000000000004,0.146,2,567
Rania,Driss,0.79,0.7,3.48,2.54,1A10,1.8775,1.858691666666667,teamwork,soft_skills,0.15800000000000003,0.13999999999999999,0.6960000000000001,0.508,3,567
Amine,Abidi,1.98,2.92,2.09,0.53,4SIM62,1.8800000000000001,0.9860666666666665,soft_skills,creativity,0.396,0.584,0.418,0.10600000000000001,1,568
Dorra,Toumi,1.22,0.1,1.55,4.41,1A23,1.82,3.3664666666666663,creativity,soft_skills,0.244,0.020000000000000004,0.31000000000000005,0.8820000000000001,3,568
Olfa,Chebbi,1.58,4.56,1.28,0.01,4TWIN23,1.8575,3.709091666666666,soft_skills,creativity,0.31600000000000006,0.9119999999999999,0.256,0.002,1,568
Walid,Mansour,1.21,0.34,3.6,2.35,3A97,1.875,1.9999,teamwork,soft_skills,0.242,0.068,0.7200000000000001,0.47000000000000003,3,568
Chaima,Lahmar,3.47,2.02,0.17,1.81,3B85,1.8675000000000002,1.8253583333333332,hard_skills,teamwork,0.6940000000000001,0.404,0.034,0.36200000000000004,2,569
Cyrine,Sassi,0.3,0.33,4.88,1.81,3A10,1.83,4.631266666666666,teamwork,hard_skills,0.06,0.066,0.976,0.36200000000000004,3,569
Oussama,Hamdi,0.72,3.24,0.32,3.1,3A97,1.8450000000000002,2.370766666666667,soft_skills,teamwork,0.144,0.6480000000000001,0.064,0.6200000000000001,0,569
Hiba,Guettari,3.76,1.24,1.86,0.57,3B11,1.8575000000000002,1.8861583333333332,hard_skills,creativity,0.752,0.248,0.37200000000000005,0.11399999999999999,2,569
Sami,Kanzari,3.16,0.86,0.42,3.03,3B93,1.8675000000000002,2.044091666666667,hard_skills,teamwork,0.6320000000000001,0.17200000000000001,0.084,0.606,2,570
Anis,Jlassi,0.88,2.11,4.0,0.35,3A73,1.835,2.6267,teamwork,creativity,0.17600000000000002,0.422,0.8,0.06999999999999999,1,570
Wassim,Miled,1.14,2.63,0.38,3.26,1A13,1.8524999999999998,1.7538249999999997,creativity,teamwork,0.22799999999999998,0.526,0.07600000000000001,0.652,0,570
Aymen,Ghanouchi,2.38,0.33,4.17,0.52,3A82,1.85,3.247533333333333,teamwork,soft_skills,0.476,0.066,0.8340000000000001,0.10400000000000001,2,570
Skander,Kanzari,3.64,1.3,0.84,1.69,2A58,1.8675000000000002,1.5170250000000003,hard_skills,teamwork,0.7280000000000001,0.26,0.168,0.338,2,571
Lina,Slimani,0.04,2.45,2.65,2.2,3A82,1.8350000000000002,1.4659000000000002,teamwork,hard_skills,0.008,0.49000000000000005,0.53,0.44000000000000006,2,571
Sami,Khlifi,2.87,0.23,2.28,2.09,2A58,1.8675,1.302025,hard_skills,soft_skills,0.5740000000000001,0.046000000000000006,0.45599999999999996,0.418,2,571
Chokri,Maaloul,0.3,3.9,1.58,1.6,5IOSYS7,1.8450000000000002,2.2467666666666664,soft_skills,hard_skills,0.06,0.78,0.31600000000000006,0.32000000000000006,1,571
Oumaima,Gharbi,2.39,0.56,2.19,2.32,3B12,1.8650000000000002,0.7637666666666667,hard_skills,soft_skills,0.47800000000000004,0.11200000000000002,0.438,0.46399999999999997,2,572
Emna,Saidi,1.78,3.21,2.17,0.3,3B84,1.865,1.4528333333333332,soft_skills,creativity,0.35600000000000004,0.642,0.434,0.06,1,572
Tarek,Driss,0.98,1.69,1.49,3.3,5GAMIX57,1.865,1.0045666666666666,creativity,hard_skills,0.196,0.338,0.298,0.66,2,572
Dorra,Abidi,3.55,1.32,1.16,1.42,3B67,1.8625,1.2770916666666665,hard_skills,teamwork,0.71,0.264,0.23199999999999998,0.284,2,572
Bechir,Haddad,2.72,2.06,1.28,1.39,1A77,1.8625,0.44562500000000016,hard_skills,teamwork,0.544,0.41200000000000003,0.256,0.27799999999999997,2,573
Oussama,Slimani,0.02,1.86,2.04,3.49,2A6,1.8525,2.024891666666667,creativity,hard_skills,0.004,0.37200000000000005,0.40800000000000003,0.6980000000000001,3,573
Zied,Hamdi,4.72,0.61,1.94,0.04,3A73,1.8275,4.352225,hard_skills,creativity,0.944,0.122,0.388,0.008,2,573
Dorra,Ben Amor,0.38,2.47,2.09,2.44,3B96,1.8449999999999998,0.9836333333333332,soft_skills,hard_skills,0.07600000000000001,0.49400000000000005,0.418,0.488,2,573
Fethi,Ben Salah,2.28,0.93,2.42,1.81,2P51,1.8599999999999999,0.4524666666666666,teamwork,soft_skills,0.45599999999999996,0.18600000000000003,0.484,0.36200000000000004,2,574
Yasmine,Khlifi,1.82,4.12,0.13,1.14,1A10,1.8025,2.8690916666666664,soft_skills,teamwork,0.36400000000000005,0.8240000000000001,0.026000000000000002,0.22799999999999998,0,574
Khadija,Trabelsi,1.22,0.35,2.71,3.12,1A77,1.8499999999999999,1.6664666666666672,creativity,soft_skills,0.244,0.06999999999999999,0.542,0.6240000000000001,3,574
Mohamed,Maaloul,1.05,1.86,2.89,1.61,3A97,1.8525000000000003,0.5930916666666668,teamwork,hard_skills,0.21000000000000002,0.37200000000000005,0.5780000000000001,0.32200000000000006,2,574
Rania,Ayari,2.89,1.48,0.4,2.66,1A39,1.8575000000000002,1.325625,hard_skills,teamwork,0.5780000000000001,0.296,0.08000000000000002,0.532,2,575
Foued,Baccouche,1.02,1.04,4.96,0.23,5ARCTIC86,1.8125,4.5452916666666665,teamwork,creativity,0.20400000000000001,0.20800000000000002,0.992,0.046000000000000006,1,575
Samira,Bouazizi,2.79,3.17,0.17,1.2,5BI77,1.8325,1.9565583333333336,soft_skills,teamwork,0.558,0.634,0.034,0.24,0,575
Ines,Driss,0.65,1.66,1.05,4.0,3B67,1.84,2.246066666666667,creativity,hard_skills,0.13,0.332,0.21000000000000002,0.8,0,575
Fares,Makni,4.92,0.48,0.68,1.32,1A16,1.85,4.317200000000001,hard_skills,soft_skills,0.984,0.096,0.136,0.264,2,576
Haythem,Chaabane,0.03,2.47,1.83,2.94,5SE99,1.8175,1.627025,creativity,hard_skills,0.006,0.49400000000000005,0.36600000000000005,0.588,2,576
Rym,Ayari,0.47,2.25,2.38,2.24,2A99,1.835,0.8321666666666667,teamwork,hard_skills,0.094,0.45,0.476,0.44800000000000006,2,576
Zied,Belkhir,2.06,0.02,3.81,1.5,2P36,1.8475000000000001,2.4523583333333336,teamwork,soft_skills,0.41200000000000003,0.004,0.762,0.30000000000000004,2,576
Khadija,Turki,4.38,1.61,0.33,1.07,5SLEAM43,1.8475000000000001,3.125758333333333,hard_skills,teamwork,0.876,0.32200000000000006,0.066,0.21400000000000002,2,577
Amel,Abidi,0.12,1.26,2.8,3.1,3A97,1.8199999999999998,1.9341333333333333,creativity,hard_skills,0.024,0.252,0.5599999999999999,0.6200000000000001,3,577
Skander,Lahmar,1.49,3.4,2.02,0.41,2A99,1.83,1.5443333333333333,soft_skills,creativity,0.298,0.68,0.404,0.082,1,577
Hela,Maaloul,2.79,0.41,0.94,3.24,5GAMIX57,1.8450000000000002,1.9057666666666673,creativity,soft_skills,0.558,0.082,0.188,0.6480000000000001,2,577
Ali,Kanzari,3.24,0.85,0.62,2.68,1A13,1.8475000000000001,1.7112916666666667,hard_skills,teamwork,0.6480000000000001,0.17,0.124,0.536,2,578
Ines,Lahmar,0.29,1.74,4.51,0.47,3A70,1.7524999999999997,3.795891666666666,teamwork,hard_skills,0.057999999999999996,0.34800000000000003,0.902,0.094,1,578
Ali,Ben Ali,2.21,2.91,0.74,1.49,1A64,1.8375000000000001,0.871425,soft_skills,teamwork,0.442,0.5820000000000001,0.148,0.298,2,578
Hiba,Belkhir,1.74,2.09,0.94,2.6,3B49,1.8424999999999998,0.48669166666666674,creativity,teamwork,0.34800000000000003,0.418,0.188,0.52,2,578
Manel,Toumi,3.81,0.59,0.07,2.89,4SIM62,1.8400000000000003,3.226266666666667,hard_skills,teamwork,0.762,0.118,0.014000000000000002,0.5780000000000001,2,579
Sarra,Nasri,0.35,4.01,2.43,0.22,1A48,1.7524999999999997,3.290291666666667,soft_skills,creativity,0.06999999999999999,0.802,0.48600000000000004,0.044000000000000004,1,579
Lobna,Ghanouchi,2.32,0.17,2.64,2.2,4SIM62,1.8325,1.2628916666666667,teamwork,soft_skills,0.46399999999999997,0.034,0.528,0.44000000000000006,2,579
Ali,Saidi,0.55,2.49,2.11,2.2,1A90,1.8375000000000001,0.7630250000000002,soft_skills,hard_skills,0.11000000000000001,0.49800000000000005,0.422,0.44000000000000006,2,579
Fatma,Rekik,0.72,1.79,2.49,2.36,2A4,1.8399999999999999,0.6499333333333334,teamwork,hard_skills,0.144,0.35800000000000004,0.49800000000000005,0.472,2,580
Lotfi,Kanzari,4.8,1.17,0.0,1.35,2A58,1.83,4.2786,hard_skills,teamwork,0.96,0.23399999999999999,0.0,0.27,2,580
Salma,Baccouche,0.17,1.4,3.12,2.58,3A69,1.8175,1.7221583333333337,teamwork,hard_skills,0.034,0.27999999999999997,0.6240000000000001,0.516,3,580
Olfa,Sassi,2.08,2.49,1.85,0.91,5GAMIX57,1.8325,0.44829166666666675,soft_skills,creativity,0.41600000000000004,0.49800000000000005,0.37000000000000005,0.18200000000000002,2,580
Lobna,Haddad,3.89,0.71,0.17,2.58,1A10,1.8375,2.938625,hard_skills,teamwork,0.778,0.142,0.034,0.516,2,581
Ahmed,Cherif,0.67,0.6,4.83,0.95,1A74,1.7625,4.204891666666666,teamwork,soft_skills,0.134,0.12,0.9660000000000001,0.19,1,581
Emna,Toumi,2.35,3.8,0.3,0.74,2P19,1.7975,2.5586916666666664,soft_skills,teamwork,0.47000000000000003,0.76,0.06,0.148,0,581
Nizar,Ghanouchi,0.14,2.29,1.34,3.54,5IOSYS5,1.8275000000000001,2.0772916666666665,creativity,hard_skills,0.028000000000000004,0.458,0.268,0.7080000000000001,0,581
Omar,Ammar,4.73,0.46,0.86,1.29,2A4,1.8350000000000002,3.8397666666666677,hard_skills,soft_skills,0.9460000000000002,0.09200000000000001,0.17200000000000001,0.258,2,582
Omar,Toumi,0.62,3.74,1.57,1.22,5SE100,1.7875,1.8482250000000002,soft_skills,hard_skills,0.124,0.7480000000000001,0.31400000000000006,0.244,1,582
Samira,Toumi,0.36,1.42,1.05,4.45,2P87,1.82,3.2671333333333332,creativity,hard_skills,0.072,0.284,0.21000000000000002,0.8900000000000001,0,582
Walid,Zayani,2.46,1.0,2.89,0.96,1A1,1.8275,0.9887583333333335,teamwork,creativity,0.492,0.2,0.5780000000000001,0.192,2,582
Samira,Kanzari,2.24,1.07,2.1,1.93,5SIM56,1.835,0.2761666666666667,hard_skills,soft_skills,0.44800000000000006,0.21400000000000002,0.42000000000000004,0.386,2,583
Manel,Mansour,1.37,2.54,2.23,1.19,2A31,1.8325,0.428425,soft_skills,creativity,0.274,0.508,0.446,0.238,2,583
Yasmine,Kanzari,3.31,1.11,0.05,2.86,4TWIN23,1.8325,2.3126916666666664,hard_skills,teamwork,0.662,0.22200000000000003,0.010000000000000002,0.572,2,583
Mohamed,Zayani,1.46,1.35,2.3,2.23,1A85,1.835,0.2493666666666666,teamwork,soft_skills,0.292,0.27,0.45999999999999996,0.446,2,583
Olfa,Guettari,2.44,0.02,1.98,2.89,1A1,1.8325,1.598091666666667,creativity,soft_skills,0.488,0.004,0.396,0.5780000000000001,2,584
Marwen,Karoui,1.31,2.95,2.27,0.69,3A82,1.8049999999999997,1.0051666666666668,soft_skills,creativity,0.262,0.5900000000000001,0.454,0.13799999999999998,1,584
Aymen,Zouari,1.75,1.83,0.52,3.23,3B84,1.8325,1.2274916666666666,creativity,teamwork,0.35000000000000003,0.36600000000000005,0.10400000000000001,0.646,0,584
Iheb,Belkhir,4.49,0.66,1.77,0.41,2P82,1.8325,3.4881583333333332,hard_skills,creativity,0.8980000000000001,0.132,0.35400000000000004,0.082,2,584
Ghassen,Miled,3.68,1.61,1.34,0.69,3A55,1.83,1.6702000000000001,hard_skills,creativity,0.7360000000000001,0.32200000000000006,0.268,0.13799999999999998,2,585
Sabrine,Mejri,0.15,1.07,2.44,3.46,3B93,1.78,2.139666666666667,creativity,hard_skills,0.03,0.21400000000000002,0.488,0.6920000000000001,3,585
Khadija,Gharbi,2.48,2.78,1.14,0.9,2A49,1.825,0.8886333333333333,soft_skills,creativity,0.496,0.5559999999999999,0.22799999999999998,0.18000000000000002,2,585
Iheb,Chaabane,1.57,1.24,1.22,3.25,3A70,1.82,0.9346,creativity,teamwork,0.31400000000000006,0.248,0.244,0.65,2,585
Hend,Sassi,4.4,0.19,2.44,0.27,3B67,1.8250000000000002,4.033366666666668,hard_skills,soft_skills,0.8800000000000001,0.038000000000000006,0.488,0.054000000000000006,2,586
Ghada,Toumi,0.17,1.97,0.53,4.34,5SLEAM19,1.7525,3.5804249999999995,creativity,hard_skills,0.034,0.394,0.10600000000000001,0.868,0,586
Salma,Mejri,0.71,3.35,1.35,1.75,1A33,1.79,1.2650666666666668,soft_skills,hard_skills,0.142,0.67,0.27,0.35000000000000003,0,586
Manel,Trabelsi,3.9,0.53,1.84,1.02,3B42,1.8224999999999998,2.2102916666666665,hard_skills,soft_skills,0.78,0.10600000000000001,0.36800000000000005,0.20400000000000001,2,586
Sarra,Kanzari,2.13,1.09,0.71,3.37,4NIDS26,1.825,1.421166666666667,creativity,teamwork,0.426,0.21800000000000003,0.142,0.674,2,587
Sonia,Haddad,1.45,1.8,3.67,0.19,2A27,1.7775,2.069825,teamwork,creativity,0.29,0.36000000000000004,0.734,0.038000000000000006,1,587
Cyrine,Turki,4.39,2.41,0.36,0.11,3A60,1.8175000000000001,4.002891666666666,hard_skills,creativity,0.878,0.48200000000000004,0.072,0.022000000000000002,2,587
Hichem,Jebali,0.19,0.21,2.58,4.07,1A55,1.7625000000000002,3.625291666666667,creativity,hard_skills,0.038000000000000006,0.042,0.516,0.8140000000000001,3,587
Ines,Toumi,4.57,1.05,0.54,1.14,2A73,1.825,3.4187,hard_skills,teamwork,0.9140000000000001,0.21000000000000002,0.10800000000000001,0.22799999999999998,2,588
Ismail,Karoui,0.4,1.4,3.49,1.88,4NIDS26,1.7925,1.6607583333333338,teamwork,hard_skills,0.08000000000000002,0.27999999999999997,0.6980000000000001,0.376,2,588
Nadia,Karoui,1.09,3.3,0.32,2.47,1A48,1.795,1.7977666666666663,soft_skills,teamwork,0.21800000000000003,0.66,0.064,0.49400000000000005,0,588
Sami,Jaziri,1.97,0.95,2.64,1.72,2A73,1.82,0.4872666666666668,teamwork,soft_skills,0.394,0.19,0.528,0.34400000000000003,2,588
Olfa,Turki,2.88,1.91,0.61,1.89,2A77,1.8225,0.8668916666666665,hard_skills,teamwork,0.576,0.382,0.122,0.378,2,589
Chaima,Hamdi,0.79,1.48,4.11,0.7,1A43,1.7700000000000002,2.555,teamwork,creativity,0.15800000000000003,0.296,0.8220000000000001,0.13999999999999999,1,589
Manel,Ben Ali,1.17,1.69,0.11,4.2,2A99,1.7925,3.008291666666667,creativity,teamwork,0.23399999999999999,0.338,0.022000000000000002,0.8400000000000001,0,589
Zied,Zayani,4.8,0.42,1.47,0.59,1A77,1.8199999999999998,4.1586,hard_skills,soft_skills,0.96,0.084,0.294,0.118,2,589
Farah,Haddad,3.98,0.27,0.51,2.53,5IOSYS5,1.8224999999999998,3.0960916666666667,hard_skills,soft_skills,0.796,0.054000000000000006,0.10200000000000001,0.506,2,590
Chokri,Haddad,0.66,1.9,3.39,1.21,3A88,1.79,1.3951333333333336,teamwork,hard_skills,0.132,0.38,0.678,0.242,1,590
Nadia,Miled,0.46,2.62,1.85,2.24,1A77,1.7925,0.8879583333333335,soft_skills,hard_skills,0.09200000000000001,0.524,0.37000000000000005,0.44800000000000006,2,590
Olfa,Toumi,2.81,1.95,1.82,0.69,1A64,1.8175,0.7579583333333334,hard_skills,creativity,0.562,0.39,0.36400000000000005,0.13799999999999998,2,590
Mouna,Baccouche,2.79,2.07,1.19,1.2,2A31,1.8124999999999998,0.594825,hard_skills,teamwork,0.558,0.414,0.238,0.24,2,591
Bilel,Fourati,0.57,0.23,2.95,3.25,2A35,1.75,2.464266666666667,creativity,soft_skills,0.11399999999999999,0.046000000000000006,0.5900000000000001,0.65,3,591
Bilel,Cherif,2.99,2.9,0.57,0.74,3B67,1.8000000000000003,1.7542000000000002,hard_skills,teamwork,0.5980000000000001,0.58,0.11399999999999999,0.148,2,591
Karim,Turki,1.69,1.26,2.96,1.33,3A97,1.81,0.6232666666666665,teamwork,soft_skills,0.338,0.252,0.592,0.266,2,591
Sofiene,Chouchene,2.12,2.14,0.16,2.82,1A16,1.81,1.3158666666666667,creativity,teamwork,0.42400000000000004,0.42800000000000005,0.032,0.564,0,592
Yasmine,Ammar,1.15,1.41,4.13,0.33,2P19,1.755,2.7187666666666668,teamwork,creativity,0.22999999999999998,0.282,0.8260000000000001,0.066,1,592
Zaineb,Khemiri,4.47,0.11,0.19,2.44,1A77,1.8025000000000002,4.328891666666666,hard_skills,soft_skills,0.894,0.022000000000000002,0.038000000000000006,0.488,2,592
Chaima,Chaabane,1.64,2.01,1.64,1.94,5IOSYS58,1.8074999999999997,0.03822499999999999,soft_skills,hard_skills,0.328,0.40199999999999997,0.328,0.388,2,592
Ismail,Ayari,3.21,0.76,2.59,0.67,1A85,1.8074999999999999,1.6568249999999998,hard_skills,creativity,0.642,0.15200000000000002,0.518,0.134,2,593
Wided,Gharbi,0.59,3.53,0.04,2.88,4ARCTIC27,1.76,2.9048666666666665,soft_skills,teamwork,0.118,0.706,0.008,0.576,0,593
Ahmed,Zouari,2.79,0.09,2.77,1.53,2P19,1.7950000000000002,1.6392999999999998,hard_skills,soft_skills,0.558,0.018,0.554,0.30600000000000005,2,593
Olfa,Nasri,1.32,2.76,0.38,2.69,2A99,1.7875,1.3199583333333333,soft_skills,teamwork,0.264,0.5519999999999999,0.07600000000000001,0.538,0,593
Nizar,Ben Salah,3.87,2.03,1.01,0.31,4ARCTIC27,1.805,2.393966666666667,hard_skills,creativity,0.774,0.40599999999999997,0.202,0.062,2,594
Eya,Karoui,0.16,0.74,2.41,3.66,5SAE33,1.7425000000000002,2.543891666666667,creativity,hard_skills,0.032,0.148,0.48200000000000004,0.7320000000000001,3,594
Sabrine,Jaziri,1.08,3.72,0.67,1.59,4BI6,1.7650000000000001,1.8403000000000003,soft_skills,teamwork,0.21600000000000003,0.7440000000000001,0.134,0.31800000000000006,0,594
Tarek,Hamdi,3.26,0.3,2.75,0.86,5GAMIX38,1.7925,2.055825,hard_skills,soft_skills,0.652,0.06,0.55,0.17200000000000001,2,594
Iheb,Nasri,2.55,0.53,1.47,2.67,1A1,1.805,1.0137,creativity,soft_skills,0.51,0.10600000000000001,0.294,0.534,2,595
Amina,Sassi,0.43,3.72,2.09,0.65,2P99,1.7225000000000001,2.315291666666667,soft_skills,hard_skills,0.08600000000000001,0.7440000000000001,0.418,0.13,1,595
Hiba,Ayari,4.69,1.29,0.82,0.41,2A63,1.8025000000000002,3.8348916666666675,hard_skills,creativity,0.9380000000000002,0.258,0.164,0.082,2,595
Eya,Rekik,1.83,0.38,0.26,4.66,2P21,1.7825,4.189091666666667,creativity,teamwork,0.36600000000000005,0.07600000000000001,0.052000000000000005,0.932,2,595
Bechir,Jaziri,2.86,1.34,0.88,2.13,2P99,1.8025,0.7634916666666666,hard_skills,teamwork,0.572,0.268,0.17600000000000002,0.426,2,596
Sarra,Gharbi,1.09,1.6,3.67,0.69,2P99,1.7625000000000002,1.7558249999999997,teamwork,creativity,0.21800000000000003,0.32000000000000006,0.734,0.13799999999999998,1,596
Foued,Kanzari,3.28,2.29,0.02,1.59,2P36,1.795,1.8809666666666665,hard_skills,teamwork,0.656,0.458,0.004,0.31800000000000006,2,596
Walid,Rekik,1.47,0.91,3.05,1.69,5IOSYS58,1.7799999999999998,0.8246666666666664,teamwork,soft_skills,0.294,0.18200000000000002,0.61,0.338,2,596
Nabil,Miled,2.98,1.43,1.36,1.43,2A77,1.8,0.6199333333333333,hard_skills,teamwork,0.596,0.286,0.272,0.286,2,597
Amina,Ayari,0.15,1.1,2.79,2.91,3B4,1.7375,1.803025,creativity,hard_skills,0.03,0.22000000000000003,0.558,0.5820000000000001,3,597
Omar,Zayani,4.1,1.82,0.65,0.55,5IOSYS7,1.78,2.724599999999999,hard_skills,creativity,0.82,0.36400000000000005,0.13,0.11000000000000001,2,597
Anis,Toumi,1.28,2.5,2.12,1.19,3B4,1.7725,0.410625,soft_skills,creativity,0.256,0.5,0.42400000000000004,0.238,2,597
Haythem,Jebali,3.3,0.8,2.35,0.75,2P21,1.7999999999999998,1.5516666666666665,hard_skills,creativity,0.66,0.16000000000000003,0.47000000000000003,0.15000000000000002,2,598
Mehdi,Lahmar,0.26,3.28,0.33,3.07,2P82,1.7349999999999999,2.7729666666666666,soft_skills,hard_skills,0.052000000000000005,0.656,0.066,0.614,0,598
Sarra,Trabelsi,3.09,1.01,2.82,0.25,1A55,1.7925,1.9102916666666665,hard_skills,creativity,0.618,0.202,0.564,0.05,2,598
Ghada,Mansour,1.22,1.45,0.66,3.75,2A75,1.77,1.8524666666666665,creativity,teamwork,0.244,0.29,0.132,0.75,2,598
Oussama,Ferjani,3.38,1.04,0.33,2.43,2A75,1.795,1.877233333333333,hard_skills,teamwork,0.676,0.20800000000000002,0.066,0.48600000000000004,2,599
Mariem,Miled,0.75,1.44,4.47,0.23,1A77,1.7225000000000001,3.6006249999999995,teamwork,creativity,0.15000000000000002,0.288,0.894,0.046000000000000006,1,599
Khadija,Toumi,1.19,3.42,0.45,1.95,2P30,1.7525,1.610825,soft_skills,teamwork,0.238,0.684,0.09000000000000001,0.39,0,599
Hend,Ammar,2.14,0.47,1.68,2.87,1A16,1.79,1.0144666666666666,creativity,soft_skills,0.42800000000000005,0.094,0.336,0.5740000000000001,2,599
Nour,Miled,2.42,1.24,1.61,1.88,2P30,1.7875,0.24662499999999996,hard_skills,soft_skills,0.484,0.248,0.32200000000000006,0.376,2,600
Lina,Khemiri,1.22,3.7,0.71,1.4,2A89,1.7574999999999998,1.7624250000000004,soft_skills,teamwork,0.244,0.7400000000000001,0.142,0.27999999999999997,0,600
Chokri,Ammar,3.11,0.04,3.24,0.72,1A95,1.7775,2.6838916666666663,teamwork,soft_skills,0.622,0.008,0.6480000000000001,0.144,2,600
Meriem,Nasri,0.32,2.55,0.97,3.13,4TWIN23,1.7425,1.7324916666666663,creativity,hard_skills,0.064,0.51,0.194,0.626,0,600
Cyrine,Slimani,3.11,0.21,2.29,1.54,2A63,1.7874999999999999,1.5170916666666663,hard_skills,soft_skills,0.622,0.042,0.458,0.30800000000000005,2,601
Ghassen,Ghanouchi,0.52,4.22,0.64,1.55,3B67,1.7325,2.961558333333333,soft_skills,hard_skills,0.10400000000000001,0.844,0.128,0.31000000000000005,0,601
Oussama,Baccouche,2.19,0.79,1.51,2.62,2P30,1.7775,0.6422249999999999,creativity,soft_skills,0.438,0.15800000000000003,0.30200000000000005,0.524,2,601
Skander,Ayari,2.68,1.75,2.62,0.07,3B67,1.78,1.4802,hard_skills,creativity,0.536,0.35000000000000003,0.524,0.014000000000000002,2,601
Manel,Maaloul,3.61,1.29,0.69,1.54,2P36,1.7825,1.6115583333333332,hard_skills,teamwork,0.722,0.258,0.13799999999999998,0.30800000000000005,2,602
Khadija,Ammar,0.19,1.47,4.16,0.98,5IOSYS5,1.7000000000000002,2.9676666666666667,teamwork,hard_skills,0.038000000000000006,0.294,0.8320000000000001,0.196,1,602
Yasmine,Rekik,1.18,1.34,1.42,3.09,3A88,1.7574999999999998,0.7990916666666665,creativity,hard_skills,0.236,0.268,0.284,0.618,2,602
Amina,Ben Salah,3.12,3.4,0.11,0.36,5SE32,1.7475,3.073691666666667,soft_skills,teamwork,0.6240000000000001,0.68,0.022000000000000002,0.072,2,602
Rym,Jlassi,3.97,0.67,1.27,1.19,5IOSYS58,1.775,2.2121000000000004,hard_skills,soft_skills,0.794,0.134,0.254,0.238,2,603
Anis,Saidi,0.17,2.99,1.08,2.69,5SAE33,1.7325,1.7884250000000002,soft_skills,hard_skills,0.034,0.5980000000000001,0.21600000000000003,0.538,0,603
Bechir,Bouazizi,1.15,0.86,3.84,1.18,3A55,1.7574999999999998,1.9482916666666668,teamwork,soft_skills,0.22999999999999998,0.17200000000000001,0.768,0.236,2,603
Aymen,Khemiri,3.23,2.73,0.8,0.28,4SIM89,1.76,2.0712666666666664,hard_skills,creativity,0.646,0.546,0.16000000000000003,0.05600000000000001,2,603
Bilel,Ben Amor,2.04,2.86,2.01,0.14,3B23,1.7625,1.3250916666666666,soft_skills,creativity,0.40800000000000003,0.572,0.40199999999999997,0.028000000000000004,1,604
Skander,Saidi,1.37,0.55,0.96,4.07,1A62,1.7375,2.5300916666666673,creativity,soft_skills,0.274,0.11000000000000001,0.192,0.8140000000000001,2,604
Zied,Ben Amor,1.61,2.51,2.5,0.43,3A60,1.7625,0.9671583333333332,soft_skills,creativity,0.32200000000000006,0.502,0.5,0.08600000000000001,1,604
Chokri,Turki,3.66,1.96,0.28,1.13,1A64,1.7575,2.079091666666667,hard_skills,teamwork,0.7320000000000001,0.392,0.05600000000000001,0.22599999999999998,2,604
Tarek,Toumi,1.27,2.03,2.49,1.26,1A23,1.7625,0.36529166666666674,teamwork,creativity,0.254,0.40599999999999997,0.49800000000000005,0.252,2,605
Mourad,Nasri,3.23,0.43,0.1,3.15,3B42,1.7275,2.8710916666666666,hard_skills,teamwork,0.646,0.08600000000000001,0.020000000000000004,0.63,2,605
Dorra,Ben Salah,0.27,2.58,2.68,1.38,2A71,1.7275,1.293025,teamwork,hard_skills,0.054000000000000006,0.516,0.536,0.27599999999999997,1,605
Ghassen,Ben Ali,2.92,2.11,1.52,0.46,5GAMIX79,1.7524999999999997,1.0718249999999998,hard_skills,creativity,0.584,0.422,0.30400000000000005,0.09200000000000001,2,605
Skander,Baccouche,2.1,1.99,0.92,2.0,2A27,1.7525,0.31049166666666667,hard_skills,teamwork,0.42000000000000004,0.398,0.18400000000000002,0.4,2,606
Amina,Mabrouk,1.08,0.6,4.69,0.44,3A88,1.7025000000000003,4.0406916666666675,teamwork,creativity,0.21600000000000003,0.12,0.9380000000000002,0.08800000000000001,1,606
Dorra,Kanzari,1.38,2.75,0.6,2.17,2A73,1.7249999999999999,0.8777666666666667,soft_skills,teamwork,0.27599999999999997,0.55,0.12,0.434,0,606
Emna,Sassi,5.0,0.27,0.58,1.05,3B4,1.7249999999999999,4.869766666666668,hard_skills,soft_skills,1.0,0.054000000000000006,0.11599999999999999,0.21000000000000002,2,606
Nadia,Rekik,1.28,1.76,2.53,1.43,5GAMIX79,1.75,0.31059999999999993,teamwork,hard_skills,0.256,0.35200000000000004,0.506,0.286,2,607
Adel,Zayani,3.82,0.46,0.92,1.72,3A82,1.73,2.2123999999999993,hard_skills,soft_skills,0.764,0.09200000000000001,0.18400000000000002,0.34400000000000003,2,607
Haythem,Kanzari,0.25,3.94,1.58,1.0,3A55,1.6925,2.541425,soft_skills,hard_skills,0.05,0.788,0.31600000000000006,0.2,1,607
Emna,Abidi,1.01,0.94,1.94,3.09,5GAMIX42,1.7449999999999999,1.0117666666666665,creativity,soft_skills,0.202,0.188,0.388,0.618,2,607
Chaima,Baccouche,2.39,1.28,2.33,0.97,4GAMIX83,1.7425,0.5250250000000001,hard_skills,creativity,0.47800000000000004,0.256,0.466,0.194,2,608
Sabrine,Miled,0.73,2.26,0.31,3.47,2P51,1.6925,2.106425,creativity,teamwork,0.146,0.45199999999999996,0.062,0.6940000000000001,0,608
Zied,Fourati,2.51,0.65,3.23,0.53,3B23,1.73,1.8216,teamwork,creativity,0.502,0.13,0.646,0.10600000000000001,2,608
Anis,Cherif,1.8,3.6,1.17,0.32,5GAMIX79,1.7225000000000001,1.934425,soft_skills,creativity,0.36000000000000004,0.7200000000000001,0.23399999999999999,0.064,1,608
Rami,Bouazizi,2.85,0.36,1.81,1.94,3A96,1.7399999999999998,1.060466666666667,hard_skills,soft_skills,0.5700000000000001,0.072,0.36200000000000004,0.388,2,609
Bechir,Khemiri,1.73,4.77,0.06,0.11,5IOSYS58,1.6675,4.879758333333332,soft_skills,teamwork,0.34600000000000003,0.954,0.012,0.022000000000000002,0,609
Skander,Rekik,0.09,0.07,4.23,2.34,2P30,1.6825,4.019425000000001,teamwork,soft_skills,0.018,0.014000000000000002,0.8460000000000001,0.46799999999999997,3,609
Salma,Cherif,2.38,1.96,0.62,1.95,1A80,1.7275,0.5852916666666664,hard_skills,teamwork,0.476,0.392,0.124,0.39,2,609
Mehdi,Jlassi,2.88,1.51,1.64,0.93,3A70,1.7399999999999998,0.6728666666666666,hard_skills,creativity,0.576,0.30200000000000005,0.328,0.18600000000000003,2,610
Adel,Belkhir,0.25,1.85,2.08,2.67,5NIDS7,1.7125,1.0698916666666667,creativity,hard_skills,0.05,0.37000000000000005,0.41600000000000004,0.534,2,610
Rym,Mabrouk,1.77,2.42,1.74,1.01,3B49,1.7349999999999999,0.3320333333333333,soft_skills,creativity,0.35400000000000004,0.484,0.34800000000000003,0.202,2,610
Adel,Zouari,2.4,1.11,1.27,2.1,1A7,1.7199999999999998,0.39379999999999993,hard_skills,soft_skills,0.48,0.22200000000000003,0.254,0.42000000000000004,2,610
Karim,Cherif,2.12,2.52,1.72,0.56,2P51,1.73,0.7150666666666666,soft_skills,creativity,0.42400000000000004,0.504,0.34400000000000003,0.11200000000000002,2,611
Ali,Zouari,1.54,0.22,0.74,4.3,5SAE33,1.7,3.299199999999999,creativity,soft_skills,0.30800000000000005,0.044000000000000004,0.148,0.86,2,611
Mourad,Hamdi,0.88,1.7,4.21,0.03,4SIM89,1.705,3.253766666666666,teamwork,creativity,0.17600000000000002,0.34,0.8420000000000001,0.006,1,611
Eya,Cherif,2.37,2.4,1.19,0.94,3A19,1.7249999999999996,0.5913666666666667,soft_skills,creativity,0.47400000000000003,0.48,0.238,0.188,2,611
Nadia,Driss,1.55,2.5,2.01,0.83,3A19,1.7225,0.5044916666666667,soft_skills,creativity,0.31000000000000005,0.5,0.40199999999999997,0.166,2,612
Rania,Kanzari,1.19,0.64,0.37,4.42,3A88,1.655,3.5143,creativity,teamwork,0.238,0.128,0.074,0.884,2,612
Sofiene,Chebbi,3.82,0.15,2.73,0.09,3B60,1.6974999999999998,3.516625,hard_skills,creativity,0.764,0.03,0.546,0.018,2,612
Chokri,Bouazizi,1.04,2.59,2.74,0.51,5SAE59,1.72,1.2412666666666665,teamwork,creativity,0.20800000000000002,0.518,0.548,0.10200000000000001,1,612
Foued,Mabrouk,0.84,1.56,3.33,1.15,2A99,1.7200000000000002,1.239,teamwork,hard_skills,0.168,0.31200000000000006,0.666,0.22999999999999998,2,613
Sabrine,Driss,4.27,0.16,0.49,1.86,1A92,1.695,3.4886999999999992,hard_skills,soft_skills,0.854,0.032,0.098,0.37200000000000005,2,613
Zaineb,Makni,0.01,2.86,2.03,1.9,1A62,1.6999999999999997,1.4502,soft_skills,hard_skills,0.002,0.572,0.40599999999999997,0.38,2,613
Amina,Ammar,2.38,2.5,0.77,1.18,4SAE18,1.7075,0.745825,soft_skills,teamwork,0.476,0.5,0.15400000000000003,0.236,2,613
Oussama,Saidi,2.2,0.78,2.25,1.64,4SAE18,1.7175,0.4670916666666667,teamwork,soft_skills,0.44000000000000006,0.15600000000000003,0.45,0.328,2,614
Sarra,Bouazizi,1.3,3.75,1.34,0.35,5SLEAM43,1.6849999999999998,2.104566666666667,soft_skills,creativity,0.26,0.75,0.268,0.06999999999999999,1,614
Zaineb,Ayari,0.68,0.24,2.0,3.79,5NIDS7,1.6775,2.5426916666666664,creativity,soft_skills,0.136,0.048,0.4,0.758,3,614
Yasmine,Saidi,2.84,2.74,0.86,0.39,5GAMIX38,1.7075,1.6008916666666666,hard_skills,creativity,0.568,0.548,0.17200000000000001,0.07800000000000001,2,614
Farah,Ben Ali,0.78,1.66,3.4,0.98,5IOSYS5,1.705,1.4187666666666665,teamwork,hard_skills,0.15600000000000003,0.332,0.68,0.196,1,615
Rami,Mejri,3.92,0.93,0.01,1.81,5BI77,1.6675,2.7950916666666665,hard_skills,teamwork,0.784,0.18600000000000003,0.002,0.36200000000000004,2,615
Ahmed,Chebbi,0.19,2.29,2.13,2.14,5NIDS7,1.6875,1.0020250000000002,soft_skills,hard_skills,0.038000000000000006,0.458,0.426,0.42800000000000005,2,615
Nizar,Fourati,2.68,3.17,0.47,0.49,3B93,1.7025,2.0327583333333332,soft_skills,teamwork,0.536,0.634,0.094,0.098,2,615
Sofiene,Ben Salah,1.62,0.65,1.63,2.9,1A13,1.7,0.8512666666666665,creativity,soft_skills,0.32400000000000007,0.13,0.326,0.58,2,616
Bechir,Belkhir,0.81,3.32,2.38,0.23,2P87,1.685,2.012966666666667,soft_skills,creativity,0.16200000000000003,0.664,0.476,0.046000000000000006,1,616
Hedi,Gharbi,4.68,0.25,1.69,0.17,3A88,1.6974999999999998,4.441291666666666,hard_skills,creativity,0.9359999999999999,0.05,0.338,0.034,2,616
Bechir,Abidi,0.28,1.26,0.59,4.54,2A89,1.6675,3.834491666666667,creativity,hard_skills,0.05600000000000001,0.252,0.118,0.908,0,616
Ali,Maaloul,3.15,0.17,2.74,0.73,4SAE18,1.6975000000000002,2.155291666666667,hard_skills,soft_skills,0.63,0.034,0.548,0.146,2,617
Khadija,Bouazizi,0.35,1.49,0.28,4.5,2A75,1.655,3.9049666666666667,creativity,teamwork,0.06999999999999999,0.298,0.05600000000000001,0.9,0,617
Olfa,Haddad,0.44,3.13,2.83,0.29,4SAE18,1.6725,2.2981583333333333,soft_skills,creativity,0.08800000000000001,0.626,0.5660000000000001,0.057999999999999996,1,617
Khalil,Zayani,3.32,2.46,0.36,0.62,4GAMIX39,1.69,2.054533333333333,hard_skills,teamwork,0.664,0.492,0.072,0.124,2,617
Cyrine,Jlassi,3.49,0.72,1.33,1.25,3B85,1.6975,1.501291666666667,hard_skills,soft_skills,0.6980000000000001,0.144,0.266,0.25,2,618
Nabil,Makni,0.4,1.92,3.89,0.55,2P30,1.69,2.618866666666667,teamwork,hard_skills,0.08000000000000002,0.384,0.778,0.11000000000000001,1,618
Hiba,Fourati,1.04,1.82,0.42,3.5,1A16,1.695,1.7761000000000002,creativity,teamwork,0.20800000000000002,0.36400000000000005,0.084,0.7000000000000001,0,618
Emna,Maaloul,1.81,2.1,0.24,2.63,1A92,1.695,1.0561666666666667,creativity,teamwork,0.36200000000000004,0.42000000000000004,0.048,0.526,2,618
Sarra,Rekik,1.62,1.07,1.31,2.78,3A55,1.6949999999999998,0.5738999999999997,creativity,soft_skills,0.32400000000000007,0.21400000000000002,0.262,0.5559999999999999,2,619
Ismail,Driss,2.05,2.81,1.71,0.13,3B96,1.6749999999999998,1.2723666666666669,soft_skills,creativity,0.41,0.562,0.342,0.026000000000000002,2,619
Sofiene,Jlassi,1.39,0.48,4.37,0.53,5IOSYS5,1.6925000000000001,3.3606916666666673,teamwork,soft_skills,0.27799999999999997,0.096,0.8740000000000001,0.10600000000000001,2,619
Hamza,Baccouche,1.16,2.14,0.01,3.42,3B12,1.6824999999999999,2.0994916666666668,creativity,teamwork,0.23199999999999998,0.42800000000000005,0.002,0.684,0,619
Ali,Lahmar,2.72,0.21,1.46,2.38,5IOSYS7,1.6925000000000001,1.2600916666666668,hard_skills,soft_skills,0.544,0.042,0.292,0.476,2,620
Adel,Ammar,1.5,4.34,0.4,0.34,2A31,1.645,3.5123666666666664,soft_skills,creativity,0.30000000000000004,0.868,0.08000000000000002,0.068,0,620
Mariem,Chebbi,0.32,0.55,4.52,1.25,3B23,1.66,3.791799999999999,teamwork,hard_skills,0.064,0.11000000000000001,0.9039999999999999,0.25,2,620
Hedi,Mabrouk,3.16,0.37,0.72,2.46,3B85,1.6775,1.8121583333333335,hard_skills,soft_skills,0.6320000000000001,0.074,0.144,0.492,2,620
Wassim,Chebbi,1.59,0.67,2.16,2.35,3A97,1.6925,0.5689583333333335,creativity,soft_skills,0.31800000000000006,0.134,0.43200000000000005,0.47000000000000003,2,621
Hiba,Ferjani,3.59,1.97,0.75,0.42,3B67,1.6824999999999999,2.061558333333333,hard_skills,creativity,0.718,0.394,0.15000000000000002,0.084,2,621
Chaima,Ben Salah,0.67,3.49,0.76,1.75,1A10,1.6675,1.7156250000000004,soft_skills,hard_skills,0.134,0.6980000000000001,0.15200000000000002,0.35000000000000003,0,621
Foued,Gharbi,1.44,1.13,3.08,1.11,2P21,1.6900000000000002,0.8815333333333335,teamwork,creativity,0.288,0.22599999999999998,0.6160000000000001,0.22200000000000003,2,621
Rim,Cherif,2.2,1.37,2.4,0.77,4SAE18,1.685,0.5709666666666667,teamwork,creativity,0.44000000000000006,0.274,0.48,0.15400000000000003,2,622
Sarra,Khemiri,0.06,1.97,0.22,4.21,4ARCTIC87,1.615,3.741366666666666,creativity,hard_skills,0.012,0.394,0.044000000000000004,0.8420000000000001,0,622
Ghada,Chebbi,4.44,0.45,1.64,0.17,2P87,1.675,3.8040333333333343,hard_skills,creativity,0.8880000000000001,0.09000000000000001,0.328,0.034,2,622
Skander,Ferjani,1.05,2.96,1.72,0.98,1A62,1.6774999999999998,0.8422916666666667,soft_skills,creativity,0.21000000000000002,0.592,0.34400000000000003,0.196,2,622
Oumaima,Fourati,2.67,0.42,2.76,0.88,3A73,1.6824999999999999,1.458025,teamwork,soft_skills,0.534,0.084,0.5519999999999999,0.17600000000000002,2,623
Bilel,Ben Salah,0.79,3.86,0.07,1.78,1A62,1.6250000000000002,2.7114999999999996,soft_skills,teamwork,0.15800000000000003,0.772,0.014000000000000002,0.35600000000000004,0,623
Rim,Slimani,1.15,0.1,2.26,3.17,3A55,1.67,1.7777999999999998,creativity,soft_skills,0.22999999999999998,0.020000000000000004,0.45199999999999996,0.634,2,623
Manel,Khlifi,3.6,1.67,0.2,1.22,5SE32,1.6724999999999999,2.0294250000000003,hard_skills,teamwork,0.7200000000000001,0.334,0.04000000000000001,0.244,2,623
Sarra,Mansour,2.06,1.63,0.97,2.06,1A39,1.6800000000000002,0.2651333333333334,hard_skills,teamwork,0.41200000000000003,0.326,0.194,0.41200000000000003,2,624
Amine,Fourati,0.35,1.84,4.24,0.2,5ARCTIC60,1.6575,3.512158333333334,teamwork,creativity,0.06999999999999999,0.36800000000000005,0.8480000000000001,0.04000000000000001,1,624
Hatem,Abidi,2.24,1.58,0.07,2.72,3B67,1.6525,1.331425,creativity,teamwork,0.44800000000000006,0.31600000000000006,0.014000000000000002,0.544,2,624
Leila,Gharbi,1.01,1.65,1.69,2.37,1A23,1.68,0.3086666666666667,creativity,hard_skills,0.202,0.33,0.338,0.47400000000000003,2,624
Sofiene,Ben Amor,2.09,0.23,2.81,1.58,3A19,1.6775,1.185825,teamwork,soft_skills,0.418,0.046000000000000006,0.562,0.31600000000000006,2,625
Foued,Haddad,1.04,4.76,0.01,0.55,1A18,1.5899999999999999,4.643133333333333,soft_skills,teamwork,0.20800000000000002,0.952,0.002,0.11000000000000001,0,625
Siwar,Ben Salah,0.61,0.25,1.31,4.36,5ARCTIC60,1.6325,3.5000250000000004,creativity,soft_skills,0.122,0.05,0.262,0.8720000000000001,2,625
Ali,Ghanouchi,2.25,0.46,3.85,0.11,5SAE2,1.6675000000000002,2.9954916666666667,teamwork,creativity,0.45,0.09200000000000001,0.77,0.022000000000000002,2,625
Ghassen,Maaloul,2.21,1.59,2.23,0.66,5NIDS35,1.6724999999999999,0.5438916666666666,teamwork,creativity,0.442,0.31800000000000006,0.446,0.132,2,626
Hamza,Trabelsi,0.02,1.22,0.77,4.46,1A18,1.6175,3.8360250000000007,creativity,hard_skills,0.004,0.244,0.15400000000000003,0.892,2,626
Amel,Fourati,3.11,2.39,1.1,0.02,3B42,1.6549999999999998,1.8795000000000002,hard_skills,creativity,0.622,0.47800000000000004,0.22000000000000003,0.004,2,626
Zied,Bouazizi,0.16,0.66,3.87,1.94,1A33,1.6575000000000002,2.737491666666667,teamwork,hard_skills,0.032,0.132,0.774,0.388,2,626
Rania,Rekik,1.17,2.8,1.98,0.74,4GAMIX39,1.6724999999999999,0.8292916666666666,soft_skills,creativity,0.23399999999999999,0.5599999999999999,0.396,0.148,2,627
Oumaima,Guettari,2.04,0.23,0.49,3.81,3B11,1.6425,2.7264916666666665,creativity,soft_skills,0.40800000000000003,0.046000000000000006,0.098,0.762,2,627
Sarra,Chouchene,1.46,0.44,4.32,0.4,3B96,1.6550000000000002,3.397166666666667,teamwork,creativity,0.292,0.08800000000000001,0.8640000000000001,0.08000000000000002,2,627
Ghassen,Turki,0.63,3.82,0.78,1.36,1A85,1.6475000000000002,2.196758333333333,soft_skills,hard_skills,0.126,0.764,0.15600000000000003,0.272,0,627
Lotfi,Saidi,0.88,2.08,1.03,2.68,2P51,1.6675,0.7406250000000002,creativity,hard_skills,0.17600000000000002,0.41600000000000004,0.20600000000000002,0.536,2,628
Leila,Mabrouk,2.58,0.16,3.0,0.93,5IOSYS22,1.6675,1.8082250000000002,teamwork,soft_skills,0.516,0.032,0.6000000000000001,0.18600000000000003,2,628
Rami,Jlassi,0.78,2.35,2.83,0.7,1A74,1.665,1.1803000000000001,teamwork,creativity,0.15600000000000003,0.47000000000000003,0.5660000000000001,0.13999999999999999,1,628
Mehdi,Abidi,2.72,0.67,0.95,2.32,5SAE59,1.665,1.0144333333333335,hard_skills,soft_skills,0.544,0.134,0.19,0.46399999999999997,2,628
Anis,Ghanouchi,4.04,0.32,1.13,1.17,1A90,1.665,2.6603,hard_skills,soft_skills,0.808,0.064,0.22599999999999998,0.23399999999999999,2,629
Oussama,Miled,0.08,3.68,1.07,1.66,5SLEAM43,1.6225,2.306425,soft_skills,hard_skills,0.016,0.7360000000000001,0.21400000000000002,0.332,0,629
Asma,Turki,0.5,1.72,3.21,1.21,4SAE18,1.66,1.318066666666667,teamwork,hard_skills,0.1,0.34400000000000003,0.642,0.242,2,629
Mohamed,Jaziri,2.31,1.03,1.52,1.8,5GAMIX57,1.6649999999999998,0.2861666666666667,hard_skills,soft_skills,0.462,0.20600000000000002,0.30400000000000005,0.36000000000000004,2,629
Zied,Sassi,0.23,1.7,2.69,1.99,5NIDS35,1.6525,1.0720249999999998,teamwork,hard_skills,0.046000000000000006,0.34,0.538,0.398,2,630
Iheb,Ben Amor,4.59,1.33,0.18,0.27,2A63,1.5924999999999998,4.266024999999999,hard_skills,teamwork,0.918,0.266,0.036,0.054000000000000006,2,630
Hiba,Khemiri,0.81,1.04,2.19,2.55,1A64,1.6475,0.7264249999999999,creativity,hard_skills,0.16200000000000003,0.20800000000000002,0.438,0.51,2,630
Manel,Hamdi,0.44,3.37,1.78,0.96,2A27,1.6375,1.6382916666666667,soft_skills,hard_skills,0.08800000000000001,0.674,0.35600000000000004,0.192,1,630
Amine,Ben Ali,1.29,2.17,2.54,0.6,5INFINI39,1.65,0.7648666666666667,teamwork,creativity,0.258,0.434,0.508,0.12,2,631
Mouna,Chebbi,1.32,0.81,0.43,3.9,3A60,1.615,2.4535,creativity,teamwork,0.264,0.16200000000000003,0.08600000000000001,0.78,2,631
Mehdi,Chebbi,2.36,0.63,3.12,0.48,4GAMIX83,1.6475,1.691425,teamwork,creativity,0.472,0.126,0.6240000000000001,0.096,2,631
Khalil,Saidi,0.14,3.74,0.52,2.03,3A10,1.6075,2.6874250000000006,soft_skills,hard_skills,0.028000000000000004,0.7480000000000001,0.10400000000000001,0.40599999999999997,0,631
Rym,Toumi,2.24,0.07,2.96,1.32,3B60,1.6475,1.5564916666666664,teamwork,soft_skills,0.44800000000000006,0.014000000000000002,0.592,0.264,2,632
Fatma,Belkhir,0.29,3.84,0.15,2.11,1A10,1.5975000000000001,3.032091666666666,soft_skills,teamwork,0.057999999999999996,0.768,0.03,0.422,0,632
Oussama,Belkhir,3.06,0.5,2.65,0.33,2P30,1.635,2.0173666666666663,hard_skills,creativity,0.6120000000000001,0.1,0.53,0.066,2,632
Ali,Nasri,0.55,0.77,2.41,2.8,5ARCTIC60,1.6325,1.2944249999999997,creativity,hard_skills,0.11000000000000001,0.15400000000000003,0.48200000000000004,0.5599999999999999,2,632
Wassim,Driss,1.52,0.41,2.66,1.99,5SLEAM19,1.645,0.8967000000000002,teamwork,soft_skills,0.30400000000000005,0.082,0.532,0.398,2,633
Amine,Trabelsi,0.47,4.36,0.66,0.83,2A63,1.58,3.4564666666666675,soft_skills,hard_skills,0.094,0.8720000000000001,0.132,0.166,0,633
Nour,Driss,4.01,1.26,0.92,0.33,2A77,1.63,2.665133333333333,hard_skills,creativity,0.802,0.252,0.18400000000000002,0.066,2,633
Walid,Chaabane,0.8,0.66,3.28,1.73,1A23,1.6175000000000002,1.4538916666666664,teamwork,soft_skills,0.16000000000000003,0.132,0.656,0.34600000000000003,2,633
Chaima,Ferjani,2.38,1.26,1.85,1.09,4BI6,1.645,0.34616666666666657,hard_skills,creativity,0.476,0.252,0.37000000000000005,0.21800000000000003,2,634
Lobna,Fourati,0.03,1.26,0.62,4.43,2P87,1.585,3.849633333333333,creativity,hard_skills,0.006,0.252,0.124,0.886,2,634
Wafa,Hamdi,1.17,1.17,4.06,0.16,5INFINI39,1.64,2.8295333333333335,teamwork,creativity,0.23399999999999999,0.23399999999999999,0.8119999999999999,0.032,1,634
Hamza,Driss,3.89,2.11,0.17,0.32,3B4,1.6225,3.0618250000000002,hard_skills,teamwork,0.778,0.422,0.034,0.064,2,634
Karim,Sassi,2.28,1.72,1.85,0.69,2P36,1.6349999999999998,0.4541666666666666,hard_skills,creativity,0.45599999999999996,0.34400000000000003,0.37000000000000005,0.13799999999999998,2,635
Adel,Hamdi,2.21,0.77,0.75,2.73,3A97,1.615,1.0198333333333334,creativity,teamwork,0.442,0.15400000000000003,0.15000000000000002,0.546,2,635
Chokri,Lahmar,0.3,2.64,2.94,0.58,1A13,1.615,1.8689,teamwork,hard_skills,0.06,0.528,0.588,0.11599999999999999,1,635
Mehdi,Mabrouk,3.08,2.12,0.88,0.43,3A88,1.6275,1.4483583333333334,hard_skills,creativity,0.6160000000000001,0.42400000000000004,0.17600000000000002,0.08600000000000001,2,635
Sabrine,Slimani,2.34,0.64,2.92,0.56,5IOSYS7,1.6150000000000002,1.4307666666666663,teamwork,creativity,0.46799999999999997,0.128,0.584,0.11200000000000002,2,636
Tarek,Ammar,1.07,2.64,0.08,2.59,2A32,1.595,1.5509666666666666,soft_skills,teamwork,0.21400000000000002,0.528,0.016,0.518,0,636
Siwar,Ben Ali,2.21,0.96,1.19,2.09,3A69,1.6124999999999998,0.39642499999999997,hard_skills,soft_skills,0.442,0.192,0.238,0.418,2,636
Rym,Trabelsi,0.17,2.74,2.94,0.56,5GAMIX38,1.6025,2.073891666666667,teamwork,hard_skills,0.034,0.548,0.588,0.11200000000000002,1,636
Ali,Baccouche,2.0,1.47,2.3,0.65,1A7,1.605,0.5230999999999999,teamwork,creativity,0.4,0.294,0.45999999999999996,0.13,2,637
Bilel,Haddad,1.54,1.52,0.19,3.08,2A75,1.5825,1.3957583333333334,creativity,teamwork,0.30800000000000005,0.30400000000000005,0.038000000000000006,0.6160000000000001,2,637
Ghada,Chaabane,0.21,1.11,4.15,0.92,2A71,1.5975000000000001,3.045691666666667,teamwork,hard_skills,0.042,0.22200000000000003,0.8300000000000001,0.18400000000000002,1,637
Sabrine,Turki,3.98,1.74,0.2,0.49,3A19,1.6025,2.9586916666666667,hard_skills,teamwork,0.796,0.34800000000000003,0.04000000000000001,0.098,2,637
Nabil,Gharbi,0.0,3.73,1.13,1.55,3B4,1.6024999999999998,2.440091666666667,soft_skills,hard_skills,0.0,0.746,0.22599999999999998,0.31000000000000005,0,638
Farah,Baccouche,4.63,1.13,0.36,0.23,2A27,1.5875000000000001,4.271891666666666,hard_skills,creativity,0.926,0.22599999999999998,0.072,0.046000000000000006,2,638
Ghada,Mejri,0.49,0.59,2.41,2.85,1A10,1.585,1.4899666666666667,creativity,hard_skills,0.098,0.118,0.48200000000000004,0.5700000000000001,2,638
Farah,Ammar,1.0,1.1,4.13,0.15,1A80,1.5950000000000002,3.0377666666666663,teamwork,creativity,0.2,0.22000000000000003,0.8260000000000001,0.03,1,638
Zaineb,Haddad,2.28,2.36,1.2,0.56,3B12,1.6,0.7605333333333331,soft_skills,creativity,0.45599999999999996,0.472,0.24,0.11200000000000002,2,639
Manel,Driss,0.02,0.95,1.99,3.3,3B49,1.565,1.9853666666666665,creativity,hard_skills,0.004,0.19,0.398,0.66,2,639
Chaima,Ghanouchi,4.25,1.39,0.42,0.28,5GAMIX42,1.585,3.400166666666667,hard_skills,creativity,0.8500000000000001,0.27799999999999997,0.084,0.05600000000000001,2,639
Ghassen,Karoui,0.13,3.56,2.49,0.2,5SIM56,1.595,2.9181666666666666,soft_skills,hard_skills,0.026000000000000002,0.7120000000000001,0.49800000000000005,0.04000000000000001,1,639
Khalil,Khlifi,2.53,1.46,1.61,0.8,3A97,1.5999999999999999,0.5081999999999999,hard_skills,creativity,0.506,0.292,0.32200000000000006,0.16000000000000003,2,640
Sonia,Nasri,0.17,3.96,0.77,1.42,2A49,1.58,2.778066666666667,soft_skills,hard_skills,0.034,0.792,0.15400000000000003,0.284,0,640
Mouna,Chouchene,1.94,0.2,2.43,1.78,2A75,1.5875000000000001,0.9320916666666669,teamwork,soft_skills,0.388,0.04000000000000001,0.48600000000000004,0.35600000000000004,2,640
Oumaima,Toumi,2.59,0.5,2.02,1.27,3A97,1.5949999999999998,0.8251,hard_skills,soft_skills,0.518,0.1,0.404,0.254,2,640
Yasmine,Chebbi,3.19,0.63,1.65,0.92,5SLEAM43,1.5975,1.3112916666666665,hard_skills,soft_skills,0.638,0.126,0.33,0.18400000000000002,2,641
Hichem,Kanzari,0.28,3.28,0.8,1.86,3B67,1.555,1.7547666666666666,soft_skills,hard_skills,0.05600000000000001,0.656,0.16000000000000003,0.37200000000000005,0,641
Dorra,Lahmar,0.66,0.28,4.93,0.4,2A6,1.5675000000000001,5.050224999999999,teamwork,soft_skills,0.132,0.05600000000000001,0.986,0.08000000000000002,1,641
Lina,Miled,2.39,0.26,0.2,3.42,5SAE33,1.5675000000000001,2.562625,creativity,teamwork,0.47800000000000004,0.052000000000000005,0.04000000000000001,0.684,2,641
Aymen,Turki,1.48,0.73,2.93,1.21,5TWIN27,1.5875000000000001,0.8972250000000002,teamwork,soft_skills,0.296,0.146,0.5860000000000001,0.242,2,642
Zaineb,Jebali,2.08,3.11,0.39,0.77,5SAE33,1.5875,1.5542916666666666,soft_skills,teamwork,0.41600000000000004,0.622,0.07800000000000001,0.15400000000000003,2,642
Emna,Kanzari,1.4,0.6,0.22,3.93,2A58,1.5375,2.7858916666666667,creativity,teamwork,0.27999999999999997,0.12,0.044000000000000004,0.786,2,642
Zied,Baccouche,1.53,0.44,4.14,0.19,3B60,1.575,3.262566666666666,teamwork,creativity,0.30600000000000005,0.08800000000000001,0.828,0.038000000000000006,2,642
Manel,Miled,0.96,2.85,1.84,0.69,1A13,1.585,0.9523000000000001,soft_skills,creativity,0.192,0.5700000000000001,0.36800000000000005,0.13799999999999998,2,643
Bechir,Ben Amor,3.36,0.12,0.83,1.97,1A74,1.5699999999999998,2.0047333333333333,hard_skills,soft_skills,0.672,0.024,0.166,0.394,2,643
Haythem,Mansour,0.15,1.1,4.26,0.78,5SLEAM43,1.5725,3.3658249999999996,teamwork,hard_skills,0.03,0.22000000000000003,0.852,0.15600000000000003,1,643
Manel,Ayari,1.81,1.55,0.01,2.85,3A69,1.5550000000000002,1.3763666666666667,creativity,teamwork,0.36200000000000004,0.31000000000000005,0.002,0.5700000000000001,2,643
Mehdi,Ben Amor,2.61,1.13,2.57,0.01,2A25,1.5799999999999998,1.5694666666666663,hard_skills,creativity,0.522,0.22599999999999998,0.514,0.002,2,644
Rania,Chebbi,0.26,2.42,0.26,3.17,2A61,1.5274999999999999,2.2358249999999997,creativity,hard_skills,0.052000000000000005,0.484,0.052000000000000005,0.634,0,644
Foued,Zayani,1.41,1.79,1.55,1.56,1A85,1.5775000000000001,0.024758333333333344,soft_skills,hard_skills,0.282,0.35800000000000004,0.31000000000000005,0.31200000000000006,2,644
Hend,Mansour,4.12,0.68,0.23,1.23,1A39,1.565,3.068566666666667,hard_skills,teamwork,0.8240000000000001,0.136,0.046000000000000006,0.246,2,644
Hela,Guettari,1.32,3.64,1.3,0.06,1A95,1.5799999999999998,2.233333333333334,soft_skills,creativity,0.264,0.7280000000000001,0.26,0.012,1,645
Oumaima,Khemiri,0.94,0.36,0.37,4.41,1A10,1.52,3.7855333333333334,creativity,soft_skills,0.188,0.072,0.074,0.8820000000000001,2,645
Foued,Maaloul,1.37,1.19,3.46,0.2,1A95,1.555,1.8775000000000002,teamwork,creativity,0.274,0.238,0.6920000000000001,0.04000000000000001,2,645
Marwen,Zayani,3.26,0.77,0.47,1.72,5SLEAM43,1.5549999999999997,1.5758999999999999,hard_skills,teamwork,0.652,0.15400000000000003,0.094,0.34400000000000003,2,645
Sami,Bouazizi,2.25,2.16,1.11,0.78,4GAMIX83,1.5750000000000002,0.5487000000000001,hard_skills,creativity,0.45,0.43200000000000005,0.22200000000000003,0.15600000000000003,2,646
Hela,Driss,0.21,0.19,3.57,2.24,4GAMIX39,1.5525,2.733891666666667,teamwork,soft_skills,0.042,0.038000000000000006,0.714,0.44800000000000006,2,646
Rim,Chouchene,2.21,2.95,1.06,0.07,3B96,1.5725000000000002,1.6080250000000003,soft_skills,creativity,0.442,0.5900000000000001,0.21200000000000002,0.014000000000000002,2,646
Mehdi,Ben Salah,1.22,1.68,1.61,1.77,4IOSYS40,1.5699999999999998,0.05873333333333333,creativity,hard_skills,0.244,0.336,0.32200000000000006,0.35400000000000004,2,646
Youssef,Bouazizi,1.5,2.07,1.43,1.3,3B67,1.575,0.11576666666666661,soft_skills,creativity,0.30000000000000004,0.414,0.286,0.26,2,647
Wided,Baccouche,0.91,0.26,2.57,2.48,4SAE18,1.555,1.3262999999999998,teamwork,soft_skills,0.18200000000000002,0.052000000000000005,0.514,0.496,2,647
Fares,Gharbi,2.9,2.6,0.14,0.53,5IOSYS7,1.5425,1.9844249999999999,hard_skills,teamwork,0.58,0.52,0.028000000000000004,0.10600000000000001,2,647
Salma,Toumi,0.16,1.23,3.62,1.24,2A63,1.5625,2.138291666666667,teamwork,hard_skills,0.032,0.246,0.7240000000000001,0.248,2,647
Fethi,Mejri,1.23,2.69,1.29,1.08,5TWIN27,1.5725,0.562825,soft_skills,creativity,0.246,0.538,0.258,0.21600000000000003,2,648
Siwar,Chaabane,0.91,0.42,3.57,1.34,1A39,1.56,1.9368666666666663,teamwork,soft_skills,0.18200000000000002,0.084,0.714,0.268,2,648
Rania,Ghanouchi,3.26,0.83,0.5,1.61,1A23,1.55,1.5161999999999998,hard_skills,teamwork,0.652,0.166,0.1,0.32200000000000006,2,648
Mohamed,Driss,0.96,2.55,0.86,1.81,2P19,1.545,0.6305666666666666,soft_skills,teamwork,0.192,0.51,0.17200000000000001,0.36200000000000004,2,648
Hedi,Khemiri,2.65,0.97,1.92,0.71,1A95,1.5625,0.7960916666666665,hard_skills,creativity,0.53,0.194,0.384,0.142,2,649
Bechir,Toumi,0.63,2.51,0.46,2.51,1A48,1.5274999999999999,1.2918916666666662,soft_skills,teamwork,0.126,0.502,0.09200000000000001,0.502,2,649
Ahmed,Driss,1.85,1.32,2.84,0.23,4BI6,1.56,1.1829999999999998,teamwork,creativity,0.37000000000000005,0.264,0.568,0.046000000000000006,2,649
Ghassen,Rekik,0.54,1.6,1.83,2.24,1A77,1.5525000000000002,0.5256916666666668,creativity,hard_skills,0.10800000000000001,0.32000000000000006,0.36600000000000005,0.44800000000000006,2,649
Sarra,Jebali,0.89,2.47,2.31,0.55,4SAE18,1.555,0.9531666666666668,soft_skills,creativity,0.17800000000000002,0.49400000000000005,0.462,0.11000000000000001,2,650
Zaineb,Baccouche,4.31,0.69,0.06,1.02,4GAMIX83,1.52,3.6181999999999994,hard_skills,teamwork,0.862,0.13799999999999998,0.012,0.20400000000000001,2,650
Emna,Jlassi,0.19,1.48,1.88,2.61,1A95,1.54,1.0288666666666666,creativity,hard_skills,0.038000000000000006,0.296,0.376,0.522,2,650
Emna,Lahmar,0.34,2.83,2.59,0.42,5BI77,1.545,1.8202999999999998,soft_skills,hard_skills,0.068,0.5660000000000001,0.518,0.084,1,650
Mehdi,Kanzari,2.0,1.73,0.41,2.06,1A13,1.5499999999999998,0.5982000000000001,creativity,teamwork,0.4,0.34600000000000003,0.082,0.41200000000000003,2,651
Skander,Abidi,1.03,0.19,3.7,1.12,1A7,1.51,2.307000000000001,teamwork,soft_skills,0.20600000000000002,0.038000000000000006,0.7400000000000001,0.22400000000000003,2,651
Asma,Khemiri,0.83,3.47,1.13,0.73,4ARCTIC27,1.54,1.6844000000000003,soft_skills,creativity,0.166,0.6940000000000001,0.22599999999999998,0.146,2,651
Wafa,Trabelsi,1.67,0.66,1.83,2.03,5TWIN2,1.5474999999999999,0.37175833333333325,creativity,soft_skills,0.334,0.132,0.36600000000000005,0.40599999999999997,2,651
Chokri,Driss,1.83,1.61,0.74,2.0,2P87,1.5450000000000002,0.31350000000000006,creativity,teamwork,0.36600000000000005,0.32200000000000006,0.148,0.4,2,652
Olfa,Ammar,2.44,1.21,2.46,0.07,4BI6,1.545,1.3087,teamwork,creativity,0.488,0.242,0.492,0.014000000000000002,2,652
Mariem,Fourati,0.23,1.27,1.63,2.98,5GAMIX42,1.5274999999999999,1.290025,creativity,hard_skills,0.046000000000000006,0.254,0.326,0.596,2,652
Haythem,Saidi,2.26,1.43,1.86,0.61,2A63,1.54,0.4992666666666666,hard_skills,creativity,0.45199999999999996,0.286,0.37200000000000005,0.122,2,652
Tarek,Slimani,1.42,1.94,0.27,2.54,2A35,1.5425,0.9290916666666668,creativity,teamwork,0.284,0.388,0.054000000000000006,0.508,2,653
Hela,Makni,1.88,0.53,2.7,1.01,3B84,1.53,0.9206000000000002,teamwork,soft_skills,0.376,0.10600000000000001,0.54,0.202,2,653
Sofiene,Trabelsi,0.42,1.78,2.66,1.28,3A97,1.5350000000000001,0.8779666666666667,teamwork,hard_skills,0.084,0.35600000000000004,0.532,0.256,2,653
Ghada,Ben Ali,1.8,2.15,0.37,1.82,3A96,1.5350000000000001,0.6289666666666666,soft_skills,teamwork,0.36000000000000004,0.43,0.074,0.36400000000000005,2,653
Lina,Gharbi,2.04,0.73,2.12,1.27,3A60,1.54,0.4384666666666667,teamwork,soft_skills,0.40800000000000003,0.146,0.42400000000000004,0.254,2,654
Nour,Haddad,0.71,3.55,0.36,1.43,3A19,1.5125,2.0434916666666663,soft_skills,teamwork,0.142,0.71,0.072,0.286,0,654
Zied,Guettari,1.5,0.45,1.71,2.46,4GAMIX83,1.53,0.6882,creativity,soft_skills,0.30000000000000004,0.09000000000000001,0.342,0.492,2,654
Nadia,Haddad,2.29,1.18,1.75,0.92,5SLEAM19,1.535,0.3735000000000001,hard_skills,creativity,0.458,0.236,0.35000000000000003,0.18400000000000002,2,654
Mouna,Mabrouk,1.37,2.03,0.27,2.46,5SLEAM19,1.5325,0.9093583333333332,creativity,teamwork,0.274,0.40599999999999997,0.054000000000000006,0.492,2,655
Zied,Khlifi,1.59,0.8,2.96,0.69,5IOSYS5,1.5099999999999998,1.0951333333333333,teamwork,creativity,0.31800000000000006,0.16000000000000003,0.592,0.13799999999999998,2,655
Rania,Jaziri,0.56,1.18,1.38,3.01,4SAE18,1.5325,1.0920916666666665,creativity,hard_skills,0.11200000000000002,0.236,0.27599999999999997,0.602,2,655
Rym,Khemiri,4.35,0.71,0.79,0.18,4IOSYS40,1.5074999999999998,3.664291666666666,hard_skills,creativity,0.87,0.142,0.15800000000000003,0.036,2,655
Rami,Mansour,1.36,0.43,2.1,2.21,5SLEAM19,1.525,0.6753666666666667,creativity,soft_skills,0.272,0.08600000000000001,0.42000000000000004,0.442,2,656
Mohamed,Ammar,1.16,4.48,0.08,0.26,2A49,1.495,4.183300000000001,soft_skills,teamwork,0.23199999999999998,0.8960000000000001,0.016,0.052000000000000005,0,656
Marwen,Jlassi,3.24,0.2,2.02,0.58,5TWIN2,1.5100000000000002,1.9446666666666668,hard_skills,soft_skills,0.6480000000000001,0.04000000000000001,0.404,0.11599999999999999,2,656
Adel,Haddad,0.39,0.7,1.04,3.88,2P87,1.5025,2.582691666666667,creativity,hard_skills,0.07800000000000001,0.13999999999999999,0.20800000000000002,0.776,2,656
Manel,Lahmar,2.41,1.38,0.49,1.81,5NIDS35,1.5225,0.6522250000000002,hard_skills,teamwork,0.48200000000000004,0.27599999999999997,0.098,0.36200000000000004,2,657
Rami,Hamdi,0.48,1.75,3.3,0.32,2P30,1.4625,1.909891666666666,teamwork,creativity,0.096,0.35000000000000003,0.66,0.064,1,657
Nadia,Turki,2.64,0.46,0.91,2.07,2A77,1.52,1.0175333333333334,hard_skills,soft_skills,0.528,0.09200000000000001,0.18200000000000002,0.414,2,657
Sarra,Mabrouk,1.7,3.88,0.28,0.18,1A13,1.51,2.978266666666667,soft_skills,creativity,0.34,0.776,0.05600000000000001,0.036,2,657
Lina,Jaziri,2.04,0.93,1.2,1.91,1A13,1.52,0.291,hard_skills,soft_skills,0.40800000000000003,0.18600000000000003,0.24,0.382,2,658
Dorra,Mabrouk,0.63,3.73,1.59,0.05,3B23,1.5,2.6134666666666666,soft_skills,creativity,0.126,0.746,0.31800000000000006,0.010000000000000002,1,658
Meriem,Fourati,1.15,0.03,1.55,3.27,2P87,1.5,1.8062666666666667,creativity,soft_skills,0.22999999999999998,0.006,0.31000000000000005,0.654,2,658
Eya,Trabelsi,4.11,0.25,0.67,0.98,3B12,1.5025,3.1112916666666677,hard_skills,soft_skills,0.8220000000000001,0.05,0.134,0.196,2,658
Farah,Jaziri,2.37,0.84,0.88,1.97,3B60,1.515,0.5989666666666668,hard_skills,soft_skills,0.47400000000000003,0.168,0.17600000000000002,0.394,2,659
Wafa,Kanzari,0.05,3.08,2.32,0.36,5TWIN27,1.4525,2.1872916666666664,soft_skills,hard_skills,0.010000000000000002,0.6160000000000001,0.46399999999999997,0.072,1,659
Skander,Jebali,1.64,0.09,1.28,2.98,1A80,1.4975,1.4154916666666668,creativity,soft_skills,0.328,0.018,0.256,0.596,2,659
Wided,Makni,1.82,1.69,1.21,1.33,2P82,1.5125,0.08362500000000002,hard_skills,teamwork,0.36400000000000005,0.338,0.242,0.266,2,659
Omar,Jaziri,1.53,1.36,0.39,2.75,2A25,1.5075,0.9382916666666667,creativity,teamwork,0.30600000000000005,0.272,0.07800000000000001,0.55,2,660
Salma,Sassi,0.99,1.57,2.57,0.85,3A82,1.4949999999999999,0.6107666666666666,teamwork,creativity,0.198,0.31400000000000006,0.514,0.17,2,660
Skander,Chouchene,3.43,2.22,0.3,0.01,3A55,1.49,2.6343333333333336,hard_skills,creativity,0.686,0.44400000000000006,0.06,0.002,2,660
Rim,Bouazizi,0.55,0.59,0.76,4.07,4SIM89,1.4925000000000002,2.960958333333334,creativity,hard_skills,0.11000000000000001,0.118,0.15200000000000002,0.8140000000000001,2,660
Fatma,Sassi,1.69,1.58,1.28,1.47,3A97,1.505,0.03056666666666666,hard_skills,teamwork,0.338,0.31600000000000006,0.256,0.294,2,661
Skander,Bouazizi,1.71,0.56,1.78,1.95,1A13,1.5,0.40286666666666665,creativity,soft_skills,0.342,0.11200000000000002,0.35600000000000004,0.39,2,661
Oussama,Ghanouchi,2.05,2.22,0.98,0.71,4NIDS26,1.49,0.5716666666666667,soft_skills,creativity,0.41,0.44400000000000006,0.196,0.142,2,661
Mouna,Cherif,0.47,0.54,1.93,3.0,3B81,1.4849999999999999,1.4721666666666664,creativity,hard_skills,0.094,0.10800000000000001,0.386,0.6000000000000001,2,661
Zied,Mejri,3.07,0.85,0.49,1.56,3B11,1.4925000000000002,1.3036249999999998,hard_skills,teamwork,0.614,0.17,0.098,0.31200000000000006,2,662
Anis,Jaziri,0.01,2.23,3.35,0.0,5SAE59,1.3975,2.794491666666667,teamwork,creativity,0.002,0.446,0.67,0.0,1,662
Ahmed,Zayani,1.21,0.9,0.77,3.09,2A75,1.4925,1.1682916666666665,creativity,teamwork,0.242,0.18000000000000002,0.15400000000000003,0.618,2,662
Marwen,Gharbi,1.03,2.31,0.35,2.23,4ARCTIC27,1.48,0.9102666666666664,soft_skills,teamwork,0.20600000000000002,0.462,0.06999999999999999,0.446,2,662
Amine,Turki,1.65,0.14,1.86,2.29,5NIDS7,1.485,0.8749666666666668,creativity,soft_skills,0.33,0.028000000000000004,0.37200000000000005,0.458,2,663
Sarra,Khlifi,1.58,3.28,0.83,0.19,2A49,1.47,1.7787333333333333,soft_skills,creativity,0.31600000000000006,0.656,0.166,0.038000000000000006,2,663
Karim,Saidi,1.76,0.77,1.0,2.4,2A35,1.4825,0.5530916666666666,creativity,soft_skills,0.35200000000000004,0.15400000000000003,0.2,0.48,2,663
Sonia,Fourati,1.03,1.62,1.85,1.4,1A55,1.475,0.1217666666666667,teamwork,hard_skills,0.20600000000000002,0.32400000000000007,0.37000000000000005,0.27999999999999997,2,663
Cyrine,Jaziri,4.18,0.02,0.13,1.57,3A55,1.4749999999999999,3.7506999999999997,hard_skills,soft_skills,0.836,0.004,0.026000000000000002,0.31400000000000006,2,664
Eya,Slimani,0.56,2.23,2.32,0.69,2P82,1.4499999999999997,0.9116666666666665,teamwork,hard_skills,0.11200000000000002,0.446,0.46399999999999997,0.13799999999999998,2,664
Mariem,Haddad,0.66,2.8,0.0,2.37,3A97,1.4575,1.798425,soft_skills,teamwork,0.132,0.5599999999999999,0.0,0.47400000000000003,0,664
Mariem,Makni,1.16,0.47,3.36,0.83,5SLEAM43,1.455,1.6922999999999997,teamwork,soft_skills,0.23199999999999998,0.094,0.672,0.166,2,664
Hatem,Mabrouk,1.65,2.56,0.18,1.49,1A23,1.47,0.9616666666666668,soft_skills,teamwork,0.33,0.512,0.036,0.298,2,665
Sami,Sassi,1.2,0.14,3.56,0.85,3B67,1.4375,2.1966916666666667,teamwork,soft_skills,0.24,0.028000000000000004,0.7120000000000001,0.17,2,665
Lobna,Hamdi,0.87,0.34,0.34,4.26,2A98,1.4525,3.565558333333333,creativity,soft_skills,0.17400000000000002,0.068,0.068,0.852,2,665
Rym,Chaabane,1.98,2.37,0.86,0.66,3A97,1.4675,0.6994250000000001,soft_skills,creativity,0.396,0.47400000000000003,0.17200000000000001,0.132,2,665
Sami,Maaloul,2.4,0.99,1.47,1.02,1A23,1.4699999999999998,0.43259999999999993,hard_skills,soft_skills,0.48,0.198,0.294,0.20400000000000001,2,666
Amel,Mabrouk,0.61,3.42,0.47,1.27,3B67,1.4425,1.8596916666666665,soft_skills,teamwork,0.122,0.684,0.094,0.254,2,666
Mohamed,Khemiri,1.68,0.4,2.05,1.71,5TWIN2,1.46,0.5275333333333333,teamwork,soft_skills,0.336,0.08000000000000002,0.41,0.342,2,666
Bechir,Jlassi,2.67,0.33,2.1,0.77,5GAMIX79,1.4674999999999998,1.208825,hard_skills,soft_skills,0.534,0.066,0.42000000000000004,0.15400000000000003,2,666
Wafa,Belkhir,2.72,1.65,0.49,1.01,3B67,1.4675,0.9222916666666668,hard_skills,teamwork,0.544,0.33,0.098,0.202,2,667
Marwen,Jaziri,0.01,0.12,3.61,1.95,5IOSYS5,1.4224999999999999,2.9183583333333334,teamwork,hard_skills,0.002,0.024,0.722,0.39,2,667
Hiba,Cherif,1.54,1.98,0.2,2.13,5SLEAM19,1.4625,0.7710916666666666,creativity,teamwork,0.30800000000000005,0.396,0.04000000000000001,0.426,2,667
Salma,Khemiri,3.25,0.18,2.24,0.19,3B42,1.465,2.354566666666667,hard_skills,soft_skills,0.65,0.036,0.44800000000000006,0.038000000000000006,2,667
Lotfi,Trabelsi,3.68,0.65,0.28,1.26,1A13,1.4675,2.338891666666667,hard_skills,teamwork,0.7360000000000001,0.13,0.05600000000000001,0.252,2,668
Rania,Mejri,0.65,1.39,2.94,0.82,3B23,1.4500000000000002,1.0868666666666666,teamwork,hard_skills,0.13,0.27799999999999997,0.588,0.164,2,668
Iheb,Mansour,0.75,1.12,0.73,3.21,1A82,1.4525000000000001,1.404958333333333,creativity,teamwork,0.15000000000000002,0.22400000000000003,0.146,0.642,2,668
Foued,Ben Salah,0.77,3.05,0.28,1.65,5GAMIX57,1.4375,1.4768916666666663,soft_skills,teamwork,0.15400000000000003,0.61,0.05600000000000001,0.33,2,668
Hichem,Jlassi,3.44,0.77,0.86,0.77,3B85,1.46,1.7442,hard_skills,soft_skills,0.6880000000000001,0.15400000000000003,0.17200000000000001,0.15400000000000003,2,669
Salma,Ghanouchi,0.22,1.46,1.45,2.62,1A55,1.4375,0.9604250000000002,creativity,hard_skills,0.044000000000000004,0.292,0.29,0.524,2,669
Skander,Turki,0.89,0.66,2.81,1.42,5GAMIX38,1.445,0.9293666666666666,teamwork,soft_skills,0.17800000000000002,0.132,0.562,0.284,2,669
Chokri,Makni,3.24,2.23,0.13,0.16,2A63,1.4400000000000002,2.4062,hard_skills,teamwork,0.6480000000000001,0.446,0.026000000000000002,0.032,2,669
Rania,Belkhir,0.68,1.33,0.75,3.01,1A10,1.4425,1.1768916666666664,creativity,hard_skills,0.136,0.266,0.15000000000000002,0.602,2,670
Nizar,Maaloul,3.15,0.38,1.92,0.28,3B23,1.4324999999999999,1.8744916666666664,hard_skills,creativity,0.63,0.07600000000000001,0.384,0.05600000000000001,2,670
Wassim,Mejri,0.94,2.5,1.76,0.46,1A16,1.415,0.8113,soft_skills,creativity,0.188,0.5,0.35200000000000004,0.09200000000000001,2,670
Adel,Ben Ali,0.95,2.04,0.45,2.31,2A73,1.4375,0.7790250000000002,creativity,teamwork,0.19,0.40800000000000003,0.09000000000000001,0.462,2,670
Youssef,Trabelsi,3.38,0.64,1.37,0.35,2A63,1.4349999999999998,1.8655,hard_skills,creativity,0.676,0.128,0.274,0.06999999999999999,2,671
Rania,Guettari,0.01,2.11,0.15,3.21,3A75,1.3699999999999999,2.4237333333333333,creativity,hard_skills,0.002,0.422,0.03,0.642,2,671
Yasmine,Zayani,0.55,0.16,4.22,0.65,3A97,1.395,3.591633333333333,teamwork,soft_skills,0.11000000000000001,0.032,0.844,0.13,2,671
Ali,Mansour,2.33,2.34,0.12,0.94,3A96,1.4325,1.1980916666666666,soft_skills,teamwork,0.466,0.46799999999999997,0.024,0.188,2,671
Asma,Chebbi,4.92,0.21,0.22,0.37,3B11,1.43,5.418733333333335,hard_skills,soft_skills,0.984,0.042,0.044000000000000004,0.074,2,672
Lina,Mabrouk,0.06,0.82,0.63,3.97,2P51,1.37,3.1087333333333333,creativity,hard_skills,0.012,0.164,0.126,0.794,2,672
Iheb,Karoui,0.8,2.41,1.81,0.57,5SE32,1.3975,0.7456916666666668,soft_skills,creativity,0.16000000000000003,0.48200000000000004,0.36200000000000004,0.11399999999999999,2,672
Haythem,Belkhir,1.05,1.12,2.78,0.68,5TWIN2,1.4074999999999998,0.8744916666666666,teamwork,creativity,0.21000000000000002,0.22400000000000003,0.5559999999999999,0.136,2,672
Meriem,Karoui,4.51,0.35,0.26,0.6,2A32,1.4299999999999997,4.236866666666667,hard_skills,teamwork,0.902,0.06999999999999999,0.052000000000000005,0.12,2,673
Wided,Cherif,0.57,1.25,1.55,2.31,2P19,1.42,0.5201333333333333,creativity,hard_skills,0.11399999999999999,0.25,0.31000000000000005,0.462,2,673
Hichem,Turki,0.25,3.34,1.03,0.87,1A90,1.3725,1.8336249999999998,soft_skills,hard_skills,0.05,0.668,0.20600000000000002,0.17400000000000002,2,673
Yasmine,Belkhir,0.78,0.2,1.46,3.27,3A97,1.4275,1.7739583333333335,creativity,soft_skills,0.15600000000000003,0.04000000000000001,0.292,0.654,2,673
Nizar,Jaziri,2.44,1.93,0.82,0.51,2A35,1.425,0.8294999999999999,hard_skills,creativity,0.488,0.386,0.164,0.10200000000000001,2,674
Oussama,Makni,0.81,1.16,0.21,3.51,2A71,1.4224999999999999,2.0906249999999997,creativity,teamwork,0.16200000000000003,0.23199999999999998,0.042,0.702,2,674
Nour,Belkhir,0.73,0.29,3.81,0.72,4GAMIX39,1.3875,2.650291666666667,teamwork,soft_skills,0.146,0.057999999999999996,0.762,0.144,2,674
Walid,Fourati,1.93,2.23,0.76,0.77,2P51,1.4224999999999999,0.591425,soft_skills,teamwork,0.386,0.446,0.15200000000000002,0.15400000000000003,2,674
Nadia,Saidi,3.27,0.21,0.76,1.45,1A33,1.4225,1.7743583333333337,hard_skills,soft_skills,0.654,0.042,0.15200000000000002,0.29,2,675
Fethi,Kanzari,0.46,2.29,0.27,2.58,5SAE2,1.4,1.4483333333333335,creativity,teamwork,0.09200000000000001,0.458,0.054000000000000006,0.516,2,675
Hela,Slimani,0.35,0.57,3.61,1.0,2A71,1.3824999999999998,2.2780916666666666,teamwork,hard_skills,0.06999999999999999,0.11399999999999999,0.722,0.2,2,675
Fatma,Saidi,2.2,2.43,0.21,0.78,5SLEAM19,1.4050000000000002,1.1671000000000002,soft_skills,teamwork,0.44000000000000006,0.48600000000000004,0.042,0.15600000000000003,2,675
Aymen,Makni,3.26,0.31,1.89,0.21,2A89,1.4175,2.100891666666666,hard_skills,creativity,0.652,0.062,0.378,0.042,2,676
Lotfi,Bouazizi,0.31,1.72,0.9,2.61,1A92,1.3849999999999998,1.0012333333333332,creativity,hard_skills,0.062,0.34400000000000003,0.18000000000000002,0.522,2,676
Ines,Rekik,2.0,1.85,0.93,0.86,2A4,1.4100000000000001,0.3582,hard_skills,creativity,0.4,0.37000000000000005,0.18600000000000003,0.17200000000000001,2,676
Nadia,Makni,1.12,0.48,1.1,2.96,4SAE18,1.415,1.1491666666666667,creativity,soft_skills,0.22400000000000003,0.096,0.22000000000000003,0.592,2,676
Zaineb,Driss,2.39,0.49,1.65,1.14,2P19,1.4174999999999998,0.6456916666666669,hard_skills,soft_skills,0.47800000000000004,0.098,0.33,0.22799999999999998,2,677
Nadia,Zayani,0.85,4.04,0.45,0.04,3B4,1.345,3.3373666666666675,soft_skills,creativity,0.17,0.808,0.09000000000000001,0.008,2,677
Iheb,Bouazizi,2.13,0.0,0.33,3.19,1A1,1.4125,2.2804249999999997,creativity,soft_skills,0.426,0.0,0.066,0.638,2,677
Leila,Zayani,1.33,0.22,3.03,0.99,2A35,1.3925,1.407358333333333,teamwork,soft_skills,0.266,0.044000000000000004,0.606,0.198,2,677
Fethi,Lahmar,2.19,1.65,1.55,0.26,2A89,1.4124999999999999,0.6693583333333333,hard_skills,creativity,0.438,0.33,0.31000000000000005,0.052000000000000005,2,678
Amine,Bouazizi,0.69,0.62,0.44,3.77,2A27,1.38,2.5498,creativity,teamwork,0.13799999999999998,0.124,0.08800000000000001,0.754,2,678
Lotfi,Chaabane,1.4,0.92,2.34,0.95,5TWIN79,1.4025,0.43882499999999997,teamwork,soft_skills,0.27999999999999997,0.18400000000000002,0.46799999999999997,0.19,2,678
Lina,Chouchene,3.71,0.82,0.45,0.66,2P21,1.4100000000000001,2.3740666666666668,hard_skills,teamwork,0.742,0.164,0.09000000000000001,0.132,2,678
Mohamed,Sassi,4.78,0.17,0.06,0.63,5TWIN27,1.41,5.108466666666667,hard_skills,teamwork,0.9560000000000001,0.034,0.012,0.126,2,679
Anis,Baccouche,0.22,0.96,3.18,1.04,1A90,1.35,1.624666666666667,teamwork,hard_skills,0.044000000000000004,0.192,0.6360000000000001,0.20800000000000002,2,679
Chaima,Ayari,0.1,1.58,0.8,2.97,4BI6,1.3625000000000003,1.5138916666666669,creativity,hard_skills,0.020000000000000004,0.31600000000000006,0.16000000000000003,0.5940000000000001,2,679
Sabrine,Ben Salah,1.68,2.66,0.77,0.44,3B84,1.3875,0.9946250000000001,soft_skills,creativity,0.336,0.532,0.15400000000000003,0.08800000000000001,2,679
Wafa,Khlifi,1.66,0.88,0.77,2.31,1A33,1.405,0.5209666666666667,creativity,teamwork,0.332,0.17600000000000002,0.15400000000000003,0.462,2,680
Rym,Kanzari,1.6,0.91,2.62,0.42,2P21,1.3875000000000002,0.9094250000000001,teamwork,creativity,0.32000000000000006,0.18200000000000002,0.524,0.084,2,680
Omar,Trabelsi,1.6,2.72,0.54,0.66,3A70,1.3800000000000001,1.0226666666666668,soft_skills,teamwork,0.32000000000000006,0.544,0.10800000000000001,0.132,2,680
Salma,Ben Salah,2.24,0.27,1.41,1.69,4SIM62,1.4024999999999999,0.6888916666666667,hard_skills,soft_skills,0.44800000000000006,0.054000000000000006,0.282,0.338,2,680
Bechir,Ben Ali,2.24,0.82,1.44,1.06,4NIDS26,1.3900000000000001,0.38626666666666676,hard_skills,soft_skills,0.44800000000000006,0.164,0.288,0.21200000000000002,2,681
Sabrine,Ghanouchi,1.26,0.62,0.03,3.63,1A13,1.385,2.4923,creativity,teamwork,0.252,0.124,0.006,0.726,2,681
Karim,Ben Ali,0.84,0.64,3.68,0.15,3B4,1.3275000000000001,2.543691666666667,teamwork,creativity,0.168,0.128,0.7360000000000001,0.03,2,681
Hedi,Hamdi,2.06,1.12,1.22,1.15,2A63,1.3875000000000002,0.20275833333333337,hard_skills,soft_skills,0.41200000000000003,0.22400000000000003,0.244,0.22999999999999998,2,681
Lobna,Mabrouk,1.63,1.09,1.01,1.82,1A82,1.3875,0.15895833333333334,creativity,teamwork,0.326,0.21800000000000003,0.202,0.36400000000000005,2,682
Ali,Jebali,0.44,1.18,2.36,1.51,3A96,1.3724999999999998,0.6335583333333333,teamwork,hard_skills,0.08800000000000001,0.236,0.472,0.30200000000000005,2,682
Hatem,Miled,3.28,0.08,1.86,0.25,2A73,1.3675,2.2688916666666663,hard_skills,soft_skills,0.656,0.016,0.37200000000000005,0.05,2,682
Mariem,Ayari,1.3,0.85,0.48,2.87,2A58,1.375,1.1057666666666668,creativity,teamwork,0.26,0.17,0.096,0.5740000000000001,2,682
Hiba,Saidi,1.77,1.76,0.75,1.18,3B67,1.365,0.24416666666666667,hard_skills,teamwork,0.35400000000000004,0.35200000000000004,0.15000000000000002,0.236,2,683
Salma,Ferjani,0.78,0.12,2.13,2.42,2A35,1.3624999999999998,1.1968249999999998,creativity,soft_skills,0.15600000000000003,0.024,0.426,0.484,2,683
Sarra,Jlassi,1.54,0.42,2.57,0.93,3B93,1.3649999999999998,0.8549666666666665,teamwork,soft_skills,0.30800000000000005,0.084,0.514,0.18600000000000003,2,683
Oumaima,Sassi,1.32,2.03,0.13,1.9,3B60,1.3449999999999998,0.7513666666666666,soft_skills,teamwork,0.264,0.40599999999999997,0.026000000000000002,0.38,2,683
Ghada,Ferjani,0.86,1.52,1.95,1.06,3A19,1.3475000000000001,0.23769166666666663,teamwork,hard_skills,0.17200000000000001,0.30400000000000005,0.39,0.21200000000000002,2,684
Nadia,Sassi,4.24,0.8,0.0,0.27,4GAMIX39,1.3275000000000001,3.8804916666666665,hard_skills,teamwork,0.8480000000000001,0.16000000000000003,0.0,0.054000000000000006,2,684
Ali,Karoui,0.18,0.47,0.64,3.97,4GAMIX39,1.315,3.1689666666666674,creativity,hard_skills,0.036,0.094,0.128,0.794,2,684
Khadija,Ben Salah,0.49,0.06,4.49,0.23,2A89,1.3175000000000001,4.5044916666666674,teamwork,soft_skills,0.098,0.012,0.8980000000000001,0.046000000000000006,2,684
Hend,Baccouche,2.05,1.0,1.29,1.04,3A60,1.345,0.2373666666666666,hard_skills,soft_skills,0.41,0.2,0.258,0.20800000000000002,2,685
Hiba,Slimani,0.34,2.55,0.37,2.08,3B42,1.335,1.3175,soft_skills,hard_skills,0.068,0.51,0.074,0.41600000000000004,2,685
Wassim,Saidi,1.06,0.42,3.1,0.74,5TWIN79,1.33,1.4606666666666672,teamwork,soft_skills,0.21200000000000002,0.084,0.6200000000000001,0.148,2,685
Anis,Ben Amor,0.83,1.39,1.54,1.62,4GAMIX39,1.345,0.1269666666666667,creativity,hard_skills,0.166,0.27799999999999997,0.30800000000000005,0.32400000000000007,2,685
Lobna,Belkhir,1.62,0.54,0.64,2.53,1A82,1.3325,0.8747583333333332,creativity,soft_skills,0.32400000000000007,0.10800000000000001,0.128,0.506,2,686
Zaineb,Maaloul,1.86,0.92,2.22,0.26,2A75,1.315,0.7950333333333335,teamwork,creativity,0.37200000000000005,0.18400000000000002,0.44400000000000006,0.052000000000000005,2,686
Siwar,Hamdi,0.18,3.71,0.0,1.26,3B67,1.2875,2.917825,soft_skills,teamwork,0.036,0.742,0.0,0.252,0,686
Rania,Mansour,0.89,0.06,3.2,1.15,4BI6,1.3250000000000002,1.7785666666666666,teamwork,soft_skills,0.17800000000000002,0.012,0.6400000000000001,0.22999999999999998,2,686
Sami,Saidi,0.53,0.23,2.28,2.25,4NIDS26,1.3225,1.1995583333333333,teamwork,soft_skills,0.10600000000000001,0.046000000000000006,0.45599999999999996,0.45,2,687
Marwen,Rekik,2.78,1.7,0.13,0.5,3A82,1.2774999999999999,1.452425,hard_skills,teamwork,0.5559999999999999,0.34,0.026000000000000002,0.1,2,687
Samira,Sassi,0.25,1.43,2.37,1.22,2P30,1.3175,0.7564916666666668,teamwork,hard_skills,0.05,0.286,0.47400000000000003,0.244,2,687
Nizar,Belkhir,0.92,2.43,0.51,1.42,1A18,1.32,0.6860666666666667,soft_skills,teamwork,0.18400000000000002,0.48600000000000004,0.10200000000000001,0.284,2,687
Bechir,Nasri,0.24,1.09,1.94,2.02,2P87,1.3225,0.6978916666666666,creativity,hard_skills,0.048,0.21800000000000003,0.388,0.404,2,688
Asma,Makni,1.89,1.52,0.93,0.91,4SIM89,1.3125,0.22829166666666664,hard_skills,creativity,0.378,0.30400000000000005,0.18600000000000003,0.18200000000000002,2,688
Sofiene,Driss,2.77,0.0,0.82,1.62,1A55,1.3025,1.3945583333333333,hard_skills,soft_skills,0.554,0.0,0.164,0.32400000000000007,2,688
Iheb,Turki,0.76,2.8,0.36,1.28,2A25,1.2999999999999998,1.1418666666666664,soft_skills,teamwork,0.15200000000000002,0.5599999999999999,0.072,0.256,2,688
Ines,Jebali,0.34,0.88,3.52,0.38,3A19,1.28,2.2904000000000004,teamwork,hard_skills,0.068,0.17600000000000002,0.7040000000000001,0.07600000000000001,2,689
Mohamed,Chouchene,1.6,1.03,0.04,2.4,5SIM56,1.2675,0.9854249999999999,creativity,teamwork,0.32000000000000006,0.20600000000000002,0.008,0.48,2,689
Eya,Ghanouchi,2.72,1.57,0.1,0.67,2A6,1.265,1.3071000000000002,hard_skills,teamwork,0.544,0.31400000000000006,0.020000000000000004,0.134,2,689
Amel,Jlassi,0.25,1.76,2.51,0.58,3B93,1.275,1.0980333333333332,teamwork,hard_skills,0.05,0.35200000000000004,0.502,0.11599999999999999,2,689
Chokri,Ben Ali,1.92,1.76,1.07,0.37,2A89,1.28,0.5040666666666667,hard_skills,creativity,0.384,0.35200000000000004,0.21400000000000002,0.074,2,690
Chaima,Mabrouk,0.28,0.91,0.39,3.48,1A13,1.2650000000000001,2.2560333333333333,creativity,hard_skills,0.05600000000000001,0.18200000000000002,0.07800000000000001,0.6960000000000001,2,690
Fares,Rekik,2.69,0.05,2.1,0.25,4SIM62,1.2725,1.7446916666666665,hard_skills,soft_skills,0.538,0.010000000000000002,0.42000000000000004,0.05,2,690
Omar,Bouazizi,0.6,3.04,1.04,0.39,2P51,1.2674999999999998,1.4696916666666666,soft_skills,creativity,0.12,0.6080000000000001,0.20800000000000002,0.07800000000000001,2,690
Salma,Guettari,0.7,0.47,2.25,1.69,2A6,1.2774999999999999,0.7004916666666667,teamwork,soft_skills,0.13999999999999999,0.094,0.45,0.338,2,691
Asma,Saidi,0.57,3.44,0.01,0.95,3A69,1.2425,2.295291666666666,soft_skills,teamwork,0.11399999999999999,0.6880000000000001,0.002,0.19,2,691
Eya,Ben Salah,3.37,0.0,0.34,1.39,2A71,1.275,2.3007000000000004,hard_skills,soft_skills,0.674,0.0,0.068,0.27799999999999997,2,691
Rim,Saidi,1.59,0.01,2.11,1.39,2A75,1.275,0.8033,teamwork,soft_skills,0.31800000000000006,0.002,0.422,0.27799999999999997,2,691
Karim,Trabelsi,0.66,0.88,0.57,2.97,1A74,1.27,1.3014000000000003,creativity,teamwork,0.132,0.17600000000000002,0.11399999999999999,0.5940000000000001,2,692
Manel,Bouazizi,0.64,1.2,2.91,0.22,5SLEAM19,1.2425,1.3969583333333333,teamwork,creativity,0.128,0.24,0.5820000000000001,0.044000000000000004,2,692
Fatma,Khemiri,1.3,1.87,1.3,0.59,3A10,1.265,0.2747000000000001,soft_skills,creativity,0.26,0.37400000000000005,0.26,0.118,2,692
Walid,Haddad,1.02,1.87,0.72,1.44,5GAMIX79,1.2625000000000002,0.2512250000000001,soft_skills,teamwork,0.20400000000000001,0.37400000000000005,0.144,0.288,2,692
Mehdi,Khemiri,0.06,1.54,1.97,1.47,1A1,1.26,0.6888666666666666,teamwork,hard_skills,0.012,0.30800000000000005,0.394,0.294,2,693
Olfa,Mabrouk,2.46,1.31,0.08,1.04,1A82,1.2225000000000001,0.9592249999999999,hard_skills,teamwork,0.492,0.262,0.016,0.20800000000000002,2,693
Wassim,Sassi,0.87,0.67,2.53,0.95,1A95,1.2550000000000001,0.7363666666666665,teamwork,soft_skills,0.17400000000000002,0.134,0.506,0.19,2,693
Fatma,Maaloul,0.52,1.14,0.28,3.09,3A70,1.2574999999999998,1.6237583333333332,creativity,teamwork,0.10400000000000001,0.22799999999999998,0.05600000000000001,0.618,2,693
Sofiene,Abidi,0.17,1.42,1.36,2.07,1A64,1.255,0.6265666666666667,creativity,hard_skills,0.034,0.284,0.272,0.414,2,694
Meriem,Jebali,2.88,0.3,1.39,0.15,3B60,1.18,1.5897999999999997,hard_skills,creativity,0.576,0.06,0.27799999999999997,0.03,2,694
Emna,Mejri,1.01,2.31,0.53,1.13,2P36,1.245,0.5713,soft_skills,teamwork,0.202,0.462,0.10600000000000001,0.22599999999999998,2,694
Ahmed,Makni,0.06,0.96,1.36,2.58,5GAMIX57,1.24,1.0936000000000001,creativity,hard_skills,0.012,0.192,0.272,0.516,2,694
Iheb,Ben Ali,1.12,0.54,1.02,2.29,2A71,1.2425000000000002,0.5517583333333334,creativity,soft_skills,0.22400000000000003,0.10800000000000001,0.20400000000000001,0.458,2,695
Hiba,Miled,0.93,3.56,0.05,0.36,1A43,1.225,2.556033333333333,soft_skills,teamwork,0.18600000000000003,0.7120000000000001,0.010000000000000002,0.072,2,695
Siwar,Ghanouchi,1.29,0.37,1.7,1.58,5NIDS35,1.235,0.3621666666666667,teamwork,soft_skills,0.258,0.074,0.34,0.31600000000000006,2,695
Walid,Jebali,0.52,1.63,1.67,1.15,1A16,1.2425,0.28782499999999994,teamwork,hard_skills,0.10400000000000001,0.326,0.334,0.22999999999999998,2,695
Khalil,Chaabane,0.22,0.59,1.1,3.03,3A66,1.2349999999999999,1.5621666666666665,creativity,hard_skills,0.044000000000000004,0.118,0.22000000000000003,0.606,2,696
Marwen,Nasri,0.28,4.37,0.04,0.11,5INFINI39,1.2000000000000002,4.476333333333334,soft_skills,teamwork,0.05600000000000001,0.8740000000000001,0.008,0.022000000000000002,0,696
Asma,Ferjani,1.31,0.19,2.07,1.24,2A27,1.2025,0.5968916666666666,teamwork,soft_skills,0.262,0.038000000000000006,0.414,0.248,2,696
Mariem,Jaziri,1.47,0.75,1.52,1.16,1A16,1.2249999999999999,0.12563333333333335,teamwork,soft_skills,0.294,0.15000000000000002,0.30400000000000005,0.23199999999999998,2,696
Mourad,Khemiri,1.05,1.92,1.21,0.73,3A10,1.2275,0.2529583333333333,soft_skills,creativity,0.21000000000000002,0.384,0.242,0.146,2,697
Hend,Kanzari,0.54,0.32,0.16,3.72,3B11,1.185,2.880366666666667,creativity,teamwork,0.10800000000000001,0.064,0.032,0.7440000000000001,2,697
Hatem,Driss,1.56,0.55,2.04,0.6,1A13,1.1875,0.5390250000000001,teamwork,soft_skills,0.31200000000000006,0.11000000000000001,0.40800000000000003,0.12,2,697
Fatma,Guettari,0.4,2.61,1.13,0.59,5TWIN79,1.1824999999999999,1.0012916666666667,soft_skills,hard_skills,0.08000000000000002,0.522,0.22599999999999998,0.118,2,697
Hiba,Ben Ali,1.17,1.23,0.09,2.36,1A62,1.2125,0.8596249999999998,creativity,teamwork,0.23399999999999999,0.246,0.018,0.472,2,698
Hamza,Maaloul,0.2,0.94,3.25,0.1,3A55,1.1224999999999998,2.1520250000000005,teamwork,creativity,0.04000000000000001,0.188,0.65,0.020000000000000004,2,698
Amel,Sassi,1.06,2.05,0.24,1.43,3A75,1.1949999999999998,0.5721666666666666,soft_skills,teamwork,0.21200000000000002,0.41,0.048,0.286,2,698
Ghassen,Ferjani,1.04,1.2,0.78,1.75,2A25,1.1925000000000001,0.16809166666666667,creativity,teamwork,0.20800000000000002,0.24,0.15600000000000003,0.35000000000000003,2,698
Wafa,Nasri,1.14,1.81,0.68,1.12,3A66,1.1875,0.21729166666666666,soft_skills,teamwork,0.22799999999999998,0.36200000000000004,0.136,0.22400000000000003,2,699
Ahmed,Ayari,1.95,0.35,1.95,0.44,1A95,1.1725,0.8073583333333333,hard_skills,soft_skills,0.39,0.06999999999999999,0.39,0.08800000000000001,2,699
Asma,Mansour,1.03,0.52,1.02,2.17,3A19,1.185,0.48789999999999994,creativity,soft_skills,0.20600000000000002,0.10400000000000001,0.20400000000000001,0.434,2,699
Hatem,Zouari,0.25,1.63,1.81,1.01,4IOSYS40,1.175,0.4977,teamwork,hard_skills,0.05,0.326,0.36200000000000004,0.202,2,699
Leila,Slimani,2.62,1.16,0.07,0.83,5NIDS7,1.17,1.1427333333333336,hard_skills,teamwork,0.524,0.23199999999999998,0.014000000000000002,0.166,2,700
Hedi,Baccouche,0.45,0.15,2.62,1.37,4ARCTIC87,1.1475,1.2330916666666667,teamwork,soft_skills,0.09000000000000001,0.03,0.524,0.274,2,700
Wided,Abidi,1.12,2.07,1.07,0.36,5SE32,1.155,0.4925666666666666,soft_skills,creativity,0.22400000000000003,0.414,0.21400000000000002,0.072,2,700
Adel,Nasri,1.92,1.4,0.99,0.36,1A77,1.1675,0.4346249999999999,hard_skills,creativity,0.384,0.27999999999999997,0.198,0.072,2,700
Lotfi,Turki,1.02,0.83,2.33,0.43,5IOSYS58,1.1524999999999999,0.6766916666666667,teamwork,creativity,0.20400000000000001,0.166,0.466,0.08600000000000001,2,701
Hatem,Bouazizi,0.01,0.76,0.02,3.67,2A32,1.115,3.0246999999999993,creativity,hard_skills,0.002,0.15200000000000002,0.004,0.734,2,701
Eya,Sassi,2.19,1.48,0.5,0.41,3B85,1.145,0.7201666666666666,hard_skills,creativity,0.438,0.296,0.1,0.082,2,701
Sami,Gharbi,0.33,2.21,1.78,0.25,5IOSYS58,1.1425,1.0008916666666667,soft_skills,creativity,0.066,0.442,0.35600000000000004,0.05,2,701
Olfa,Baccouche,0.26,1.89,1.11,1.25,1A33,1.1275,0.44975833333333326,soft_skills,hard_skills,0.052000000000000005,0.378,0.22200000000000003,0.25,2,702
Ines,Guettari,2.0,0.51,1.43,0.44,1A77,1.095,0.5675,hard_skills,creativity,0.4,0.10200000000000001,0.286,0.08800000000000001,2,702
Rim,Gharbi,1.02,0.43,0.61,2.37,1A1,1.1075,0.7693583333333335,creativity,soft_skills,0.20400000000000001,0.08600000000000001,0.122,0.47400000000000003,2,702
Sabrine,Fourati,0.27,1.91,1.99,0.27,1A55,1.1099999999999999,0.9418666666666665,teamwork,hard_skills,0.054000000000000006,0.382,0.398,0.054000000000000006,2,702
Walid,Khemiri,1.26,1.26,0.84,1.1,3A60,1.115,0.03930000000000001,hard_skills,teamwork,0.252,0.252,0.168,0.22000000000000003,2,703
Ines,Zouari,0.01,0.23,3.48,0.66,3B11,1.095,2.600966666666666,teamwork,hard_skills,0.002,0.046000000000000006,0.6960000000000001,0.132,2,703
Asma,Haddad,0.81,0.63,0.45,2.49,1A1,1.095,0.8865000000000002,creativity,teamwork,0.16200000000000003,0.126,0.09000000000000001,0.49800000000000005,2,703
Dorra,Haddad,1.12,1.13,1.95,0.22,3B11,1.105,0.4993666666666667,teamwork,creativity,0.22400000000000003,0.22599999999999998,0.39,0.044000000000000004,2,703
Amine,Jebali,1.24,0.24,1.4,1.53,1A82,1.1025,0.3446916666666667,creativity,soft_skills,0.248,0.048,0.27999999999999997,0.30600000000000005,2,704
Ghada,Turki,0.9,2.92,0.18,0.22,2A31,1.055,1.6550333333333331,soft_skills,teamwork,0.18000000000000002,0.584,0.036,0.044000000000000004,2,704
Ines,Ben Salah,0.49,1.03,2.08,0.8,1A82,1.1,0.47580000000000006,teamwork,hard_skills,0.098,0.20600000000000002,0.41600000000000004,0.16000000000000003,2,704
Oumaima,Ben Amor,2.35,0.03,0.45,1.47,5SIM57,1.075,1.0881,hard_skills,soft_skills,0.47000000000000003,0.006,0.09000000000000001,0.294,2,704
Anis,Chouchene,1.26,1.08,1.51,0.46,2A63,1.0775,0.2005583333333333,teamwork,creativity,0.252,0.21600000000000003,0.30200000000000005,0.09200000000000001,2,705
Iheb,Ammar,1.11,0.55,0.27,2.37,5GAMIX57,1.0750000000000002,0.8673000000000001,creativity,teamwork,0.22200000000000003,0.11000000000000001,0.054000000000000006,0.47400000000000003,2,705
Ghada,Ben Salah,1.32,1.04,1.85,0.07,1A80,1.0700000000000003,0.5572666666666667,teamwork,creativity,0.264,0.20800000000000002,0.37000000000000005,0.014000000000000002,2,705
Khadija,Ferjani,0.31,0.08,2.05,1.86,2P87,1.075,1.0473666666666668,teamwork,soft_skills,0.062,0.016,0.41,0.37200000000000005,2,705
Emna,Chouchene,1.3,1.04,0.68,1.23,3B49,1.0625,0.07709166666666667,hard_skills,teamwork,0.26,0.20800000000000002,0.136,0.246,2,706
Sarra,Makni,0.04,2.1,0.51,1.51,1A1,1.04,0.8751333333333333,soft_skills,hard_skills,0.008,0.42000000000000004,0.10200000000000001,0.30200000000000005,2,706
Olfa,Trabelsi,2.18,0.25,0.77,0.91,2A49,1.0275,0.6709583333333334,hard_skills,soft_skills,0.43600000000000005,0.05,0.15400000000000003,0.18200000000000002,2,706
Mohamed,Kanzari,1.13,0.41,1.29,1.32,3A75,1.0375,0.18195833333333336,creativity,soft_skills,0.22599999999999998,0.082,0.258,0.264,2,706
Marwen,Mansour,0.98,0.91,0.11,2.17,3A88,1.0425,0.7207583333333334,creativity,teamwork,0.196,0.18200000000000002,0.022000000000000002,0.434,2,707
Youssef,Slimani,0.14,2.78,0.68,0.49,1A18,1.0225,1.4228249999999996,soft_skills,hard_skills,0.028000000000000004,0.5559999999999999,0.136,0.098,2,707
Aymen,Mejri,1.78,0.47,0.81,1.01,3A55,1.0175,0.3080916666666667,hard_skills,soft_skills,0.35600000000000004,0.094,0.16200000000000003,0.202,2,707
Asma,Mabrouk,0.18,0.56,1.53,1.85,2A32,1.03,0.6219333333333333,creativity,hard_skills,0.036,0.11200000000000002,0.30600000000000005,0.37000000000000005,2,707
Fatma,Baccouche,0.67,2.66,0.03,0.76,1A74,1.03,1.2864666666666669,soft_skills,teamwork,0.134,0.532,0.006,0.15200000000000002,2,708
Nour,Zayani,0.24,0.03,1.61,2.17,4TWIN23,1.0125,1.0862916666666667,creativity,soft_skills,0.048,0.006,0.32200000000000006,0.434,2,708
Karim,Guettari,2.34,1.43,0.1,0.16,2A35,1.0074999999999998,1.1652916666666664,hard_skills,teamwork,0.46799999999999997,0.286,0.020000000000000004,0.032,2,708
Haythem,Ammar,0.69,0.52,0.86,2.03,3A97,1.025,0.46816666666666656,creativity,soft_skills,0.13799999999999998,0.10400000000000001,0.17200000000000001,0.40599999999999997,2,708
Siwar,Zayani,1.02,0.96,0.22,1.9,1A33,1.025,0.4726333333333333,creativity,teamwork,0.20400000000000001,0.192,0.044000000000000004,0.38,2,709
Skander,Jlassi,0.08,1.62,1.29,1.1,3B49,1.0225,0.4409583333333334,soft_skills,hard_skills,0.016,0.32400000000000007,0.258,0.22000000000000003,2,709
Lina,Jlassi,1.59,0.48,1.71,0.17,1A74,0.9875,0.6036250000000001,teamwork,creativity,0.31800000000000006,0.096,0.342,0.034,2,709
Tarek,Zayani,0.53,2.36,0.37,0.73,4SAE18,0.9974999999999999,0.8467583333333332,soft_skills,teamwork,0.10600000000000001,0.472,0.074,0.146,2,709
Leila,Toumi,1.03,1.27,0.71,0.95,2A49,0.99,0.053333333333333344,soft_skills,teamwork,0.20600000000000002,0.254,0.142,0.19,2,710
Farah,Toumi,0.28,0.26,1.7,1.68,4NIDS26,0.98,0.6722666666666667,teamwork,soft_skills,0.05600000000000001,0.052000000000000005,0.34,0.336,2,710
Mehdi,Chouchene,0.49,2.11,1.23,0.12,4BI6,0.9874999999999999,0.7729583333333334,soft_skills,creativity,0.098,0.422,0.246,0.024,2,710
Sarra,Chebbi,0.73,0.74,0.72,1.75,4ARCTIC87,0.985,0.26016666666666666,creativity,teamwork,0.146,0.148,0.144,0.35000000000000003,2,710
Cyrine,Miled,0.26,0.83,1.54,1.29,1A92,0.98,0.3168666666666667,teamwork,hard_skills,0.052000000000000005,0.166,0.30800000000000005,0.258,2,711
Fatma,Jaziri,2.92,0.44,0.4,0.05,2P21,0.9524999999999999,1.7511583333333334,hard_skills,creativity,0.584,0.08800000000000001,0.08000000000000002,0.010000000000000002,2,711
Farah,Karoui,0.06,0.62,2.09,1.15,2A4,0.9799999999999999,0.7456666666666666,teamwork,hard_skills,0.012,0.124,0.418,0.22999999999999998,2,711
Nizar,Baccouche,0.49,1.75,1.34,0.31,1A55,0.9725,0.47042500000000004,soft_skills,creativity,0.098,0.35000000000000003,0.268,0.062,2,711
Rim,Ben Ali,0.04,0.29,1.46,1.97,1A95,0.94,0.8545999999999999,creativity,hard_skills,0.008,0.057999999999999996,0.292,0.394,2,712
Zied,Chouchene,2.21,0.03,1.06,0.29,4SIM62,0.8975,0.9568916666666666,hard_skills,soft_skills,0.442,0.006,0.21200000000000002,0.057999999999999996,2,712
Leila,Nasri,0.97,0.88,0.5,1.37,3A97,0.93,0.12753333333333336,creativity,teamwork,0.194,0.17600000000000002,0.1,0.274,2,712
Sonia,Bouazizi,0.55,1.01,0.52,1.58,3A73,0.915,0.24683333333333335,creativity,teamwork,0.11000000000000001,0.202,0.10400000000000001,0.31600000000000006,2,712
Omar,Ben Salah,0.64,0.59,1.9,0.51,5ARCTIC86,0.9099999999999999,0.43846666666666656,teamwork,creativity,0.128,0.118,0.38,0.10200000000000001,2,713
Cyrine,Guettari,1.31,0.93,0.19,1.06,4IOSYS40,0.8725,0.23189166666666672,hard_skills,teamwork,0.262,0.18600000000000003,0.038000000000000006,0.21200000000000002,2,713
Amina,Guettari,0.75,1.78,0.75,0.22,1A33,0.8750000000000001,0.4264333333333334,soft_skills,creativity,0.15000000000000002,0.35600000000000004,0.15000000000000002,0.044000000000000004,2,713
Sonia,Driss,2.05,0.39,0.21,0.78,2A58,0.8574999999999999,0.6886249999999999,hard_skills,teamwork,0.41,0.07800000000000001,0.042,0.15600000000000003,2,713
Oumaima,Abidi,1.26,1.17,0.24,0.68,2A75,0.8375,0.223625,hard_skills,teamwork,0.252,0.23399999999999999,0.048,0.136,2,714
Mehdi,Turki,0.0,0.28,1.89,1.13,2P36,0.825,0.7349666666666664,teamwork,hard_skills,0.0,0.05600000000000001,0.378,0.22599999999999998,2,714
Sonia,Maaloul,0.23,0.92,1.03,1.14,5GAMIX42,0.8300000000000001,0.16806666666666667,creativity,hard_skills,0.046000000000000006,0.18400000000000002,0.20600000000000002,0.22799999999999998,2,714
Sofiene,Ferjani,1.38,0.22,0.31,1.33,4SAE18,0.81,0.39779999999999993,hard_skills,soft_skills,0.27599999999999997,0.044000000000000004,0.062,0.266,2,714
Ghassen,Ayari,0.59,0.88,0.85,0.91,3B42,0.8075,0.021625000000000005,creativity,hard_skills,0.118,0.17600000000000002,0.17,0.18200000000000002,2,715
Samira,Ben Salah,0.44,0.39,2.35,0.01,5SE32,0.7975,1.108091666666667,teamwork,creativity,0.08800000000000001,0.07800000000000001,0.47000000000000003,0.002,2,715
Farah,Trabelsi,0.16,1.9,0.14,0.98,4GAMIX39,0.795,0.6958333333333334,soft_skills,teamwork,0.032,0.38,0.028000000000000004,0.196,2,715
Ghada,Sassi,1.25,0.15,0.12,1.61,3A97,0.7825,0.5807583333333334,creativity,teamwork,0.25,0.03,0.024,0.32200000000000006,2,715
Mourad,Toumi,0.38,0.07,2.46,0.22,5GAMIX79,0.7825000000000001,1.2666916666666665,teamwork,soft_skills,0.07600000000000001,0.014000000000000002,0.492,0.044000000000000004,2,716
Amel,Khemiri,1.27,0.38,0.05,1.4,3A69,0.7749999999999999,0.4391,creativity,teamwork,0.254,0.07600000000000001,0.010000000000000002,0.27999999999999997,2,716
Sarra,Fourati,0.24,1.88,0.78,0.14,1A74,0.7600000000000001,0.6365333333333332,soft_skills,creativity,0.048,0.376,0.15600000000000003,0.028000000000000004,2,716
Meriem,Bouazizi,1.24,0.39,0.04,1.28,5SAE59,0.7375,0.38469166666666665,creativity,teamwork,0.248,0.07800000000000001,0.008,0.256,2,716
Lotfi,Fourati,0.92,0.07,1.24,0.75,2A73,0.745,0.24376666666666671,teamwork,soft_skills,0.18400000000000002,0.014000000000000002,0.248,0.15000000000000002,2,717
Dorra,Ben Ali,1.78,0.72,0.18,0.28,2A49,0.74,0.5357333333333334,hard_skills,teamwork,0.35600000000000004,0.144,0.036,0.05600000000000001,2,717
Zaineb,Khlifi,0.13,0.92,1.44,0.4,4SIM89,0.7225,0.33629166666666666,teamwork,hard_skills,0.026000000000000002,0.18400000000000002,0.288,0.08000000000000002,2,717
Youssef,Cherif,1.08,1.03,0.39,0.21,5NIDS7,0.6775000000000001,0.19582500000000003,hard_skills,creativity,0.21600000000000003,0.20600000000000002,0.07800000000000001,0.042,2,717
Salma,Maaloul,0.84,0.18,0.97,0.61,1A62,0.65,0.1203333333333333,teamwork,soft_skills,0.168,0.036,0.194,0.122,2,718
Hedi,Bouazizi,0.48,0.32,0.81,0.99,3B67,0.65,0.09300000000000001,creativity,soft_skills,0.096,0.064,0.16200000000000003,0.198,2,718
Lotfi,Miled,0.25,0.46,1.57,0.26,1A62,0.635,0.3979000000000001,teamwork,hard_skills,0.05,0.09200000000000001,0.31400000000000006,0.052000000000000005,2,718
Wided,Ben Salah,0.06,1.03,0.22,0.87,2A31,0.545,0.22723333333333337,soft_skills,hard_skills,0.012,0.20600000000000002,0.044000000000000004,0.17400000000000002,2,718
Sami,Ayari,0.35,0.02,1.22,0.63,2A58,0.5549999999999999,0.2587,teamwork,soft_skills,0.06999999999999999,0.004,0.244,0.126,2,719
Ali,Rekik,0.44,0.67,0.81,0.07,2A99,0.49750000000000005,0.10449166666666669,teamwork,creativity,0.08800000000000001,0.134,0.16200000000000003,0.014000000000000002,2,719
Salma,Saidi,0.1,0.43,0.52,0.03,3A10,0.27,0.0582,teamwork,creativity,0.020000000000000004,0.08600000000000001,0.10400000000000001,0.006,2,719
Ines,Mansour,0.17,0.78,0.04,0.0,1A16,0.24750000000000003,0.13129166666666667,soft_skills,creativity,0.034,0.15600000000000003,0.008,0.0,2,719
