first_name,last_name,gender,age,nationality,hard_skills,soft_skills,teamwork,creativity,class
Michel,Tchinda,Male,22,Cameroonian,0.02,3.51,4.98,1.67,3B88
Skander,Mejri,Male,36,Tunisian,3.18,0.02,4.52,2.65,3B88
Ousmane,Ba,Male,24,Senegalese,2.71,3.69,0.29,1.65,3B88
Mourad,Zouari,Male,25,Tunisian,1.78,1.15,0.85,2.21,3B88
Hatem,Zouari,Male,19,Tunisian,3.44,4.07,2.3,1.63,3B88
Haythem,Jebali,Male,24,Tunisian,2.81,0.97,1.89,4.21,3B88
Salma,Sassi,Female,21,Tunisian,0.11,1.89,2.49,2.1,3B88
Sanaa,Mansouri,Female,25,Moroccan,4.85,4.23,0.47,0.75,3B88
Ismail,Maaloul,Male,21,Tunisian,2.8,0.22,1.88,2.86,3B88
Fares,Baccouche,Male,20,Tunisian,4.36,4.81,1.65,4.4,3B88
Lina,Saidi,Female,20,Tunisian,3.2,0.68,2.36,2.22,3B88
Amine,Zouari,Male,23,Tunisian,1.44,4.03,4.95,3.78,3B88
Salma,Saidi,Female,25,Tunisian,0.36,0.5,1.43,4.16,3B88
Anis,Ammar,Male,24,Tunisian,4.69,3.68,4.61,0.8,3B88
Sami,Makni,Male,20,Tunisian,2.98,1.23,0.68,4.87,3B88
Sami,Trabelsi,Male,20,Tunisian,0.03,4.14,1.06,0.4,3B88
Rim,Haddad,Female,23,Tunisian,4.94,3.85,3.81,3.64,3B88
Amina,Jlassi,Female,21,Tunisian,1.49,2.82,0.69,2.58,3B88
Amel,Mansour,Female,24,Tunisian,3.3,0.62,0.71,1.66,3B88
Ahmed,Ghanouchi,Male,44,Tunisian,3.07,4.66,1.64,0.07,3B88
Fatma,Saidi,Female,24,Tunisian,4.74,1.64,2.9,1.42,3B88
Lina,Mejri,Female,24,Tunisian,0.27,0.95,3.6,4.45,3B88
Rania,Jaziri,Female,19,Tunisian,3.33,4.43,0.29,3.21,3B88
Yasmine,Ben Ali,Female,25,Tunisian,1.84,3.45,2.97,1.31,3B88
Youssef,Belkhir,Male,18,Tunisian,0.74,0.28,0.18,1.76,3B88
Farah,Belkhir,Female,24,Tunisian,4.16,2.62,1.36,3.3,3B88
Mehdi,Sassi,Male,18,Tunisian,0.88,4.22,4.47,2.27,3B88
Zied,Chebbi,Male,25,Tunisian,2.52,3.63,4.57,2.3,3B88
Hatem,Ben Salah,Male,22,Tunisian,0.63,1.65,0.52,3.63,3B88
Hedi,Ayari,Male,23,Tunisian,3.93,4.88,0.03,2.25,3B88
Rania,Rekik,Female,25,Tunisian,0.99,3.93,4.5,3.89,1A15
Hend,Guettari,Female,24,Tunisian,4.83,2.64,1.35,0.36,1A15
Yasmine,Zayani,Female,18,Tunisian,0.12,3.7,3.65,1.57,1A15
Samira,Belkhir,Female,19,Tunisian,0.32,2.82,2.59,0.78,1A15
Haythem,Sassi,Male,23,Tunisian,4.4,0.03,1.17,2.24,1A15
Lotfi,Zayani,Male,24,Tunisian,1.66,3.06,1.79,2.79,1A15
Lotfi,Abidi,Male,19,Tunisian,2.28,3.96,3.46,0.87,1A15
Amel,Slimani,Female,25,Tunisian,4.28,2.59,2.18,1.45,1A15
Aymen,Mansour,Male,18,Tunisian,1.65,3.2,0.94,1.21,1A15
Sonia,Saidi,Female,23,Tunisian,0.74,2.54,0.87,2.96,1A15
Hela,Nasri,Female,25,Tunisian,4.21,1.16,4.59,3.68,1A15
Fatima,Rahmani,Female,29,Algerian,3.27,1.41,4.03,2.42,1A15
Khadija,Saidi,Female,19,Moroccan,0.13,2.55,2.8,3.39,1A15
Sonia,Sassi,Female,25,Tunisian,2.14,3.35,3.89,3.78,1A15
Amel,Baccouche,Female,23,Tunisian,4.91,4.4,2.09,3.62,1A15
Rami,Chebbi,Male,21,Tunisian,3.43,1.26,2.88,2.73,1A15
Yasmine,Jlassi,Female,22,Tunisian,3.18,4.05,2.73,1.19,1A15
Hedi,Hamdi,Male,21,Tunisian,2.25,3.63,0.28,1.08,1A15
Brahim,Saidi,Male,20,Algerian,2.58,0.79,4.63,1.36,1A15
Mehdi,Makni,Male,19,Tunisian,3.13,4.96,1.26,3.39,1A15
Ousmane,Bamba,Male,24,Ivorian,3.01,1.29,0.71,0.77,1A15
Salma,Ben Ali,Female,23,Tunisian,0.75,1.92,2.49,4.91,1A15
Siwar,Jebali,Female,18,Tunisian,3.83,0.38,1.72,0.25,1A15
Amel,Cherif,Female,20,Tunisian,1.23,3.39,2.73,0.14,1A15
Amel,Chebbi,Female,20,Tunisian,1.15,1.89,1.33,0.58,1A15
Mouna,Ben Salah,Female,20,Tunisian,4.98,0.26,1.07,2.92,1A15
Naima,Saidi,Female,24,Algerian,2.2,3.89,2.51,1.73,1A15
Yasmine,Gharbi,Female,22,Tunisian,1.55,1.54,1.31,2.79,1A15
Marwen,Zouari,Male,18,Tunisian,0.88,1.85,4.15,4.78,4SAE42
Jean,Bouba,Male,19,Cameroonian,4.27,1.46,4.61,0.09,4SAE42
Youssef,Fourati,Male,22,Tunisian,4.26,2.56,2.16,1.27,4SAE42
Chaima,Ben Ali,Female,22,Tunisian,0.08,0.53,1.01,3.7,4SAE42
Sabrine,Gharbi,Female,22,Tunisian,4.05,3.34,3.87,2.13,4SAE42
Walid,Bouazizi,Male,20,Tunisian,1.99,1.53,2.53,2.98,4SAE42
Aymen,Lahmar,Male,24,Tunisian,1.49,1.25,1.0,1.41,4SAE42
Hichem,Mejri,Male,23,Tunisian,3.24,3.76,0.2,3.9,4SAE42
Oumaima,Rekik,Female,39,Tunisian,2.51,3.73,2.52,0.77,4SAE42
Hamza,Baccouche,Male,20,Tunisian,0.03,3.13,3.76,3.63,4SAE42
Chaima,Mejri,Female,19,Tunisian,0.39,3.92,0.5,2.57,4SAE42
Samira,Nasri,Female,24,Tunisian,0.37,0.74,4.43,1.85,4SAE42
Zied,Bouazizi,Male,19,Tunisian,1.75,1.58,3.1,0.53,4SAE42
Nizar,Bouazizi,Male,22,Tunisian,3.78,3.18,3.81,3.47,4SAE42
Mouna,Ghanouchi,Female,23,Tunisian,3.19,1.66,0.67,4.54,4SAE42
Lotfi,Ammar,Male,23,Tunisian,3.02,3.81,1.57,1.24,4SAE42
Anis,Khlifi,Male,24,Tunisian,2.18,2.23,1.23,3.69,4SAE42
Marie,Oumarou,Female,18,Cameroonian,3.86,4.67,3.84,1.46,4SAE42
Foued,Toumi,Male,24,Tunisian,4.24,0.0,0.59,3.24,4SAE42
Omar,Bouazizi,Male,22,Tunisian,2.65,0.26,4.09,1.32,4SAE42
Ines,Hamdi,Female,21,Tunisian,0.36,2.48,3.07,2.16,4SAE42
Rim,Chouchene,Female,24,Tunisian,3.5,4.63,0.05,4.5,4SAE42
Rania,Mabrouk,Female,45,Tunisian,1.34,4.64,4.72,1.25,4SAE42
Youssef,Slimani,Male,24,Tunisian,2.71,2.5,2.16,0.23,4SAE42
Khadija,Rekik,Female,19,Tunisian,1.79,2.18,4.29,0.65,4SAE42
Oussama,Haddad,Male,36,Tunisian,1.63,2.41,1.71,3.51,4SAE42
Haythem,Jaziri,Male,23,Tunisian,0.5,0.96,4.02,2.04,2P44
Juliette,Abanda,Female,18,Cameroonian,2.31,1.32,4.69,3.11,2P44
Yasmine,Saidi,Female,24,Tunisian,1.67,1.65,1.69,1.3,2P44
Omar,Trabelsi,Male,23,Tunisian,0.17,4.9,2.84,2.8,2P44
Zaineb,Lahmar,Female,20,Tunisian,2.35,1.52,1.53,4.97,2P44
Manel,Hamdi,Female,21,Tunisian,4.55,3.33,1.11,0.81,2P44
Rami,Zouari,Male,37,Tunisian,0.83,3.83,1.56,4.47,2P44
Zaineb,Nasri,Female,22,Tunisian,0.07,4.45,4.73,0.8,2P44
Rami,Mabrouk,Male,19,Tunisian,1.9,4.62,1.29,1.77,2P44
Sarra,Ayari,Female,19,Tunisian,1.13,0.92,2.03,3.47,2P44
Olfa,Turki,Female,18,Tunisian,3.27,4.31,4.09,2.68,2P44
Omar,Saidi,Male,25,Tunisian,1.99,2.0,4.63,3.02,2P44
Rym,Khemiri,Female,19,Tunisian,1.55,4.23,3.16,4.04,2P44
Meriem,Lahmar,Female,19,Tunisian,2.31,3.17,0.36,0.64,2P44
Hatem,Lahmar,Male,23,Tunisian,0.34,3.79,1.09,0.1,2P44
Adel,Khemiri,Male,23,Tunisian,3.37,3.82,3.62,0.83,2P44
Tarek,Lahmar,Male,22,Tunisian,1.09,4.3,3.05,2.08,2P44
Moussa,Koffi,Male,22,Ivorian,3.74,2.33,2.89,0.08,2P44
Fatma,Ghanouchi,Female,18,Tunisian,1.33,4.96,4.85,3.71,2P44
Ghada,Mansour,Female,22,Tunisian,3.36,4.22,0.62,0.67,2P44
Karim,Driss,Male,19,Tunisian,3.38,4.35,3.28,2.45,2P44
Hamza,Abidi,Male,20,Tunisian,1.34,2.27,0.93,4.22,2P44
Sofiene,Mejri,Male,18,Tunisian,4.27,4.46,2.57,3.92,2P44
Omar,Fathi,Male,21,Libyan,4.44,4.82,1.95,4.49,2P44
Thierno,Camara,Male,18,Guinean,1.78,2.5,3.81,1.57,2P44
Nour,Fourati,Female,23,Tunisian,4.46,3.21,3.9,4.35,2P44
Foued,Sassi,Male,20,Tunisian,2.98,3.79,2.76,1.68,2P44
Lina,Slimani,Female,21,Tunisian,0.75,4.89,3.2,0.41,2P44
Wafa,Gharbi,Female,23,Tunisian,3.41,0.52,4.35,1.44,2P44
Olfa,Chebbi,Female,25,Tunisian,0.99,0.76,4.4,0.08,2P44
Rim,Abidi,Female,34,Tunisian,2.29,3.17,2.4,4.47,2P44
Adel,Maaloul,Male,18,Tunisian,3.41,3.22,0.21,0.7,2P44
Skander,Ghanouchi,Male,19,Tunisian,4.34,0.8,2.52,1.19,4GAMIX11
Hamza,Saidi,Male,23,Tunisian,4.09,3.12,1.04,2.74,4GAMIX11
Omar,Zayani,Male,25,Tunisian,3.18,4.68,3.71,0.65,4GAMIX11
Malika,Saidi,Female,18,Algerian,4.1,2.92,0.81,4.52,4GAMIX11
Mehdi,Zouari,Male,21,Tunisian,2.32,1.83,3.61,4.61,4GAMIX11
Bechir,Ben Ali,Male,19,Tunisian,3.46,2.69,0.06,3.77,4GAMIX11
Emna,Khemiri,Female,24,Tunisian,4.77,1.19,1.14,0.12,4GAMIX11
Hichem,Cherif,Male,22,Tunisian,1.54,2.31,0.39,3.73,4GAMIX11
Nabil,Bouazizi,Male,24,Tunisian,0.33,0.64,4.65,1.22,4GAMIX11
Siwar,Mejri,Female,31,Tunisian,3.45,4.12,4.5,0.89,4GAMIX11
Sonia,Ghanouchi,Female,20,Tunisian,2.97,1.23,0.37,4.01,4GAMIX11
Emna,Haddad,Female,23,Tunisian,2.79,0.62,0.13,3.32,4GAMIX11
Rym,Driss,Female,25,Tunisian,0.86,1.66,2.06,2.09,4GAMIX11
Fatma,Jlassi,Female,21,Tunisian,1.97,1.05,1.38,3.34,4GAMIX11
Wafa,Fourati,Female,21,Tunisian,2.01,1.19,0.66,1.92,4GAMIX11
Zaineb,Haddad,Female,40,Tunisian,0.99,1.01,2.32,0.96,4GAMIX11
Hend,Turki,Female,24,Tunisian,4.24,4.12,2.02,2.19,4GAMIX11
Nadia,Lahlou,Female,25,Moroccan,1.75,4.3,2.33,2.11,4GAMIX11
Ibrahim,Bamba,Male,24,Ivorian,0.93,1.96,2.95,1.15,4GAMIX11
Ousmane,Diallo,Male,19,Senegalese,1.74,0.55,0.82,0.85,4GAMIX11
Ali,Ghanouchi,Male,23,Tunisian,4.33,1.56,2.1,2.64,4GAMIX11
Wassim,Jlassi,Male,34,Tunisian,3.36,3.67,3.64,2.01,4GAMIX11
Nour,Gharbi,Female,24,Tunisian,1.87,2.69,3.87,3.88,4GAMIX11
Mourad,Belkhir,Male,19,Tunisian,0.3,1.58,0.92,1.55,4GAMIX11
Fatma,Chouchene,Female,23,Tunisian,3.48,0.94,0.27,2.98,4GAMIX11
Malika,Hassani,Female,21,Algerian,4.63,3.96,3.3,1.81,4GAMIX11
Youssef,Saidi,Male,19,Tunisian,4.95,0.38,2.52,0.8,4GAMIX11
Samira,Khlifi,Female,18,Tunisian,1.42,0.91,2.48,1.72,4GAMIX11
Bilel,Ghanouchi,Male,22,Tunisian,2.96,0.99,1.71,2.78,4GAMIX11
Rim,Toumi,Female,20,Tunisian,1.54,2.92,3.02,2.58,4GAMIX11
Zaineb,Mejri,Female,25,Tunisian,4.65,2.41,0.69,3.73,4GAMIX11
Kouadio,Yao,Male,20,Ivorian,3.82,1.12,4.31,2.38,4GAMIX11
Bilel,Rekik,Male,18,Tunisian,2.84,4.54,3.19,3.81,2P24
Lobna,Cherif,Female,24,Tunisian,2.28,0.75,1.49,1.0,2P24
Youssef,Abidi,Male,18,Tunisian,2.77,4.23,0.61,4.47,2P24
Cyrine,Mejri,Female,19,Tunisian,4.7,1.07,0.54,4.83,2P24
Mohamed,Lahmar,Male,25,Tunisian,3.95,0.49,4.16,1.61,2P24
Lina,Toumi,Female,18,Tunisian,1.65,4.44,3.99,4.0,2P24
Nathalie,Njoya,Female,23,Cameroonian,4.98,2.25,0.8,1.79,2P24
Haythem,Makni,Male,45,Tunisian,0.41,3.25,4.27,2.45,2P24
Tarek,Mansour,Male,25,Tunisian,1.14,3.25,4.09,0.74,2P24
Adel,Mabrouk,Male,22,Tunisian,4.45,5.0,2.59,2.57,2P24
Skander,Baccouche,Male,18,Tunisian,3.14,3.67,0.85,3.09,2P24
Mohamed,Mejri,Male,21,Tunisian,3.11,3.43,4.15,1.26,2P24
Aymen,Rekik,Male,20,Tunisian,4.49,2.34,4.93,0.96,2P24
Marwen,Fourati,Male,23,Tunisian,1.88,4.16,2.05,3.69,2P24
Amar,Cherif,Male,45,Algerian,3.9,1.47,4.04,1.25,2P24
Marwen,Hamdi,Male,20,Tunisian,4.62,3.87,4.15,1.14,2P24
Djamila,Rahmani,Female,24,Algerian,0.93,2.27,0.54,2.61,2P24
Mourad,Sassi,Male,23,Tunisian,0.41,2.61,3.0,2.24,2P24
Nathalie,Kamga,Female,19,Cameroonian,0.9,2.01,4.17,0.91,2P24
Haythem,Ben Salah,Male,19,Tunisian,1.65,1.02,0.97,0.31,2P24
Ndeye,Fall,Female,24,Senegalese,4.75,3.57,1.08,1.07,2P24
Leila,Saidi,Female,23,Moroccan,4.66,1.19,0.22,4.39,2P24
Emna,Ghanouchi,Female,23,Tunisian,0.32,1.81,1.33,3.16,2P24
Hiba,Driss,Female,18,Tunisian,1.65,3.41,2.25,2.19,2P24
Chokri,Khemiri,Male,22,Tunisian,3.11,0.52,4.04,3.36,2P24
Oumaima,Haddad,Female,23,Tunisian,0.58,1.09,0.99,2.37,2P24
Olfa,Driss,Female,22,Tunisian,1.9,2.71,0.97,3.01,2P24
Fatma,Zouari,Female,24,Tunisian,1.35,4.07,0.18,2.12,2P24
Nabil,Maaloul,Male,24,Tunisian,2.95,1.27,0.88,4.25,2P24
Salma,Jebali,Female,18,Tunisian,3.89,2.01,3.57,1.37,2P24
Fares,Belkhir,Male,19,Tunisian,1.18,0.77,0.5,0.26,2P24
Ismail,Bouazizi,Male,19,Tunisian,1.92,4.21,4.13,1.31,2P24
Leila,Sassi,Female,25,Tunisian,2.03,1.35,0.06,4.11,2P24
Aymen,Saidi,Male,20,Tunisian,0.39,4.73,3.17,1.45,2P24
Hela,Sassi,Female,21,Tunisian,3.66,3.38,2.21,3.07,2A20
Ahmed,Lahmar,Male,25,Tunisian,2.13,0.82,0.89,1.32,2A20
Karim,Rekik,Male,20,Tunisian,4.05,0.34,3.59,2.72,2A20
Leila,Maaloul,Female,19,Tunisian,2.18,3.03,0.62,2.27,2A20
Chaima,Maaloul,Female,20,Tunisian,3.11,4.86,1.94,1.16,2A20
Ahmed,Mejri,Male,25,Tunisian,3.4,1.67,2.83,1.9,2A20
Khadija,Ben Salah,Female,19,Tunisian,3.04,3.7,1.08,3.63,2A20
Karim,Chebbi,Male,25,Tunisian,0.76,0.98,4.59,3.92,2A20
Fares,Gharbi,Male,23,Tunisian,0.27,2.92,4.13,1.4,2A20
Nour,Makni,Female,25,Tunisian,0.55,3.58,3.97,1.46,2A20
Karim,Nasri,Male,20,Tunisian,4.52,1.03,0.38,4.15,2A20
Adel,Cherif,Male,23,Tunisian,2.71,1.74,1.11,3.83,2A20
Chaima,Mansour,Female,22,Tunisian,0.07,4.54,2.23,1.69,2A20
Dorra,Turki,Female,41,Tunisian,4.4,2.28,2.6,3.91,2A20
Leila,Mabrouk,Female,23,Tunisian,4.07,1.2,2.64,1.6,2A20
Siwar,Rekik,Female,21,Tunisian,4.9,3.66,2.56,3.58,2A20
Ines,Ayari,Female,19,Tunisian,3.54,2.39,4.27,3.45,2A20
Amina,Turki,Female,23,Tunisian,1.84,1.16,0.48,4.02,2A20
Anis,Rekik,Male,25,Tunisian,0.63,2.82,4.15,0.7,2A20
Nizar,Jlassi,Male,24,Tunisian,2.82,3.91,0.71,3.19,2A20
Sami,Jebali,Male,40,Tunisian,2.62,2.64,2.81,3.02,2A20
Lotfi,Ayari,Male,20,Tunisian,0.71,0.73,2.04,1.76,2A20
Marwen,Karoui,Male,22,Tunisian,1.17,1.83,4.89,0.37,2A20
Zohra,Haddad,Female,24,Algerian,4.09,0.77,1.8,4.61,2A20
Ismail,Zouari,Male,20,Tunisian,0.08,3.03,1.49,1.88,2A20
Ismail,Toumi,Male,22,Tunisian,4.41,1.0,4.69,4.24,2A20
Fatma,Makni,Female,24,Tunisian,2.96,2.72,3.53,0.36,2A20
Lotfi,Guettari,Male,18,Tunisian,4.14,0.25,1.91,0.41,2A20
Karim,Toumi,Male,28,Tunisian,0.44,2.69,2.6,3.51,2A20
Zaineb,Guettari,Female,27,Tunisian,1.34,4.16,2.89,2.33,2A20
Lina,Sassi,Female,20,Tunisian,4.76,2.2,3.67,3.08,2A20
Yasmine,Makni,Female,25,Tunisian,4.61,1.1,1.04,3.75,2A20
Aymen,Jaziri,Male,24,Tunisian,3.65,0.62,0.1,2.21,2A20
Hatem,Fourati,Male,19,Tunisian,3.25,3.95,0.56,4.74,2A20
Mame,Gueye,Female,25,Senegalese,3.3,0.94,1.01,0.67,2A49
Mouna,Nasri,Female,45,Tunisian,2.53,0.53,0.45,1.45,2A49
Mehdi,Chouchene,Male,23,Tunisian,0.5,3.19,0.36,3.39,2A49
Ghada,Zouari,Female,25,Tunisian,3.22,3.18,3.25,2.24,2A49
Asma,Belkhir,Female,18,Tunisian,1.52,2.57,3.16,2.39,2A49
Siwar,Chebbi,Female,25,Tunisian,1.84,1.39,2.82,1.45,2A49
Khalil,Mansour,Male,24,Tunisian,4.72,3.14,3.88,2.3,2A49
Fethi,Guettari,Male,19,Tunisian,1.8,1.05,4.56,0.11,2A49
Aminata,Keita,Female,21,Guinean,1.47,1.15,4.23,1.29,2A49
Lotfi,Jaziri,Male,24,Tunisian,1.81,0.5,4.5,2.56,2A49
Sarra,Driss,Female,18,Tunisian,0.48,0.4,2.28,2.03,2A49
Nour,Mejri,Female,20,Tunisian,2.81,0.41,0.05,3.51,2A49
Serge,Tchinda,Male,36,Cameroonian,4.85,1.05,1.82,4.1,2A49
Sonia,Hamdi,Female,22,Tunisian,0.83,1.53,2.33,2.1,2A49
Anis,Chebbi,Male,22,Tunisian,4.29,3.86,3.65,3.31,2A49
Bechir,Nasri,Male,25,Tunisian,3.43,3.88,1.02,4.99,2A49
Diarra,Coulibaly,Female,18,Malian,1.19,4.51,0.18,2.51,2A49
Koffi,Ouattara,Male,20,Ivorian,2.28,2.9,3.56,4.5,2A49
Foued,Saidi,Male,24,Tunisian,1.87,0.49,3.55,3.62,2A49
Fares,Driss,Male,23,Tunisian,0.9,4.95,4.97,1.46,2A49
Hicham,El Idrissi,Male,21,Moroccan,1.3,3.12,4.85,4.2,2A49
Kouadio,Kouame,Male,23,Ivorian,1.16,4.1,4.06,3.9,2A49
Karim,Ghanouchi,Male,18,Tunisian,0.92,4.74,2.12,0.4,2A49
Ahmed,Gharbi,Male,20,Tunisian,2.77,3.98,3.54,4.9,2A49
Wafa,Sassi,Female,23,Tunisian,2.21,1.64,4.53,0.85,2A49
Chaima,Ayari,Female,24,Tunisian,0.24,3.44,4.6,0.24,2A49
Nadia,Chouchene,Female,22,Tunisian,0.97,1.64,3.32,3.61,2A49
Omar,Mejri,Male,33,Tunisian,1.43,3.12,4.45,4.93,2A49
Moussa,Bamba,Male,21,Ivorian,4.0,3.89,1.85,2.84,2A49
Oussama,Khlifi,Male,23,Tunisian,2.24,2.74,3.91,4.22,2A49
Hela,Toumi,Female,24,Tunisian,4.22,3.15,1.19,1.37,2A98
Hatem,Mabrouk,Male,24,Tunisian,4.84,2.41,3.6,0.77,2A98
Manel,Ben Ali,Female,23,Tunisian,1.56,0.94,4.58,1.37,2A98
Mohamed,Gharbi,Male,19,Tunisian,1.75,1.98,0.4,0.3,2A98
Skander,Ben Ali,Male,18,Tunisian,2.22,4.94,3.19,1.03,2A98
Anis,Makni,Male,18,Tunisian,3.89,1.11,4.05,4.78,2A98
Ghassen,Driss,Male,23,Tunisian,0.21,2.35,0.56,0.83,2A98
Zied,Ammar,Male,18,Tunisian,2.8,0.34,3.49,1.46,2A98
Emna,Cherif,Female,22,Tunisian,2.78,0.83,2.58,1.83,2A98
Chokri,Baccouche,Male,25,Tunisian,0.44,3.13,5.0,1.17,2A98
Emna,Bouazizi,Female,19,Tunisian,2.44,0.36,2.98,4.73,2A98
Hela,Zouari,Female,19,Tunisian,2.66,0.94,2.43,2.14,2A98
Foued,Nasri,Male,23,Tunisian,2.32,0.05,0.28,3.3,2A98
Lotfi,Khlifi,Male,25,Tunisian,0.33,0.28,1.39,2.73,2A98
Mehdi,Ben Salah,Male,20,Tunisian,4.03,2.11,0.1,4.97,2A98
Ali,Gharbi,Male,24,Tunisian,3.34,0.53,2.23,0.57,2A98
Mohamed,Slimani,Male,20,Algerian,3.11,4.23,4.22,1.74,2A98
Khalil,Khemiri,Male,20,Tunisian,3.28,0.38,1.08,2.06,2A98
Wided,Cherif,Female,25,Tunisian,1.05,2.16,0.61,3.57,2A98
Nadia,Belkhir,Female,23,Tunisian,3.26,2.28,4.95,4.14,2A98
Mouna,Zayani,Female,21,Tunisian,2.86,3.98,3.71,1.14,2A98
Yasmine,Karoui,Female,21,Tunisian,4.04,2.63,4.67,1.15,2A98
Mehdi,Maaloul,Male,23,Tunisian,4.65,0.3,0.11,2.99,2A98
Ghada,Toumi,Female,19,Tunisian,1.37,3.68,0.4,0.91,2A98
Nour,Zouari,Female,21,Tunisian,1.52,3.87,3.04,2.47,2A98
Wafa,Trabelsi,Female,24,Tunisian,2.0,3.52,0.43,1.94,2A98
Amel,Karoui,Female,24,Tunisian,0.89,2.83,1.68,2.64,2A98
Sami,Slimani,Male,18,Tunisian,1.82,1.72,0.35,1.06,2A98
Rim,Ben Salah,Female,19,Tunisian,1.82,3.77,4.42,1.39,1A39
Khadija,Khemiri,Female,20,Tunisian,4.08,3.45,4.02,3.43,1A39
Olfa,Makni,Female,21,Tunisian,4.57,3.6,4.55,2.27,1A39
Mourad,Gharbi,Male,36,Tunisian,3.79,3.93,0.59,3.28,1A39
Rim,Gharbi,Female,23,Tunisian,2.21,4.63,2.4,3.17,1A39
Aymen,Ben Ali,Male,24,Tunisian,4.86,0.62,2.24,3.72,1A39
Hamza,Jebali,Male,18,Tunisian,3.9,1.15,0.69,1.02,1A39
Fatoumata,Bamba,Female,21,Ivorian,3.49,1.38,0.32,1.95,1A39
Hiba,Mabrouk,Female,21,Tunisian,0.56,3.16,0.72,0.49,1A39
Wided,Baccouche,Female,25,Tunisian,4.85,0.1,2.24,4.66,1A39
Olfa,Lahmar,Female,24,Tunisian,3.94,3.98,4.56,1.46,1A39
Hichem,Trabelsi,Male,18,Tunisian,3.46,1.72,2.27,2.85,1A39
Foued,Bouazizi,Male,22,Tunisian,1.2,1.34,1.97,1.67,1A39
Ali,Mohamed,Male,20,Libyan,0.66,1.36,4.81,0.45,1A39
Tarek,Omar,Male,19,Libyan,1.4,4.29,2.27,0.56,1A39
Cyrine,Ammar,Female,18,Tunisian,3.74,1.39,3.64,2.77,1A39
Ines,Haddad,Female,24,Tunisian,3.25,2.2,3.56,4.44,1A39
Rim,Maaloul,Female,20,Tunisian,3.02,4.05,3.39,1.2,1A39
Nour,Lahmar,Female,21,Tunisian,3.61,3.75,2.85,2.87,1A39
Cyrine,Gharbi,Female,19,Tunisian,0.36,3.58,2.58,0.52,1A39
Bilel,Zouari,Male,23,Tunisian,2.34,2.51,3.79,1.7,1A39
Sofiene,Gharbi,Male,25,Tunisian,2.71,1.72,2.26,1.43,1A39
Nabil,Makni,Male,22,Tunisian,4.86,3.88,0.58,2.77,1A39
Ali,Cherif,Male,24,Tunisian,4.29,4.37,1.0,3.42,1A39
Samuel,Mballa,Male,19,Cameroonian,1.07,4.31,4.34,4.62,1A39
Hichem,Ben Salah,Male,25,Tunisian,3.64,4.38,2.47,2.69,1A39
Ousmane,Kone,Male,25,Ivorian,1.82,4.05,1.86,2.64,1A39
Eya,Khemiri,Female,22,Tunisian,2.28,0.07,3.0,2.75,1A39
Ali,Bouazizi,Male,25,Tunisian,3.09,3.26,2.68,2.16,1A39
Ahmed,Berrada,Male,24,Moroccan,1.44,2.82,3.6,3.26,3A23
Samira,Fourati,Female,20,Tunisian,1.23,4.57,3.93,1.14,3A23
Fouad,Lahlou,Male,21,Moroccan,3.62,2.14,1.22,3.66,3A23
Yasmine,Trabelsi,Female,21,Tunisian,1.87,0.09,1.22,2.89,3A23
Chokri,Belkhir,Male,23,Tunisian,2.49,0.15,2.56,4.48,3A23
Iheb,Zayani,Male,18,Tunisian,4.19,4.71,3.26,1.8,3A23
Mame,Sarr,Female,18,Senegalese,1.97,3.05,0.81,3.43,3A23
Salma,Belkhir,Female,19,Tunisian,4.26,4.74,2.23,1.44,3A23
Djamila,Saidi,Female,27,Algerian,1.08,0.56,0.56,0.85,3A23
Leila,Cherif,Female,23,Tunisian,1.95,1.92,4.6,0.18,3A23
Ousmane,Kouassi,Male,20,Ivorian,0.09,0.35,1.4,1.35,3A23
Nabil,Khlifi,Male,24,Tunisian,0.91,2.18,0.61,3.3,3A23
Samuel,Fankam,Male,22,Cameroonian,0.82,0.2,0.12,2.81,3A23
Lina,Fourati,Female,21,Tunisian,0.6,0.3,1.89,4.27,3A23
Amine,Guettari,Male,22,Tunisian,3.51,3.59,0.82,4.14,3A23
Aicha,Cherif,Female,21,Algerian,1.66,4.66,2.66,1.01,3A23
Oussama,Abidi,Male,45,Tunisian,2.73,1.07,4.51,1.61,3A23
Hend,Toumi,Female,25,Tunisian,1.42,3.48,1.1,2.74,3A23
Adama,Traore,Male,19,Ivorian,2.61,3.95,1.96,4.94,3A23
Asma,Zayani,Female,18,Tunisian,4.87,3.75,1.47,1.64,3A23
Farida,Hassan,Female,19,Libyan,3.72,1.25,4.89,0.35,3A23
Asma,Hamdi,Female,36,Tunisian,0.16,1.34,2.15,1.93,3A23
Lotfi,Jlassi,Male,21,Tunisian,0.87,0.07,4.08,0.87,3A23
Yasmine,Sassi,Female,24,Tunisian,1.45,3.05,4.75,3.85,3A23
Ahmed,Zouari,Male,24,Tunisian,3.79,2.14,3.17,1.11,3A23
Felicite,Tchinda,Female,24,Cameroonian,0.11,3.07,2.85,0.85,3A23
Mariem,Haddad,Female,20,Tunisian,2.95,4.14,3.03,0.92,3A23
Ghada,Belkhir,Female,18,Tunisian,1.97,3.99,2.82,3.64,4SAE99
Wassim,Ammar,Male,20,Tunisian,0.14,1.75,0.67,2.52,4SAE99
Asma,Mejri,Female,24,Tunisian,3.42,1.2,4.79,3.23,4SAE99
Yasmine,Nasri,Female,23,Tunisian,1.16,3.62,2.59,2.92,4SAE99
Zaineb,Baccouche,Female,25,Tunisian,3.52,1.27,2.29,2.99,4SAE99
Wided,Nasri,Female,37,Tunisian,4.26,2.47,0.7,3.24,4SAE99
Hend,Cherif,Female,19,Tunisian,0.21,4.61,1.42,3.13,4SAE99
Lina,Trabelsi,Female,20,Tunisian,2.87,2.45,0.56,1.66,4SAE99
Fatma,Abidi,Female,19,Tunisian,0.88,0.72,3.91,4.77,4SAE99
Aminata,Conde,Female,25,Guinean,3.11,3.86,1.32,2.96,4SAE99
Ghassen,Jlassi,Male,22,Tunisian,3.42,2.98,1.75,3.42,4SAE99
Hichem,Chouchene,Male,25,Tunisian,3.11,0.29,0.55,2.53,4SAE99
Youssef,Karoui,Male,21,Tunisian,3.91,0.72,0.46,3.01,4SAE99
Eya,Jaziri,Female,20,Tunisian,2.36,3.18,3.51,4.6,4SAE99
Hichem,Jebali,Male,24,Tunisian,4.0,2.73,0.79,0.31,4SAE99
Omar,Slimani,Male,18,Tunisian,4.41,0.5,0.44,0.9,4SAE99
Zied,Khlifi,Male,23,Tunisian,3.74,2.99,4.35,2.5,4SAE99
Wided,Abidi,Female,21,Tunisian,2.88,0.67,4.03,2.16,4SAE99
Hiba,Bouazizi,Female,18,Tunisian,4.08,2.36,0.99,3.51,4SAE99
Zied,Sassi,Male,18,Tunisian,2.72,2.57,4.62,0.85,4SAE99
Amina,Gharbi,Female,24,Tunisian,4.09,2.54,1.1,3.99,4SAE99
Bilel,Abidi,Male,18,Tunisian,0.24,1.47,3.24,2.02,4SAE99
Zied,Mabrouk,Male,20,Tunisian,1.66,3.86,4.91,0.46,4SAE99
Foued,Chouchene,Male,19,Tunisian,4.28,1.74,3.01,4.41,4SAE99
Nabil,Chouchene,Male,18,Tunisian,0.35,0.33,3.81,0.47,4SAE99
Jeanne,Abanda,Female,18,Cameroonian,4.06,3.08,4.49,3.54,4SAE99
Hamza,Rekik,Male,24,Tunisian,3.71,1.71,0.54,1.9,4SAE99
Oussama,Mejri,Male,25,Tunisian,4.07,0.43,0.71,2.72,4SAE99
Youssef,Turki,Male,23,Tunisian,0.63,3.62,1.76,1.49,4SAE99
Hichem,Mabrouk,Male,24,Tunisian,4.42,0.43,2.73,1.72,4SAE99
Yacine,Dahmani,Male,20,Algerian,4.8,0.13,1.33,4.66,4SAE99
Malika,Benali,Female,23,Algerian,2.85,3.24,3.07,4.21,4SAE99
Olfa,Hamdi,Female,19,Tunisian,2.84,1.16,3.9,1.74,4SAE79
Wassim,Trabelsi,Male,18,Tunisian,4.51,4.76,1.92,3.89,4SAE79
Cheikh,Niang,Male,22,Senegalese,3.32,2.82,2.11,1.85,4SAE79
Moussa,Konan,Male,24,Ivorian,4.18,3.51,1.81,0.46,4SAE79
Ghassen,Toumi,Male,19,Tunisian,3.48,1.51,3.88,3.49,4SAE79
Aminata,Cisse,Female,23,Senegalese,4.91,4.97,4.57,0.79,4SAE79
Fatma,Haddad,Female,22,Tunisian,0.55,1.13,1.07,0.6,4SAE79
Foued,Ghanouchi,Male,24,Tunisian,3.8,3.34,4.3,2.41,4SAE79
Yasmine,Driss,Female,20,Tunisian,3.2,3.26,2.61,3.63,4SAE79
Hela,Hamdi,Female,21,Tunisian,2.18,0.93,2.59,3.11,4SAE79
Aymen,Ayari,Male,24,Tunisian,2.35,4.22,2.78,1.0,4SAE79
Souleymane,Sidibe,Male,25,Malian,4.69,3.66,3.69,1.69,4SAE79
Dorra,Khlifi,Female,18,Tunisian,3.49,0.36,0.57,3.41,4SAE79
Samira,Mansour,Female,18,Tunisian,2.34,3.67,1.2,3.47,4SAE79
Bechir,Slimani,Male,20,Tunisian,2.63,3.19,2.38,3.76,4SAE79
Fares,Ghanouchi,Male,24,Tunisian,2.1,0.58,0.57,4.64,4SAE79
Sami,Ammar,Male,18,Tunisian,1.12,1.83,0.1,0.97,4SAE79
Amina,Saidi,Female,20,Tunisian,2.02,2.78,2.25,1.55,4SAE79
Eya,Ben Ali,Female,25,Tunisian,4.26,0.04,4.13,3.43,4SAE79
Hatem,Makni,Male,25,Tunisian,2.72,0.17,0.91,3.14,4SAE79
Salma,Abidi,Female,20,Tunisian,2.46,4.9,4.1,4.96,4SAE79
Aymen,Trabelsi,Male,19,Tunisian,3.47,4.4,3.99,4.63,4SAE79
Karim,Saidi,Male,18,Tunisian,4.65,2.83,1.56,3.4,4SAE79
Foued,Ammar,Male,24,Tunisian,1.69,1.74,1.08,1.01,4SAE79
Foued,Abidi,Male,19,Tunisian,1.82,0.71,2.72,3.87,4SAE79
Ahmed,Bouazizi,Male,18,Tunisian,1.05,4.64,3.87,3.02,4SAE79
Amine,Slimani,Male,24,Tunisian,3.98,4.88,1.79,3.28,4SAE79
Nour,Jebali,Female,22,Tunisian,0.8,4.65,3.45,4.46,4SAE79
Zahra,Rahmani,Female,21,Algerian,3.16,0.85,0.94,1.87,4SAE79
Ismail,Baccouche,Male,25,Tunisian,0.47,0.18,4.53,1.45,4SAE79
Dorra,Khemiri,Female,25,Tunisian,1.4,3.41,4.02,2.72,4SAE79
Iheb,Sassi,Male,25,Tunisian,0.42,3.18,0.59,2.78,4SAE79
Eya,Lahmar,Female,29,Tunisian,1.52,4.06,0.65,1.43,4SAE79
Mehdi,Ayari,Male,21,Tunisian,3.16,2.69,0.45,2.52,4SAE79
Latifa,Mansouri,Female,23,Moroccan,3.9,3.17,1.59,1.32,3B37
Siwar,Mabrouk,Female,22,Tunisian,2.29,1.56,4.91,4.79,3B37
Mohamed,Karoui,Male,24,Tunisian,4.88,0.27,3.76,4.93,3B37
Hatem,Jaziri,Male,24,Tunisian,2.81,1.84,1.69,1.82,3B37
Zahra,Slimani,Female,21,Algerian,4.38,3.45,4.11,1.52,3B37
Mohamed,Ayari,Male,22,Tunisian,3.79,0.23,4.23,2.22,3B37
Wafa,Ammar,Female,24,Tunisian,3.62,4.13,3.78,0.35,3B37
Fatoumata,Kone,Female,22,Ivorian,2.95,4.73,3.34,1.35,3B37
Sarra,Baccouche,Female,22,Tunisian,1.45,3.76,3.48,4.17,3B37
Nour,Baccouche,Female,22,Tunisian,2.67,0.99,0.63,0.21,3B37
Emna,Hamdi,Female,24,Tunisian,2.57,0.83,2.08,1.13,3B37
Hend,Jaziri,Female,23,Tunisian,4.15,0.64,0.48,3.61,3B37
Nour,Jlassi,Female,24,Tunisian,0.66,4.02,3.22,3.72,3B37
Iheb,Mejri,Male,20,Tunisian,0.78,3.07,1.02,2.86,3B37
Lotfi,Hamdi,Male,21,Tunisian,3.4,2.29,0.16,0.11,3B37
Emna,Sassi,Female,20,Tunisian,4.79,4.62,1.06,0.08,3B37
Youssef,Fassi,Male,25,Moroccan,3.98,1.99,0.21,3.15,3B37
Lina,Chouchene,Female,20,Tunisian,4.2,3.21,1.49,0.46,3B37
Haythem,Toumi,Male,18,Tunisian,4.6,3.96,0.98,3.48,3B37
Rim,Sassi,Female,21,Tunisian,2.56,0.59,3.81,4.82,3B37
Amine,Fourati,Male,25,Tunisian,2.2,2.39,4.38,1.29,3B37
Sonia,Slimani,Female,22,Tunisian,3.41,0.95,3.21,2.38,3B37
Hamza,Hamdi,Male,24,Tunisian,3.58,0.23,1.66,3.33,3B37
Amel,Saidi,Female,22,Tunisian,2.55,0.33,2.4,0.31,3B37
Hassan,Berrada,Male,19,Moroccan,2.24,0.38,0.34,4.45,3B37
Mariem,Chebbi,Female,18,Tunisian,3.67,2.11,4.87,0.43,3B37
Nabil,Ghanouchi,Male,19,Tunisian,3.06,3.48,3.61,0.47,3B37
Asma,Bouazizi,Female,24,Tunisian,2.75,3.42,2.33,3.43,3B37
Khalil,Khlifi,Male,25,Tunisian,1.97,3.3,2.14,3.22,3B37
Salma,Zouari,Female,19,Tunisian,0.39,1.75,1.06,3.38,3B37
Anis,Gharbi,Male,22,Tunisian,4.1,2.56,3.67,2.76,3B37
Chokri,Trabelsi,Male,25,Tunisian,3.15,4.76,4.77,0.34,3B37
Mourad,Zayani,Male,20,Tunisian,1.78,4.8,1.4,4.12,3B37
Leila,Zouari,Female,20,Tunisian,0.09,3.83,2.8,3.72,3B37
Khadija,Slimani,Female,20,Tunisian,4.6,4.77,3.33,3.98,3A63
Hend,Jebali,Female,24,Tunisian,4.95,0.62,0.07,2.8,3A63
Ismail,Ghanouchi,Male,24,Tunisian,3.13,2.81,2.94,0.76,3A63
Khadija,Hamdi,Female,19,Tunisian,1.73,1.02,4.9,2.06,3A63
Mourad,Hamdi,Male,21,Tunisian,1.68,4.9,4.89,1.11,3A63
Leila,Rekik,Female,25,Tunisian,4.88,3.3,2.24,2.08,3A63
Amine,Turki,Male,20,Tunisian,3.48,1.28,0.04,0.18,3A63
Wafa,Hamdi,Female,20,Tunisian,4.34,1.63,4.13,4.86,3A63
Ines,Jlassi,Female,19,Tunisian,2.84,1.32,0.11,0.45,3A63
Sarra,Khlifi,Female,25,Tunisian,0.3,0.48,4.97,4.04,3A63
Aliou,Faye,Male,23,Senegalese,4.97,1.03,2.07,0.91,3A63
Amel,Bouazizi,Female,19,Tunisian,1.19,0.76,4.99,3.5,3A63
Fethi,Khlifi,Male,21,Tunisian,4.15,0.22,3.17,3.11,3A63
Ines,Chouchene,Female,22,Tunisian,0.9,3.08,3.14,4.01,3A63
Mouna,Mejri,Female,24,Tunisian,1.54,3.72,0.28,4.69,3A63
Oumaima,Guettari,Female,29,Tunisian,0.72,0.18,0.32,2.16,3A63
Dorra,Zayani,Female,24,Tunisian,0.05,4.18,3.65,4.05,3A63
Rami,Driss,Male,25,Tunisian,4.57,0.23,1.75,4.2,3A63
Wassim,Rekik,Male,20,Tunisian,0.73,3.16,2.86,2.57,3A63
Hedi,Mejri,Male,24,Tunisian,3.25,3.41,2.65,1.35,3A63
Mourad,Jebali,Male,21,Tunisian,4.78,0.05,0.88,4.53,3A63
Solange,Mballa,Female,25,Cameroonian,3.7,3.79,2.28,4.38,3A63
Hicham,Saidi,Male,31,Moroccan,4.61,0.56,2.49,1.0,3A63
Eya,Toumi,Female,23,Tunisian,2.16,3.73,2.28,2.94,3A63
Adel,Karoui,Male,20,Tunisian,3.98,4.83,0.02,2.13,3A63
Walid,Baccouche,Male,23,Tunisian,2.22,3.03,2.72,1.75,3A63
Ines,Mansour,Female,45,Tunisian,3.88,1.14,4.09,2.54,3A63
Hichem,Mansour,Male,21,Tunisian,4.74,2.75,4.45,3.26,3A63
Chokri,Haddad,Male,21,Tunisian,4.05,0.47,0.97,1.42,3A63
Omar,Ben Ali,Male,22,Tunisian,1.72,4.84,2.2,1.15,3A63
Nour,Karoui,Female,20,Tunisian,2.78,4.05,4.35,3.36,2P48
Yasmine,Mansour,Female,23,Tunisian,1.63,2.95,4.23,4.61,2P48
Haythem,Hamdi,Male,23,Tunisian,3.7,4.67,0.3,2.61,2P48
Khalil,Jaziri,Male,45,Tunisian,0.2,1.96,4.1,1.64,2P48
Nabil,Bennani,Male,20,Moroccan,3.0,3.2,1.53,0.92,2P48
Sabrine,Mejri,Female,21,Tunisian,3.31,1.03,4.22,2.07,2P48
Oumaima,Jaziri,Female,20,Tunisian,0.12,1.02,1.71,0.53,2P48
Ndeye,Ndiaye,Female,19,Senegalese,4.14,2.98,3.29,0.53,2P48
Hela,Makni,Female,18,Tunisian,3.02,1.37,3.87,2.56,2P48
Karim,Turki,Male,22,Tunisian,3.9,2.28,0.09,0.31,2P48
Mamadou,Cisse,Male,18,Senegalese,0.86,4.78,0.52,4.09,2P48
Sabrine,Bouazizi,Female,25,Tunisian,2.48,0.62,2.91,0.72,2P48
Mohamed,Haddad,Male,21,Moroccan,2.84,1.62,3.86,4.44,2P48
Hela,Mabrouk,Female,25,Tunisian,3.63,3.28,1.18,0.18,2P48
Wafa,Slimani,Female,24,Tunisian,1.49,3.92,1.16,4.7,2P48
Rami,Jlassi,Male,24,Tunisian,1.81,4.73,1.95,1.69,2P48
Sami,Mabrouk,Male,24,Tunisian,2.21,2.83,4.99,0.24,2P48
Lobna,Rekik,Female,23,Tunisian,4.12,4.12,4.37,3.48,2P48
Oussama,Trabelsi,Male,22,Tunisian,1.86,3.17,4.15,3.17,2P48
Leila,Slimani,Female,23,Tunisian,3.3,3.38,5.0,2.36,2P48
Ghassen,Mabrouk,Male,24,Tunisian,1.19,3.05,4.56,0.89,2P48
Yasmine,Khemiri,Female,23,Tunisian,3.48,1.07,2.31,4.48,2P48
Hedi,Ammar,Male,22,Tunisian,2.12,4.64,1.32,1.67,2P48
Oumaima,Ghanouchi,Female,22,Tunisian,3.04,2.24,3.11,0.16,2P48
Nadia,Rekik,Female,20,Tunisian,0.93,4.87,2.19,3.39,2P48
Eya,Trabelsi,Female,20,Tunisian,0.51,2.35,2.79,0.22,2P48
Lotfi,Bouazizi,Male,25,Tunisian,3.24,2.52,1.51,4.84,2P48
Sami,Abidi,Male,18,Tunisian,3.62,4.88,2.21,3.69,2P48
Manel,Ammar,Female,19,Tunisian,3.52,4.7,3.8,1.4,1A49
Cyrine,Trabelsi,Female,21,Tunisian,4.44,1.73,1.3,3.89,1A49
Siwar,Khlifi,Female,18,Tunisian,3.71,1.72,3.31,3.25,1A49
Haythem,Bouazizi,Male,22,Tunisian,2.75,1.29,4.22,1.45,1A49
Skander,Driss,Male,28,Tunisian,4.82,4.04,4.95,0.56,1A49
Ibrahima,Ba,Male,20,Senegalese,3.96,1.91,4.46,3.56,1A49
Fares,Ammar,Male,25,Tunisian,1.41,2.64,4.4,1.87,1A49
Rania,Cherif,Female,24,Tunisian,3.43,0.29,0.44,2.99,1A49
Hiba,Karoui,Female,22,Tunisian,2.18,0.25,4.62,4.63,1A49
Youssef,Cherif,Male,20,Tunisian,2.24,0.39,1.08,3.04,1A49
Zied,Zouari,Male,22,Tunisian,3.79,3.05,3.63,3.8,1A49
Hichem,Zouari,Male,20,Tunisian,4.08,2.48,2.57,2.12,1A49
Sarra,Abidi,Female,18,Tunisian,2.42,1.52,2.18,4.65,1A49
Marwen,Belkhir,Male,18,Tunisian,2.01,1.06,3.87,0.93,1A49
Lobna,Khlifi,Female,25,Tunisian,2.7,0.54,1.8,4.35,1A49
Iheb,Khlifi,Male,24,Tunisian,4.07,3.08,0.78,1.7,1A49
Walid,Belkhir,Male,23,Tunisian,0.16,0.85,4.51,4.17,1A49
Skander,Saidi,Male,21,Tunisian,2.8,0.56,1.27,3.81,1A49
Oussama,Jlassi,Male,23,Tunisian,3.08,4.69,3.27,1.81,1A49
Ghada,Abidi,Female,20,Tunisian,3.68,2.82,1.86,2.57,1A49
Walid,Rekik,Male,20,Tunisian,4.95,4.38,3.44,3.28,1A49
Nour,Driss,Female,18,Tunisian,3.79,1.35,3.89,2.99,1A49
Fatma,Cherif,Female,19,Tunisian,1.09,4.55,2.12,4.41,1A49
Hamza,Chebbi,Male,22,Tunisian,2.87,0.12,2.68,2.0,1A49
Amine,Maaloul,Male,21,Tunisian,0.97,3.28,0.47,4.98,1A49
Wassim,Nasri,Male,20,Tunisian,2.85,0.8,3.37,0.8,1A49
Sabrine,Ghanouchi,Female,18,Tunisian,3.33,1.2,0.93,0.75,1A49
Salma,Driss,Female,21,Tunisian,4.82,4.41,1.43,0.25,1A49
Youssef,Baccouche,Male,25,Tunisian,2.15,0.13,3.82,2.43,1A49
Eya,Gharbi,Female,24,Tunisian,4.65,0.21,1.74,0.21,1A49
Wassim,Chebbi,Male,22,Tunisian,4.92,4.02,4.17,0.83,1A49
Mouna,Mansour,Female,20,Tunisian,1.87,1.93,0.42,1.72,1A49
Nabil,Nasri,Male,18,Tunisian,2.31,0.89,2.55,2.4,1A49
Iheb,Nasri,Male,39,Tunisian,2.09,3.04,2.82,3.86,1A49
Zineb,El Idrissi,Female,22,Moroccan,3.87,0.12,4.42,4.26,1A49
Yasmine,Jaziri,Female,23,Tunisian,1.83,2.44,2.89,2.81,4SIM36
Chaima,Driss,Female,25,Tunisian,4.63,3.15,4.24,1.45,4SIM36
Adel,Salem,Male,20,Libyan,2.01,3.17,1.18,4.93,4SIM36
Asma,Mansour,Female,41,Tunisian,4.46,3.0,3.36,3.08,4SIM36
Lobna,Bouazizi,Female,20,Tunisian,4.02,1.82,1.31,4.09,4SIM36
Khalil,Saidi,Male,24,Tunisian,0.48,4.95,3.92,2.68,4SIM36
Youssef,Mansour,Male,22,Tunisian,2.75,1.36,0.4,3.85,4SIM36
Yasmine,Mabrouk,Female,20,Tunisian,3.22,0.46,0.99,2.93,4SIM36
Manel,Gharbi,Female,19,Tunisian,4.38,0.46,4.6,2.25,4SIM36
Wafa,Rekik,Female,22,Tunisian,4.01,0.16,0.96,3.17,4SIM36
Amadou,Sarr,Male,25,Senegalese,4.34,0.5,0.04,4.91,4SIM36
Oussama,Cherif,Male,23,Tunisian,0.66,3.15,1.24,1.0,4SIM36
Sarra,Rekik,Female,24,Tunisian,1.12,2.17,4.8,3.06,4SIM36
Hela,Ghanouchi,Female,22,Tunisian,4.0,3.82,0.07,0.76,4SIM36
Rami,Abidi,Male,20,Tunisian,3.62,4.13,0.11,3.17,4SIM36
Marwen,Guettari,Male,19,Tunisian,3.77,4.77,2.07,1.91,4SIM36
Wided,Turki,Female,20,Tunisian,2.27,1.17,3.71,4.6,4SIM36
Meriem,Nasri,Female,19,Tunisian,4.09,4.69,4.58,2.02,4SIM36
Rim,Karoui,Female,19,Tunisian,4.34,4.93,0.5,4.63,4SIM36
Meriem,Mabrouk,Female,30,Tunisian,2.45,1.48,4.22,0.75,4SIM36
Rym,Zayani,Female,22,Tunisian,1.52,1.08,2.44,3.06,4SIM36
Ibrahima,Thiam,Male,25,Senegalese,0.92,1.6,4.42,3.53,4SIM36
Sabrine,Maaloul,Female,34,Tunisian,0.81,3.18,2.83,3.44,4SIM36
Adel,Mejri,Male,21,Tunisian,3.53,3.35,0.39,3.78,4SIM36
Bilel,Driss,Male,25,Tunisian,2.93,4.38,1.77,3.35,4SIM36
Mouna,Karoui,Female,20,Tunisian,3.32,2.21,4.72,1.26,4SIM36
Sofiene,Jebali,Male,21,Tunisian,2.62,3.57,2.2,1.3,4SIM36
Skander,Ayari,Male,20,Tunisian,2.09,2.97,1.7,3.17,4SIM36
Tarek,Baccouche,Male,42,Tunisian,2.53,1.99,2.13,0.63,4SIM36
Farah,Toumi,Female,19,Tunisian,2.14,1.48,4.02,1.0,4SIM36
Ali,Slimani,Male,24,Tunisian,0.4,0.6,4.13,0.32,2A17
Dorra,Jlassi,Female,19,Tunisian,2.68,2.87,1.5,4.92,2A17
Leila,Ben Salah,Female,19,Tunisian,1.0,0.67,1.37,1.84,2A17
Sami,Mejri,Male,24,Tunisian,1.36,2.25,4.71,0.33,2A17
Hend,Khlifi,Female,21,Tunisian,1.29,4.15,2.99,1.26,2A17
Amina,Haddad,Female,19,Moroccan,1.02,2.8,1.78,4.05,2A17
Sabrine,Turki,Female,22,Tunisian,4.91,4.3,2.26,3.06,2A17
Nadia,Jlassi,Female,18,Tunisian,2.01,3.69,0.42,4.12,2A17
Fatima,Mansur,Female,21,Libyan,3.75,4.58,3.29,3.1,2A17
Fethi,Hamdi,Male,25,Tunisian,2.68,1.19,1.29,0.11,2A17
Oussama,Ben Salah,Male,25,Tunisian,0.85,4.86,1.33,2.25,2A17
Aicha,Haddad,Female,22,Algerian,4.13,4.83,2.75,4.92,2A17
Nour,Guettari,Female,34,Tunisian,1.09,0.89,0.36,4.88,2A17
Zineb,Benjelloun,Female,18,Moroccan,1.07,4.55,1.58,0.38,2A17
Nabil,Jebali,Male,20,Tunisian,2.33,4.68,2.68,0.67,2A17
Ghassen,Ben Salah,Male,21,Tunisian,1.47,0.38,0.45,0.57,2A17
Emna,Khlifi,Female,19,Tunisian,2.48,2.92,2.22,2.12,2A17
Ahmed,Maaloul,Male,21,Tunisian,3.62,3.58,3.03,1.11,2A17
Oumaima,Jlassi,Female,18,Tunisian,0.11,1.52,0.74,1.2,2A17
Coumba,Faye,Female,18,Senegalese,4.91,1.15,0.32,2.48,2A17
Chokri,Sassi,Male,22,Tunisian,2.81,1.06,1.98,3.35,2A17
Mariem,Ben Salah,Female,22,Tunisian,1.47,4.39,2.5,2.99,2A17
Karim,Mansouri,Male,20,Algerian,3.01,3.61,2.06,1.6,2A17
Amel,Jaziri,Female,33,Tunisian,0.47,1.36,1.35,3.09,2A17
Sabrine,Trabelsi,Female,25,Tunisian,0.76,4.13,4.87,0.11,2A17
Emna,Baccouche,Female,23,Tunisian,4.64,2.48,3.3,3.17,2A17
Samira,Rekik,Female,18,Tunisian,3.38,2.55,2.74,1.66,2A17
Marie,Kamga,Female,23,Cameroonian,1.08,1.96,3.9,1.76,1A60
Adel,Makni,Male,19,Tunisian,3.65,3.07,1.97,3.96,1A60
Emna,Mansour,Female,20,Tunisian,2.67,2.57,3.63,0.24,1A60
Ismail,Ben Salah,Male,25,Tunisian,4.15,2.33,2.65,0.1,1A60
Hicham,Idrissi,Male,21,Moroccan,2.11,2.96,4.34,1.74,1A60
Sabrine,Jaziri,Female,20,Tunisian,3.49,3.15,3.95,2.13,1A60
Mahamadou,Sissoko,Male,21,Malian,3.92,3.95,4.47,0.3,1A60
Leila,Jebali,Female,23,Tunisian,4.58,0.94,1.11,0.76,1A60
Tarek,Jebali,Male,25,Tunisian,0.36,1.1,0.48,0.78,1A60
Kouadio,Bamba,Male,24,Ivorian,4.41,2.02,1.92,2.11,1A60
Samira,Baccouche,Female,24,Tunisian,1.14,1.75,1.56,3.72,1A60
Haythem,Zayani,Male,19,Tunisian,4.07,0.78,0.51,4.49,1A60
Sami,Chebbi,Male,25,Tunisian,4.61,1.77,1.74,4.54,1A60
Leila,Jlassi,Female,21,Tunisian,1.28,4.14,0.09,4.77,1A60
Hiba,Haddad,Female,25,Tunisian,4.92,4.77,3.17,2.44,1A60
Sarra,Karoui,Female,22,Tunisian,0.98,1.21,0.75,4.82,1A60
Bechir,Haddad,Male,40,Tunisian,1.99,1.95,2.52,4.54,1A60
Nizar,Baccouche,Male,19,Tunisian,3.36,4.51,4.17,4.53,1A60
Bechir,Fourati,Male,18,Tunisian,3.7,3.4,4.41,3.26,1A60
Skander,Khemiri,Male,24,Tunisian,0.5,0.58,1.45,2.82,1A60
Mariem,Mansour,Female,25,Tunisian,2.74,4.21,0.86,0.03,1A60
Ahou,Kouame,Female,18,Ivorian,2.61,0.18,1.13,2.71,1A60
Wassim,Abidi,Male,25,Tunisian,2.88,0.41,2.81,4.55,1A60
Eya,Jlassi,Female,24,Tunisian,0.16,4.57,0.79,0.15,1A60
Rachid,Idrissi,Male,23,Moroccan,2.79,2.0,3.13,0.1,1A60
Sabrine,Haddad,Female,23,Tunisian,2.39,0.6,0.96,3.13,1A60
Youssef,Berrada,Male,21,Moroccan,0.61,0.97,1.42,1.71,1A60
Ali,Haddad,Male,18,Algerian,1.17,2.72,1.4,2.45,1A60
Chaima,Chebbi,Female,23,Tunisian,1.03,1.72,2.36,3.96,1A60
Ahmed,Hassani,Male,24,Algerian,0.98,3.86,4.37,1.7,1A60
Ghada,Zayani,Female,21,Tunisian,4.2,3.67,3.49,3.82,1A60
Nadia,Toumi,Female,28,Tunisian,0.09,0.62,1.55,4.86,1A60
Iheb,Hamdi,Male,19,Tunisian,4.84,0.36,2.59,4.17,2A46
Amine,Zayani,Male,24,Tunisian,2.83,1.45,0.05,2.26,2A46
Omar,Chebbi,Male,19,Tunisian,1.19,3.85,1.12,2.0,2A46
Awa,Thiam,Female,20,Senegalese,4.02,2.58,4.5,1.95,2A46
Eya,Fourati,Female,24,Tunisian,4.42,2.26,3.77,2.22,2A46
Ndeye,Ba,Female,21,Senegalese,4.82,0.44,3.58,1.6,2A46
Rym,Sassi,Female,18,Tunisian,0.55,2.87,2.84,1.79,2A46
Fanta,Kante,Female,23,Guinean,2.5,2.36,1.01,0.2,2A46
Chokri,Ben Salah,Male,25,Tunisian,1.67,0.35,3.89,2.31,2A46
Djamila,Mansouri,Female,21,Algerian,4.4,0.59,1.74,0.21,2A46
Tarek,Maaloul,Male,22,Tunisian,4.31,3.34,2.33,4.04,2A46
Ines,Mabrouk,Female,21,Tunisian,0.96,3.26,0.39,2.97,2A46
Samir,Messaoudi,Male,21,Algerian,2.15,0.52,1.97,3.84,2A46
Tarek,Abidi,Male,34,Tunisian,1.14,3.42,1.55,3.27,2A46
Bilel,Belkhir,Male,24,Tunisian,0.21,0.94,3.33,1.12,2A46
Asma,Sassi,Female,28,Tunisian,0.92,3.91,4.02,3.46,2A46
Aymen,Chouchene,Male,21,Tunisian,0.34,2.8,4.95,3.7,2A46
Wassim,Ben Ali,Male,20,Tunisian,0.54,3.93,2.4,1.79,2A46
Aya,Koffi,Female,18,Ivorian,1.28,3.18,3.07,2.34,2A46
Ghada,Saidi,Female,21,Tunisian,0.49,4.97,3.05,1.75,2A46
Nadia,Jaziri,Female,24,Tunisian,1.22,4.0,3.01,4.86,2A46
Sonia,Baccouche,Female,22,Tunisian,4.55,2.38,3.87,3.97,2A46
Daouda,Traore,Male,18,Ivorian,1.18,2.5,4.02,0.54,2A46
Foued,Rekik,Male,23,Tunisian,2.01,1.79,0.11,3.22,2A46
Fatma,Ben Ali,Female,21,Tunisian,1.48,1.95,3.7,3.18,2A46
Manel,Driss,Female,23,Tunisian,1.78,0.66,2.33,1.74,2A46
Emna,Makni,Female,18,Tunisian,3.69,1.19,3.02,0.67,2A46
Farah,Ben Ali,Female,23,Tunisian,0.4,4.41,0.96,0.78,3A22
Wafa,Zouari,Female,25,Tunisian,1.3,3.57,4.97,4.81,3A22
Wided,Hamdi,Female,45,Tunisian,3.56,0.85,1.04,4.99,3A22
Mehdi,Ghanouchi,Male,24,Tunisian,0.2,3.2,1.38,4.41,3A22
Rami,Mansour,Male,19,Tunisian,0.64,4.96,0.38,4.44,3A22
Tarek,Jaziri,Male,22,Tunisian,1.03,1.64,3.53,3.08,3A22
Olfa,Karoui,Female,22,Tunisian,3.19,0.11,0.86,4.15,3A22
Khalil,Jebali,Male,18,Tunisian,2.25,3.06,2.64,2.67,3A22
Sarra,Ben Ali,Female,20,Tunisian,1.77,3.63,1.42,1.71,3A22
Cyrine,Ben Ali,Female,22,Tunisian,1.66,3.89,1.58,3.4,3A22
Farah,Ammar,Female,25,Tunisian,2.17,1.63,0.45,1.15,3A22
Bilel,Khemiri,Male,22,Tunisian,4.16,2.21,3.36,3.8,3A22
Emna,Gharbi,Female,19,Tunisian,1.91,3.92,2.34,4.34,3A22
Khalil,Trabelsi,Male,21,Tunisian,0.18,0.22,0.78,4.85,3A22
Hamza,Karoui,Male,23,Tunisian,3.04,3.22,1.67,4.07,3A22
Ghada,Hamdi,Female,25,Tunisian,3.44,3.31,4.21,4.23,3A22
Siwar,Fourati,Female,25,Tunisian,0.39,0.65,2.43,3.74,3A22
Lobna,Ayari,Female,18,Tunisian,2.77,4.93,2.67,0.65,3A22
Nizar,Khlifi,Male,25,Tunisian,1.39,0.59,4.45,3.36,3A22
Fethi,Chebbi,Male,21,Tunisian,3.02,4.89,3.07,4.36,3A22
Said,Hassani,Male,21,Algerian,1.73,4.07,1.78,1.38,3A22
Bechir,Karoui,Male,22,Tunisian,3.57,1.68,2.74,3.9,3A22
Mohamed,Nasri,Male,22,Tunisian,3.23,1.08,1.58,3.88,3A22
Mohamed,Zayani,Male,18,Tunisian,4.71,3.43,3.54,0.03,3A22
Rachid,Haddad,Male,18,Moroccan,3.26,0.12,0.1,2.69,3A22
Amine,Nasri,Male,24,Tunisian,1.85,0.66,4.93,2.37,3A22
Mariem,Belkhir,Female,23,Tunisian,0.6,0.21,0.47,0.85,3A22
Sarra,Bouazizi,Female,22,Tunisian,4.84,4.24,3.7,3.36,3A22
Walid,Khlifi,Male,24,Tunisian,3.89,4.9,0.29,1.38,3A22
Mourad,Bouazizi,Male,19,Tunisian,0.8,4.62,2.43,2.05,3A22
Haythem,Belkhir,Male,20,Tunisian,2.98,3.01,0.73,4.67,3A22
Ali,Jaziri,Male,21,Tunisian,0.41,4.99,0.65,3.92,5TWIN100
Marwen,Turki,Male,19,Tunisian,0.97,4.49,3.47,1.41,5TWIN100
Mohamed,Benali,Male,23,Algerian,0.03,0.87,1.24,3.72,5TWIN100
Oussama,Khemiri,Male,24,Tunisian,2.57,3.81,1.8,3.28,5TWIN100
Emna,Chebbi,Female,20,Tunisian,2.9,2.99,2.14,2.25,5TWIN100
Hiba,Mansour,Female,21,Tunisian,2.94,3.03,3.67,2.72,5TWIN100
Skander,Fourati,Male,22,Tunisian,2.31,2.3,2.03,4.57,5TWIN100
Foued,Chebbi,Male,19,Tunisian,0.01,0.27,4.16,3.71,5TWIN100
Emna,Maaloul,Female,22,Tunisian,3.42,4.64,2.35,3.61,5TWIN100
Jean,Oumarou,Male,21,Cameroonian,1.29,0.14,2.1,0.84,5TWIN100
Kouadio,Coulibaly,Male,21,Ivorian,0.15,0.76,1.48,4.68,5TWIN100
Sonia,Ammar,Female,24,Tunisian,0.19,2.72,3.69,3.9,5TWIN100
Haythem,Zouari,Male,18,Tunisian,0.83,0.83,3.5,4.8,5TWIN100
Mohamed,Trabelsi,Male,25,Tunisian,2.77,3.53,2.63,0.88,5TWIN100
Adel,Gharbi,Male,23,Tunisian,3.4,4.57,4.93,3.37,5TWIN100
Mohamed,Bouazizi,Male,24,Tunisian,3.49,4.09,0.46,3.86,5TWIN100
Nabil,El Idrissi,Male,22,Moroccan,0.56,1.67,4.24,2.09,5TWIN100
Nizar,Gharbi,Male,21,Tunisian,1.32,1.46,1.03,0.79,5TWIN100
Wided,Ben Ali,Female,20,Tunisian,0.66,4.06,1.31,2.82,5TWIN100
Sami,Baccouche,Male,18,Tunisian,3.57,1.56,3.28,1.27,5TWIN100
Zied,Saidi,Male,22,Tunisian,0.41,2.57,0.39,2.2,5TWIN100
Hatem,Chouchene,Male,22,Tunisian,4.26,2.61,3.3,2.28,5TWIN100
Hedi,Rekik,Male,22,Tunisian,4.72,2.2,4.33,4.79,5TWIN100
Mohamed,Turki,Male,22,Tunisian,0.05,0.08,3.88,3.28,5TWIN100
Wassim,Khemiri,Male,25,Tunisian,0.76,4.43,0.78,3.93,5TWIN100
Oumaima,Ben Ali,Female,23,Tunisian,0.54,4.54,1.18,4.18,5TWIN100
Meriem,Ayari,Female,19,Tunisian,4.58,3.8,0.63,4.11,5TWIN100
Sonia,Khemiri,Female,18,Tunisian,0.6,1.45,1.61,4.17,5TWIN100
Sofiene,Ben Ali,Male,25,Tunisian,2.8,3.32,1.33,3.62,5TWIN100
Rami,Hamdi,Male,22,Tunisian,0.58,2.55,0.07,4.01,5TWIN100
Hedi,Mansour,Male,20,Tunisian,3.69,2.56,2.43,0.04,5TWIN100
Karim,Mejri,Male,20,Tunisian,4.82,1.69,0.4,0.44,5TWIN100
Ismail,Ayari,Male,19,Tunisian,1.67,2.38,0.04,0.27,5TWIN100
Amine,Ben Salah,Male,24,Tunisian,3.22,1.88,3.92,4.87,5TWIN100
Khadija,Ayari,Female,22,Tunisian,4.61,2.92,1.33,1.56,5TWIN100
Eya,Rekik,Female,21,Tunisian,4.86,0.31,1.45,4.51,2A47
Ali,Jlassi,Male,23,Tunisian,2.82,1.12,4.12,4.86,2A47
Jacqueline,Kamga,Female,20,Cameroonian,3.28,2.74,2.88,0.93,2A47
Rami,Jaziri,Male,19,Tunisian,1.32,0.18,2.79,2.56,2A47
Oussama,Saidi,Male,20,Tunisian,1.74,2.1,3.46,2.15,2A47
Hiba,Khlifi,Female,24,Tunisian,4.02,2.97,2.19,2.24,2A47
Mehdi,Turki,Male,21,Tunisian,1.82,2.76,0.33,2.66,2A47
Fatma,Turki,Female,24,Tunisian,0.57,4.76,3.94,2.59,2A47
Madeleine,Moussa,Female,27,Cameroonian,0.96,4.5,2.35,3.38,2A47
Hichem,Khemiri,Male,19,Tunisian,2.53,1.36,0.5,1.59,2A47
Amine,Baccouche,Male,19,Tunisian,0.3,0.58,4.3,4.39,2A47
Lobna,Haddad,Female,21,Tunisian,3.58,4.89,3.15,0.94,2A47
Haythem,Nasri,Male,25,Tunisian,1.44,3.37,3.62,1.67,2A47
Amel,Trabelsi,Female,19,Tunisian,1.99,2.59,4.39,3.36,2A47
Zied,Ghanouchi,Male,21,Tunisian,0.99,3.52,0.39,4.98,2A47
Rami,Sassi,Male,20,Tunisian,2.41,3.84,4.24,2.4,2A47
Walid,Toumi,Male,25,Tunisian,4.88,2.13,2.48,3.08,2A47
Sarra,Jebali,Female,23,Tunisian,3.74,3.87,3.64,3.96,2A47
Mourad,Lahmar,Male,25,Tunisian,2.07,2.99,2.94,4.32,2A47
Emna,Toumi,Female,25,Tunisian,1.4,3.41,1.7,2.23,2A47
Hiba,Toumi,Female,21,Tunisian,2.69,2.24,2.6,2.1,2A47
Yasmine,Bouazizi,Female,24,Tunisian,2.76,1.16,4.47,2.37,2A47
Samira,Haddad,Female,19,Tunisian,1.45,4.4,2.44,3.62,2A47
Hichem,Driss,Male,44,Tunisian,2.09,3.14,2.52,0.12,2A47
Tarek,Zayani,Male,22,Tunisian,1.91,2.36,4.31,0.66,2A47
Emna,Mejri,Female,20,Tunisian,1.11,4.59,4.28,1.0,2A47
Mourad,Jlassi,Male,19,Tunisian,3.19,3.68,1.38,3.15,2A47
Mouna,Maaloul,Female,24,Tunisian,4.4,0.08,3.47,0.66,2A47
Ines,Maaloul,Female,25,Tunisian,4.71,3.56,0.19,2.87,2A47
Sonia,Mansour,Female,18,Tunisian,0.13,1.79,2.67,3.27,2A47
Haythem,Mejri,Male,19,Tunisian,2.14,0.18,0.81,3.82,2A47
Aissatou,Diouf,Female,18,Senegalese,1.06,1.58,4.36,4.63,2A47
Olfa,Fourati,Female,18,Tunisian,2.18,4.95,1.61,1.06,2A47
Rym,Jlassi,Female,20,Tunisian,4.98,4.77,4.95,2.35,1A32
Ghada,Haddad,Female,25,Tunisian,0.63,4.54,3.05,1.06,1A32
Rania,Ammar,Female,18,Tunisian,2.34,0.32,4.88,0.63,1A32
Hedi,Makni,Male,20,Tunisian,2.55,4.13,0.25,4.8,1A32
Bechir,Maaloul,Male,20,Tunisian,2.54,4.41,1.42,0.62,1A32
Sabrine,Ben Salah,Female,26,Tunisian,0.51,1.54,1.94,1.81,1A32
Siwar,Belkhir,Female,19,Tunisian,1.98,2.42,2.81,2.06,1A32
Sofiene,Cherif,Male,19,Tunisian,2.56,1.67,2.79,2.29,1A32
Hend,Bouazizi,Female,19,Tunisian,4.7,3.21,2.7,1.62,1A32
Mustapha,Lahlou,Male,24,Moroccan,2.49,1.54,3.87,3.67,1A32
Ghada,Lahmar,Female,19,Tunisian,4.77,3.97,3.83,0.32,1A32
Fethi,Toumi,Male,20,Tunisian,1.49,4.12,1.64,2.31,1A32
Ismail,Ammar,Male,19,Tunisian,0.83,1.62,1.25,2.76,1A32
Sofiene,Chebbi,Male,43,Tunisian,1.11,2.68,3.97,4.66,1A32
Ghassen,Turki,Male,22,Tunisian,3.46,1.73,3.96,4.53,1A32
Nour,Khlifi,Female,23,Tunisian,3.86,2.53,2.92,2.9,1A32
Lobna,Fourati,Female,22,Tunisian,3.16,1.34,1.56,4.84,1A32
Ismail,Haddad,Male,24,Tunisian,3.53,2.35,0.33,1.3,1A32
Siwar,Makni,Female,25,Tunisian,1.49,1.0,4.35,2.55,1A32
Ghassen,Khemiri,Male,20,Tunisian,4.26,4.84,2.94,3.37,1A32
Mourad,Mejri,Male,24,Tunisian,4.2,2.1,2.9,4.46,1A32
Fares,Ben Salah,Male,19,Tunisian,2.68,2.44,3.05,2.21,1A32
Wided,Trabelsi,Female,18,Tunisian,2.46,3.68,4.52,0.06,1A32
Siwar,Slimani,Female,18,Tunisian,0.32,4.49,4.82,0.43,1A32
Zied,Lahmar,Male,20,Tunisian,4.8,2.04,1.39,1.43,1A32
Haythem,Khemiri,Male,20,Tunisian,5.0,4.92,1.87,0.79,3A66
Abdoulaye,Sarr,Male,36,Senegalese,4.77,2.47,4.03,3.37,3A66
Emna,Turki,Female,25,Tunisian,4.43,0.12,2.44,1.65,3A66
Mouna,Baccouche,Female,18,Tunisian,0.81,4.92,3.47,1.7,3A66
Meriem,Fourati,Female,20,Tunisian,4.9,2.53,2.82,0.07,3A66
Skander,Hamdi,Male,23,Tunisian,2.92,2.54,1.45,1.41,3A66
Naima,Bennani,Female,25,Moroccan,4.31,3.32,1.81,0.81,3A66
Rami,Karoui,Male,25,Tunisian,4.31,0.25,1.05,2.58,3A66
Asma,Rekik,Female,24,Tunisian,1.24,1.55,3.76,0.85,3A66
Manel,Haddad,Female,20,Tunisian,2.67,3.5,1.83,3.7,3A66
Iheb,Zouari,Male,43,Tunisian,3.42,3.81,3.62,2.35,3A66
Marwen,Bouazizi,Male,23,Tunisian,3.9,1.04,3.56,3.15,3A66
Iheb,Karoui,Male,22,Tunisian,2.27,3.18,4.4,4.98,3A66
Amine,Khlifi,Male,18,Tunisian,3.83,2.07,4.7,2.79,3A66
Rami,Rekik,Male,19,Tunisian,1.81,1.43,4.87,3.6,3A66
Bilel,Gharbi,Male,22,Tunisian,0.87,4.48,2.49,3.1,3A66
Ghassen,Rekik,Male,22,Tunisian,4.74,4.47,3.59,3.4,3A66
Sabrine,Khlifi,Female,19,Tunisian,4.2,4.17,2.57,3.15,3A66
Chaima,Zayani,Female,18,Tunisian,4.43,1.08,0.66,3.4,3A66
Rami,Khemiri,Male,23,Tunisian,1.45,3.18,4.57,1.85,3A66
Ali,Ben Ali,Male,24,Tunisian,3.0,0.36,4.96,4.4,3A66
Farah,Chouchene,Female,25,Tunisian,4.25,0.14,3.37,3.34,3A66
Hatem,Chebbi,Male,20,Tunisian,2.38,3.3,4.82,3.19,3A66
Nabil,Toumi,Male,19,Tunisian,3.42,2.82,2.39,1.66,3A66
Asma,Abidi,Female,25,Tunisian,3.97,0.16,2.52,4.65,3A66
Nour,Turki,Female,21,Tunisian,3.39,4.79,2.85,2.0,3A66
Fouad,Benjelloun,Male,22,Moroccan,0.17,2.65,4.78,4.69,3A66
Nizar,Khemiri,Male,25,Tunisian,1.76,2.0,4.98,2.68,3A66
Rami,Cherif,Male,22,Tunisian,4.07,4.91,3.52,4.93,3A66
Khady,Faye,Female,19,Senegalese,1.47,0.43,1.52,1.94,4NIDS71
Rami,Fourati,Male,18,Tunisian,3.32,4.3,3.33,4.26,4NIDS71
Youssef,Chebbi,Male,20,Tunisian,0.3,1.97,3.21,1.11,4NIDS71
Amina,Cherif,Female,24,Tunisian,1.9,3.99,4.73,1.32,4NIDS71
Khadija,Cherif,Female,24,Tunisian,3.97,4.25,4.53,1.89,4NIDS71
Anis,Abidi,Male,18,Tunisian,2.26,1.47,3.77,2.02,4NIDS71
Oumaima,Jebali,Female,25,Tunisian,0.16,3.48,0.93,1.5,4NIDS71
Sami,Cherif,Male,40,Tunisian,3.47,0.26,0.35,3.91,4NIDS71
Nizar,Haddad,Male,23,Tunisian,3.12,0.33,1.7,1.57,4NIDS71
Karim,Messaoudi,Male,19,Algerian,0.78,4.32,3.81,3.43,4NIDS71
Zineb,Bennani,Female,22,Moroccan,2.86,3.38,0.8,2.67,4NIDS71
Salma,Jaziri,Female,23,Tunisian,3.29,1.13,3.23,4.59,4NIDS71
Khalil,Ammar,Male,22,Tunisian,4.91,3.75,3.1,1.16,4NIDS71
Ghassen,Ben Ali,Male,21,Tunisian,0.3,3.11,0.44,1.98,4NIDS71
Foued,Zouari,Male,23,Tunisian,4.87,1.74,3.04,2.72,4NIDS71
Amine,Khemiri,Male,24,Tunisian,3.45,4.26,0.02,1.28,4NIDS71
Aya,Kone,Female,19,Ivorian,0.63,1.68,0.74,3.91,4NIDS71
Meriem,Belkhir,Female,34,Tunisian,0.86,3.34,3.99,1.0,4NIDS71
Chantal,Fankam,Female,22,Cameroonian,0.79,0.88,0.96,3.15,4NIDS71
Bechir,Belkhir,Male,21,Tunisian,4.57,4.14,2.3,3.89,4NIDS71
Anis,Ben Ali,Male,25,Tunisian,4.96,1.65,3.74,2.07,4NIDS71
Hend,Chebbi,Female,20,Tunisian,4.8,0.63,0.67,3.15,4NIDS71
Lobna,Zouari,Female,20,Tunisian,3.57,4.64,4.42,2.75,4NIDS71
Fatou,Niang,Female,20,Senegalese,3.64,4.09,3.55,3.64,4NIDS71
Hichem,Chebbi,Male,21,Tunisian,3.02,1.3,1.98,2.48,4NIDS71
Cyrine,Maaloul,Female,25,Tunisian,2.36,0.98,4.84,2.45,4NIDS71
Youssef,Ghanouchi,Male,25,Tunisian,4.04,3.04,1.17,0.66,4NIDS71
Fatoumata,Kouassi,Female,23,Ivorian,4.43,1.22,0.16,1.31,4NIDS71
Asma,Khemiri,Female,22,Tunisian,2.53,3.73,4.82,2.34,4NIDS71
Mouna,Toumi,Female,22,Tunisian,1.31,4.03,4.09,3.68,4NIDS71
Mouna,Turki,Female,24,Tunisian,1.7,1.79,2.69,3.86,4NIDS71
Amina,Rekik,Female,23,Tunisian,0.94,3.27,1.07,4.61,4NIDS71
Oussama,Gharbi,Male,25,Tunisian,4.04,4.49,3.08,2.7,4NIDS71
Chaima,Trabelsi,Female,21,Tunisian,4.16,2.71,1.97,1.35,4NIDS71
Zaineb,Zouari,Female,22,Tunisian,0.36,2.37,4.63,2.25,4NIDS71
Youssef,Jlassi,Male,24,Tunisian,3.0,0.06,2.9,0.96,1A3
Khalil,Jlassi,Male,20,Tunisian,1.68,1.38,1.55,4.69,1A3
Oumaima,Ben Salah,Female,24,Tunisian,1.72,3.71,2.56,0.56,1A3
Dorra,Nasri,Female,20,Tunisian,4.44,1.53,1.94,2.77,1A3
Bechir,Jlassi,Male,21,Tunisian,2.36,0.63,3.87,2.5,1A3
Hedi,Gharbi,Male,21,Tunisian,0.21,2.88,1.62,1.98,1A3
Hatem,Trabelsi,Male,24,Tunisian,1.93,3.48,0.8,2.73,1A3
Khalil,Sassi,Male,23,Tunisian,2.18,4.56,3.13,0.77,1A3
Leila,Tazi,Female,23,Moroccan,0.47,3.31,0.01,3.53,1A3
Cyrine,Jlassi,Female,25,Tunisian,2.33,3.24,1.79,4.22,1A3
Sarra,Chebbi,Female,20,Tunisian,0.67,4.2,4.19,0.51,1A3
Hiba,Ayari,Female,20,Tunisian,1.5,0.89,1.21,4.96,1A3
Sonia,Karoui,Female,23,Tunisian,2.74,3.12,2.47,0.72,1A3
Nour,Rekik,Female,25,Tunisian,1.19,1.2,1.11,1.52,1A3
Nabil,Haddad,Male,21,Tunisian,3.7,1.53,0.63,2.59,1A3
Cheikh,Sarr,Male,23,Senegalese,4.4,4.84,1.82,1.93,1A3
Lobna,Jaziri,Female,25,Tunisian,1.79,4.43,1.01,2.48,1A3
Samira,Maaloul,Female,29,Tunisian,0.1,0.35,3.91,0.0,1A3
Amina,Jaziri,Female,18,Tunisian,1.71,4.15,0.62,3.61,1A3
Oumaima,Lahmar,Female,25,Tunisian,3.25,0.38,1.66,3.57,1A3
Marwen,Haddad,Male,18,Tunisian,1.59,3.41,0.65,4.09,1A3
Rania,Jebali,Female,25,Tunisian,4.53,4.43,0.07,1.9,1A3
Naima,Idrissi,Female,23,Moroccan,1.85,4.08,2.62,4.25,1A3
Hamza,Belkhir,Male,24,Tunisian,0.49,2.48,2.29,2.03,1A3
Sami,Bouazizi,Male,40,Tunisian,4.11,1.23,4.57,4.29,1A3
Mariem,Baccouche,Female,18,Tunisian,1.09,2.58,2.48,1.31,1A70
Chaima,Nasri,Female,25,Tunisian,4.95,0.78,2.67,0.35,1A70
Ismail,Gharbi,Male,22,Tunisian,3.55,2.99,0.35,1.16,1A70
Sabrine,Zayani,Female,24,Tunisian,0.78,4.76,1.16,0.3,1A70
Ismail,Zayani,Male,19,Tunisian,1.08,4.84,3.06,3.01,1A70
Siwar,Chouchene,Female,25,Tunisian,4.13,3.99,0.76,3.86,1A70
Marwen,Cherif,Male,20,Tunisian,2.81,2.08,2.91,1.54,1A70
Rania,Guettari,Female,23,Tunisian,3.47,2.78,3.68,2.72,1A70
Mourad,Haddad,Male,19,Tunisian,0.83,2.62,3.33,1.95,1A70
Cheikh,Thiam,Male,23,Senegalese,3.15,4.21,0.84,3.72,1A70
Fatma,Driss,Female,23,Tunisian,1.82,0.21,2.78,2.11,1A70
Bilel,Ben Salah,Male,24,Tunisian,2.39,3.97,2.55,4.18,1A70
Lina,Chebbi,Female,40,Tunisian,4.17,4.81,0.54,4.97,1A70
Salem,Hassan,Male,22,Libyan,1.44,3.17,1.69,2.97,1A70
Hiba,Mejri,Female,21,Tunisian,2.89,4.36,0.12,1.59,1A70
Hedi,Slimani,Male,24,Tunisian,1.6,4.56,3.96,2.46,1A70
Aliou,Fall,Male,20,Senegalese,3.82,0.97,1.45,4.43,1A70
Aymen,Bouazizi,Male,24,Tunisian,4.02,2.82,2.49,3.77,1A70
Yasmine,Ayari,Female,21,Tunisian,0.08,4.96,3.69,1.32,1A70
Samir,Cherif,Male,18,Algerian,4.64,2.97,4.02,1.26,1A70
Nadia,Bouazizi,Female,20,Tunisian,4.5,4.26,3.52,2.86,1A70
Mourad,Turki,Male,25,Tunisian,2.04,4.13,2.76,0.72,1A70
Sabrine,Toumi,Female,23,Tunisian,0.68,4.51,0.83,0.72,1A70
Amine,Hamdi,Male,22,Tunisian,0.08,0.63,4.94,0.66,1A70
Farah,Khlifi,Female,25,Tunisian,0.28,3.1,2.78,1.74,1A70
Mariem,Ayari,Female,22,Tunisian,4.44,2.64,4.34,0.03,5SIM32
Hela,Jaziri,Female,24,Tunisian,3.03,1.59,1.19,3.77,5SIM32
Zied,Jebali,Male,25,Tunisian,2.61,1.66,4.3,4.74,5SIM32
Olfa,Ayari,Female,25,Tunisian,3.96,3.7,0.89,0.52,5SIM32
Marwen,Zayani,Male,22,Tunisian,0.64,3.92,4.02,2.73,5SIM32
Mehdi,Jaziri,Male,21,Tunisian,4.78,1.8,3.66,0.16,5SIM32
Samira,Jebali,Female,24,Tunisian,1.91,4.08,2.96,4.01,5SIM32
Kheira,Haddad,Female,20,Algerian,1.43,0.23,2.16,0.48,5SIM32
Rym,Hamdi,Female,25,Tunisian,4.62,3.85,4.27,0.15,5SIM32
Leila,Hamdi,Female,19,Tunisian,1.17,1.61,2.93,3.53,5SIM32
Fares,Khlifi,Male,35,Tunisian,4.35,0.15,3.55,3.01,5SIM32
Ghassen,Mansour,Male,19,Tunisian,1.53,1.97,0.04,1.39,5SIM32
Emna,Ben Salah,Female,18,Tunisian,2.41,0.34,2.36,2.92,5SIM32
Chokri,Nasri,Male,18,Tunisian,2.66,0.1,1.26,2.15,5SIM32
Karim,Benali,Male,25,Algerian,3.68,0.37,0.92,0.64,5SIM32
Hela,Jebali,Female,25,Tunisian,1.61,1.11,4.27,0.07,5SIM32
Zainab,Fathi,Female,24,Libyan,3.18,2.56,3.24,3.46,5SIM32
Mourad,Chouchene,Male,18,Tunisian,3.54,0.2,3.62,0.44,5SIM32
Amina,Jebali,Female,22,Tunisian,4.61,3.49,1.3,4.66,5SIM32
Mabruka,Fathi,Female,20,Libyan,3.39,1.77,2.65,1.46,5SIM32
Fethi,Ayari,Male,18,Tunisian,1.9,4.03,4.88,0.01,5SIM32
Ghassen,Zouari,Male,19,Tunisian,3.21,2.78,1.75,4.31,5SIM32
Ghassen,Sassi,Male,24,Tunisian,0.19,4.71,4.72,3.15,5SIM32
Karim,Abidi,Male,19,Tunisian,3.16,4.46,2.73,4.97,5SIM32
Rym,Slimani,Female,21,Tunisian,0.1,2.25,3.96,3.38,5SIM32
Adel,Belkhir,Male,25,Tunisian,4.09,2.52,1.62,4.21,5SIM32
Lotfi,Chebbi,Male,22,Tunisian,2.72,1.12,4.34,1.69,5SIM32
Sonia,Guettari,Female,21,Tunisian,1.89,3.27,1.49,0.31,5SIM32
Haythem,Slimani,Male,24,Tunisian,2.39,3.38,2.61,4.07,5SIM32
Oumaima,Makni,Female,24,Tunisian,2.92,4.98,3.48,0.52,5SIM32
Haythem,Jlassi,Male,25,Tunisian,2.04,1.03,0.03,0.53,5SIM32
Mouna,Trabelsi,Female,19,Tunisian,4.35,2.91,3.22,1.32,5SIM32
Ahmed,Jebali,Male,25,Tunisian,3.58,2.54,4.99,3.26,4NIDS59
Aliou,Gueye,Male,21,Senegalese,3.82,0.3,4.65,1.66,4NIDS59
Ismail,Mejri,Male,25,Tunisian,0.77,4.65,4.52,1.26,4NIDS59
Ghassen,Fourati,Male,23,Tunisian,3.45,1.87,0.32,1.57,4NIDS59
Manel,Jebali,Female,25,Tunisian,3.65,1.04,3.66,3.8,4NIDS59
Meriem,Maaloul,Female,19,Tunisian,3.53,2.74,1.66,1.8,4NIDS59
Iheb,Trabelsi,Male,18,Tunisian,4.31,0.3,0.18,3.4,4NIDS59
Hichem,Bouazizi,Male,20,Tunisian,4.28,3.89,2.91,1.45,4NIDS59
Mohamed,Salem,Male,19,Libyan,3.33,1.32,2.28,0.13,4NIDS59
Sarra,Lahmar,Female,23,Tunisian,0.15,3.26,1.9,4.69,4NIDS59
Manel,Mejri,Female,23,Tunisian,4.86,4.12,3.77,3.17,4NIDS59
Djamila,Messaoudi,Female,22,Algerian,4.9,4.69,1.21,1.94,4NIDS59
Marwen,Sassi,Male,21,Tunisian,4.36,4.83,2.55,2.86,4NIDS59
Meriem,Zouari,Female,24,Tunisian,4.88,4.21,4.0,1.26,4NIDS59
Samira,Fassi,Female,22,Moroccan,2.92,0.38,3.99,0.94,4NIDS59
Ghassen,Bouazizi,Male,22,Tunisian,4.29,1.37,1.07,0.15,4NIDS59
Farah,Makni,Female,24,Tunisian,3.71,3.82,4.69,1.64,4NIDS59
Rami,Ben Salah,Male,25,Tunisian,1.82,3.6,4.51,4.1,4NIDS59
Hatem,Haddad,Male,20,Tunisian,0.63,0.75,1.21,0.62,4NIDS59
Bilel,Ayari,Male,19,Tunisian,3.46,2.4,4.31,0.52,4NIDS59
Zaineb,Toumi,Female,24,Tunisian,4.32,0.88,1.21,1.82,4NIDS59
Fatma,Slimani,Female,25,Tunisian,3.58,4.68,3.23,1.11,4NIDS59
Farah,Fourati,Female,23,Tunisian,1.71,1.83,2.97,3.18,4NIDS59
Sofiene,Ammar,Male,24,Tunisian,1.01,1.8,4.77,0.19,4NIDS59
Hamza,Khlifi,Male,24,Tunisian,2.01,2.94,2.24,0.56,4NIDS59
Cyrine,Jaziri,Female,18,Tunisian,1.95,3.58,3.49,0.82,4NIDS59
Oumaima,Slimani,Female,35,Tunisian,0.6,4.74,3.0,1.69,4NIDS59
Mariem,Chouchene,Female,23,Tunisian,4.49,1.93,3.21,3.13,4NIDS59
Walid,Haddad,Male,18,Tunisian,2.48,2.93,1.75,1.03,4NIDS59
Naima,Messaoudi,Female,23,Algerian,0.69,1.51,2.76,2.66,4NIDS59
Ines,Chebbi,Female,22,Tunisian,0.29,1.96,0.92,2.48,4NIDS59
Ghassen,Khlifi,Male,19,Tunisian,0.44,2.55,4.62,2.12,4NIDS59
Nabil,Guettari,Male,19,Tunisian,4.24,0.82,3.65,2.73,4NIDS59
Houria,Brahimi,Female,19,Algerian,4.65,0.64,4.95,4.14,4NIDS59
Salma,Ben Salah,Female,24,Tunisian,4.97,1.55,4.11,2.99,4NIDS59
Hedi,Zouari,Male,19,Tunisian,3.39,1.48,4.28,4.06,3A28
Samira,Jlassi,Female,21,Tunisian,3.33,0.19,2.66,1.39,3A28
Omar,Jlassi,Male,19,Tunisian,2.85,1.61,3.99,2.22,3A28
Wassim,Mabrouk,Male,22,Tunisian,1.7,1.17,4.46,1.53,3A28
Ali,Driss,Male,22,Tunisian,1.84,4.58,0.55,1.31,3A28
Zaineb,Zayani,Female,21,Tunisian,3.94,0.03,4.04,0.95,3A28
Wafa,Jebali,Female,25,Tunisian,2.9,0.79,1.8,3.86,3A28
Hedi,Ben Ali,Male,23,Tunisian,2.57,4.95,1.94,0.67,3A28
Hichem,Sassi,Male,18,Tunisian,2.38,0.78,2.88,0.27,3A28
Amenan,Konan,Female,23,Ivorian,2.04,1.72,4.13,3.12,3A28
Bechir,Trabelsi,Male,20,Tunisian,0.89,3.82,1.08,1.9,3A28
Karim,Sassi,Male,22,Tunisian,3.32,2.19,0.4,2.78,3A28
Walid,Trabelsi,Male,42,Tunisian,2.87,0.13,1.22,2.5,3A28
Eya,Ammar,Female,24,Tunisian,1.66,4.79,3.42,2.43,3A28
Sarra,Zayani,Female,34,Tunisian,2.13,4.14,3.0,3.53,3A28
Wided,Ayari,Female,23,Tunisian,2.87,2.95,3.52,3.56,3A28
Fatima,Haddad,Female,18,Moroccan,3.43,2.96,4.9,1.82,3A28
Amina,Driss,Female,19,Tunisian,3.56,4.47,0.1,0.92,3A28
Khalil,Lahmar,Male,21,Tunisian,2.39,4.9,0.22,2.91,3A28
Hiba,Guettari,Female,19,Tunisian,0.47,3.22,1.28,4.18,3A28
Ali,Mansour,Male,21,Tunisian,3.76,0.98,2.37,2.53,3A28
Oussama,Jaziri,Male,22,Tunisian,3.99,4.51,4.49,1.21,3A28
Brahim,Slimani,Male,18,Algerian,2.69,0.18,0.59,4.59,3A28
Olfa,Baccouche,Female,24,Tunisian,3.66,0.04,0.44,2.16,3A28
Paul,Fankam,Male,20,Cameroonian,1.04,0.46,4.58,3.22,3A28
Amina,Belkhir,Female,23,Tunisian,2.29,3.49,4.06,4.84,2P21
Wafa,Chebbi,Female,23,Tunisian,1.11,2.07,2.23,0.93,2P21
Koffi,Yao,Male,22,Ivorian,0.03,0.05,3.0,2.59,2P21
Chaima,Haddad,Female,20,Tunisian,1.14,3.34,0.92,1.22,2P21
Khadija,Ahmed,Female,22,Libyan,4.04,0.98,1.16,4.0,2P21
Haythem,Fourati,Male,19,Tunisian,4.48,2.93,4.37,0.01,2P21
Salma,Rekik,Female,24,Tunisian,1.3,0.35,3.27,0.86,2P21
Omar,Rekik,Male,21,Tunisian,3.66,4.54,1.53,4.16,2P21
Siwar,Maaloul,Female,23,Tunisian,0.0,1.91,2.35,1.17,2P21
Hatem,Ayari,Male,22,Tunisian,3.46,4.83,3.03,2.92,2P21
Ousmane,Sow,Male,25,Senegalese,4.29,0.67,2.71,3.32,2P21
Ismail,Khlifi,Male,21,Tunisian,1.13,2.06,3.71,4.82,2P21
Meriem,Saidi,Female,21,Tunisian,2.02,4.15,1.33,0.07,2P21
Cyrine,Khlifi,Female,18,Tunisian,4.86,2.38,3.25,3.23,2P21
Rami,Saidi,Male,23,Tunisian,1.33,0.37,1.55,3.96,2P21
Asma,Ben Ali,Female,25,Tunisian,0.32,4.76,4.02,2.63,2P21
Hela,Lahmar,Female,22,Tunisian,3.89,2.64,0.84,1.32,2P21
Sabrine,Jebali,Female,24,Tunisian,3.62,1.55,1.15,4.55,2P21
Sarra,Turki,Female,24,Tunisian,2.57,4.12,0.33,4.01,2P21
Hedi,Nasri,Male,24,Tunisian,4.12,3.62,3.9,3.13,2P21
Hedi,Cherif,Male,18,Tunisian,1.74,3.47,0.63,3.53,2P21
Iman,Salem,Female,20,Libyan,3.18,1.5,2.48,1.71,2P21
Youssef,Ayari,Male,24,Tunisian,1.62,0.01,3.38,4.0,2P21
Tarek,Ammar,Male,25,Tunisian,2.0,3.73,3.65,2.4,2P21
Hamza,Fourati,Male,23,Tunisian,2.57,1.1,4.73,2.8,2P21
Sami,Karoui,Male,23,Tunisian,3.45,0.98,0.65,1.25,2P21
Emna,Jaziri,Female,18,Tunisian,2.22,3.93,3.32,1.97,2P21
Hiba,Abidi,Female,24,Tunisian,3.79,3.66,2.14,2.5,2P21
Asma,Slimani,Female,25,Tunisian,4.1,3.68,4.32,3.21,2P21
Hamza,Jaziri,Male,18,Tunisian,4.49,1.6,3.37,3.75,2P21
Ghassen,Mejri,Male,23,Tunisian,1.52,3.11,0.07,2.76,2P21
Hiba,Khemiri,Female,21,Tunisian,3.55,4.39,0.68,1.53,2P21
Mariem,Cherif,Female,25,Tunisian,1.77,4.72,0.76,3.84,2P21
Mariem,Rekik,Female,18,Tunisian,3.08,1.74,1.86,2.06,2P21
Ismail,Abidi,Male,21,Tunisian,3.71,0.68,4.86,2.09,4TWIN15
Ghada,Maaloul,Female,24,Tunisian,4.42,1.49,3.37,2.31,4TWIN15
Emna,Ayari,Female,22,Tunisian,2.42,1.84,2.4,2.68,4TWIN15
Rym,Mabrouk,Female,23,Tunisian,2.62,4.58,4.1,1.84,4TWIN15
Nadia,Sassi,Female,23,Tunisian,3.03,4.2,0.08,0.59,4TWIN15
Adel,Toumi,Male,24,Tunisian,1.52,1.69,1.55,0.45,4TWIN15
Mouna,Mabrouk,Female,19,Tunisian,1.67,2.87,2.78,4.09,4TWIN15
Fares,Ayari,Male,18,Tunisian,3.6,3.94,0.11,3.86,4TWIN15
Oumaima,Mabrouk,Female,37,Tunisian,0.32,0.6,2.41,0.43,4TWIN15
Wided,Ammar,Female,22,Tunisian,1.35,3.16,3.26,2.91,4TWIN15
Wafa,Guettari,Female,18,Tunisian,4.08,2.3,4.45,2.02,4TWIN15
Sabrine,Ben Ali,Female,21,Tunisian,0.32,2.62,1.16,3.27,4TWIN15
Khadija,Chebbi,Female,25,Tunisian,4.4,1.57,2.06,0.92,4TWIN15
Omar,Driss,Male,22,Tunisian,3.43,3.0,2.3,4.3,4TWIN15
Fares,Saidi,Male,23,Tunisian,4.85,1.93,4.21,0.96,4TWIN15
Hedi,Fourati,Male,20,Tunisian,2.68,0.76,4.19,0.08,4TWIN15
Anis,Cherif,Male,20,Tunisian,4.39,4.96,4.54,3.52,4TWIN15
Sonia,Chouchene,Female,23,Tunisian,1.87,4.35,4.48,0.61,4TWIN15
Cyrine,Guettari,Female,19,Tunisian,2.77,3.18,2.75,2.28,4TWIN15
Skander,Jlassi,Male,18,Tunisian,2.31,1.23,2.4,3.41,4TWIN15
Amina,Tazi,Female,18,Moroccan,0.94,1.36,3.95,1.1,4TWIN15
Skander,Mansour,Male,20,Tunisian,2.23,4.5,1.28,2.07,4TWIN15
Walid,Karoui,Male,18,Tunisian,0.22,0.52,4.75,0.69,4TWIN15
Sofiene,Abidi,Male,30,Tunisian,0.98,0.99,2.6,2.17,4TWIN15
Chokri,Ayari,Male,24,Tunisian,1.23,0.11,2.29,1.61,4TWIN15
Wided,Bouazizi,Female,20,Tunisian,3.45,1.53,3.75,1.41,4TWIN15
Ines,Fourati,Female,29,Tunisian,0.07,3.07,0.04,1.65,4TWIN15
Walid,Cherif,Male,18,Tunisian,1.25,3.38,0.88,4.17,4TWIN15
Zied,Ayari,Male,21,Tunisian,3.21,1.15,4.15,2.08,4TWIN15
Yasmine,Lahmar,Female,19,Tunisian,1.02,0.22,3.91,2.19,4TWIN15
Nizar,Zouari,Male,23,Tunisian,2.44,1.63,3.78,1.84,4TWIN15
Samira,Ben Ali,Female,19,Tunisian,4.72,4.09,1.49,4.74,4NIDS14
Lobna,Maaloul,Female,22,Tunisian,0.76,2.07,0.35,2.53,4NIDS14
Adel,Ayari,Male,21,Tunisian,3.9,3.58,1.81,1.32,4NIDS14
Marwen,Baccouche,Male,25,Tunisian,2.49,2.15,2.75,0.07,4NIDS14
Ali,Zayani,Male,21,Tunisian,4.98,4.05,3.43,2.45,4NIDS14
Cyrine,Toumi,Female,24,Tunisian,4.24,1.55,2.04,0.09,4NIDS14
Sonia,Mejri,Female,20,Tunisian,1.1,4.76,0.2,3.36,4NIDS14
Manel,Abidi,Female,22,Tunisian,0.82,1.16,4.18,3.0,4NIDS14
Hocine,Brahimi,Male,23,Algerian,2.29,2.71,2.37,2.56,4NIDS14
Wided,Mabrouk,Female,18,Tunisian,0.95,0.72,1.65,1.84,4NIDS14
Ali,Chouchene,Male,23,Tunisian,1.89,2.67,2.95,1.09,4NIDS14
Abdelkader,Saidi,Male,19,Algerian,2.57,1.96,2.9,3.19,4NIDS14
Hedi,Maaloul,Male,21,Tunisian,4.64,1.19,4.9,3.9,4NIDS14
Sarra,Jlassi,Female,24,Tunisian,3.9,2.98,1.82,1.78,4NIDS14
Khadija,Haddad,Female,22,Tunisian,0.81,1.18,1.78,3.79,4NIDS14
Hiba,Cherif,Female,19,Tunisian,3.62,2.74,0.74,4.15,4NIDS14
Nadia,Ayari,Female,23,Tunisian,1.19,1.71,0.46,1.27,4NIDS14
Fares,Turki,Male,23,Tunisian,2.25,3.53,1.69,4.33,4NIDS14
Leila,Jaziri,Female,24,Tunisian,1.02,3.59,3.89,3.68,4NIDS14
Rym,Ayari,Female,21,Tunisian,4.55,0.57,2.8,2.81,4NIDS14
Emna,Zouari,Female,20,Tunisian,0.08,3.26,4.22,1.55,4NIDS14
Ines,Jaziri,Female,19,Tunisian,4.89,4.41,0.05,0.52,4NIDS14
Kouadio,Ouattara,Male,22,Ivorian,1.27,1.08,0.65,2.66,4NIDS14
Chokri,Ghanouchi,Male,18,Tunisian,2.53,4.68,0.62,1.4,4NIDS14
Amina,Toumi,Female,21,Tunisian,1.7,2.27,3.23,4.4,4NIDS14
Hatem,Karoui,Male,18,Tunisian,1.52,2.78,2.12,1.67,4NIDS14
Oussama,Ghanouchi,Male,21,Tunisian,2.18,1.45,1.47,3.53,4NIDS14
Farah,Nasri,Female,22,Tunisian,1.96,2.84,2.02,0.72,2A5
Wided,Fourati,Female,21,Tunisian,2.11,1.74,2.91,2.63,2A5
Khalil,Ghanouchi,Male,19,Tunisian,0.93,2.35,1.19,3.14,2A5
Lina,Driss,Female,20,Tunisian,2.68,2.19,3.78,0.45,2A5
Samira,Guettari,Female,24,Tunisian,0.83,0.49,3.0,4.62,2A5
Hichem,Zayani,Male,40,Tunisian,0.03,1.4,3.23,2.56,2A5
Mariem,Trabelsi,Female,40,Tunisian,4.84,4.39,1.75,2.35,2A5
Adama,Ouattara,Male,20,Ivorian,2.09,4.3,4.31,4.91,2A5
Fethi,Mansour,Male,18,Tunisian,4.81,3.55,0.55,3.18,2A5
Hiba,Baccouche,Female,22,Tunisian,3.91,3.47,0.88,3.58,2A5
Khalil,Makni,Male,25,Tunisian,3.47,4.68,1.13,4.92,2A5
Asma,Toumi,Female,19,Tunisian,0.32,1.72,2.17,2.36,2A5
Fares,Chouchene,Male,25,Tunisian,0.79,3.18,3.63,1.57,2A5
Amina,Ben Ali,Female,43,Tunisian,0.54,3.82,4.3,4.94,2A5
Siwar,Guettari,Female,24,Tunisian,3.24,1.31,1.01,1.91,2A5
Fode,Sylla,Male,21,Guinean,4.59,1.59,4.91,0.75,2A5
Karim,Mansour,Male,24,Tunisian,4.81,2.75,1.77,4.61,2A5
Bouchra,Saidi,Female,19,Moroccan,1.44,1.65,3.13,4.2,2A5
Modibo,Keita,Male,24,Malian,2.58,0.64,2.84,1.04,2A5
Fatma,Ammar,Female,24,Tunisian,3.58,0.37,2.01,3.89,2A5
Korotoumou,Toure,Female,25,Malian,4.86,1.33,1.12,0.65,2A5
Ali,Ammar,Male,19,Tunisian,0.2,1.11,2.15,0.92,2A5
Sofiene,Mabrouk,Male,20,Tunisian,2.16,3.96,0.96,4.8,2A5
Oumaima,Bouazizi,Female,22,Tunisian,3.0,4.92,2.45,3.02,2A5
Iman,Mohamed,Female,19,Libyan,4.97,4.98,0.9,2.3,2A5
Said,Bennani,Male,18,Moroccan,1.73,0.88,1.24,2.01,2A5
Juliette,Moussa,Female,22,Cameroonian,0.71,3.44,3.69,4.36,2A5
Nizar,Makni,Male,23,Tunisian,2.79,0.68,0.03,4.88,2A5
Chokri,Zayani,Male,24,Tunisian,3.06,2.41,0.78,3.37,2A5
Walid,Makni,Male,23,Tunisian,1.82,1.53,4.5,4.31,2A5
Rania,Khlifi,Female,35,Tunisian,2.89,0.18,3.67,3.47,2A5
Sarra,Mansour,Female,18,Tunisian,0.75,1.68,1.24,2.13,4SE25
Ousmane,Gueye,Male,23,Senegalese,0.47,2.25,2.96,1.35,4SE25
Ghassen,Maaloul,Male,22,Tunisian,3.44,3.77,2.62,1.97,4SE25
Ibrahima,Diouf,Male,23,Senegalese,1.05,4.6,3.42,4.41,4SE25
Hend,Khemiri,Female,20,Tunisian,4.09,0.47,1.65,3.7,4SE25
Zied,Belkhir,Male,22,Tunisian,0.71,4.65,4.55,3.51,4SE25
Iheb,Turki,Male,33,Tunisian,1.04,2.54,4.0,2.94,4SE25
Ghassen,Zayani,Male,18,Tunisian,2.93,2.08,3.65,1.68,4SE25
Amina,Ayari,Female,21,Tunisian,2.78,2.38,2.3,3.01,4SE25
Sabrine,Rekik,Female,18,Tunisian,0.96,4.07,3.4,3.81,4SE25
Ali,Hamdi,Male,24,Tunisian,1.22,0.52,0.67,3.93,4SE25
Nabil,Karoui,Male,19,Tunisian,3.86,3.47,4.07,2.56,4SE25
Oussama,Fourati,Male,20,Tunisian,0.93,1.15,1.95,4.6,4SE25
Hatem,Nasri,Male,25,Tunisian,2.55,0.65,1.99,4.81,4SE25
Oumaima,Sassi,Female,20,Tunisian,0.55,0.81,2.15,3.43,4SE25
Fethi,Ammar,Male,19,Tunisian,1.35,3.22,3.99,0.34,4SE25
Sofiene,Saidi,Male,23,Tunisian,4.5,3.06,1.54,1.09,4SE25
Wassim,Makni,Male,25,Tunisian,3.21,4.93,1.86,0.02,4SE25
Ndeye,Cisse,Female,21,Senegalese,1.72,3.81,0.39,4.7,4SE25
Nabil,Mejri,Male,18,Tunisian,0.56,3.32,2.44,4.06,4SE25
Rania,Belkhir,Female,24,Tunisian,4.57,4.65,4.83,1.92,4SE25
Karim,Maaloul,Male,22,Tunisian,4.64,2.75,0.66,3.17,4SE25
Fatma,Guettari,Female,19,Tunisian,2.35,1.83,0.7,0.49,4SE25
Amina,Trabelsi,Female,25,Tunisian,3.47,4.38,0.76,4.95,4SE25
Wided,Toumi,Female,18,Tunisian,2.96,0.75,1.01,3.25,4SE25
Yasmine,Baccouche,Female,22,Tunisian,0.23,3.2,3.13,3.43,4SE25
Wafa,Ayari,Female,23,Tunisian,0.36,3.17,3.62,3.61,4SE25
Dorra,Lahmar,Female,23,Tunisian,0.9,1.08,2.68,1.2,4SE25
Chaima,Lahmar,Female,19,Tunisian,3.93,4.76,1.28,1.5,4SE25
Cyrine,Bouazizi,Female,20,Tunisian,3.44,2.15,3.08,1.5,4SE25
Khalil,Driss,Male,24,Tunisian,2.56,0.9,4.23,2.46,4SE25
Bilel,Saidi,Male,20,Tunisian,4.36,0.06,1.99,1.34,4SE25
Cyrine,Zouari,Female,22,Tunisian,2.04,1.06,3.19,3.25,4SE25
Eya,Karoui,Female,19,Tunisian,1.93,4.54,0.92,4.24,4SE25
Hedi,Khemiri,Male,30,Tunisian,1.8,1.97,1.5,0.91,3A47
Fatiha,Brahimi,Female,22,Algerian,4.99,1.4,4.41,1.46,3A47
Sarra,Ghanouchi,Female,23,Tunisian,3.14,0.46,4.13,2.5,3A47
Wafa,Mejri,Female,20,Tunisian,0.45,1.92,2.2,2.92,3A47
Nizar,Trabelsi,Male,22,Tunisian,2.76,1.59,3.44,2.06,3A47
Cyrine,Mabrouk,Female,22,Tunisian,2.93,3.45,1.44,3.14,3A47
Tarek,Fourati,Male,25,Tunisian,3.3,1.79,4.16,1.2,3A47
Wassim,Sassi,Male,24,Tunisian,2.83,4.39,4.28,1.46,3A47
Mohamed,Chebbi,Male,22,Tunisian,2.2,2.96,0.44,4.07,3A47
Rami,Lahmar,Male,21,Tunisian,2.04,0.47,0.49,4.18,3A47
Samira,Chebbi,Female,25,Tunisian,2.67,3.89,0.81,1.98,3A47
Meriem,Ammar,Female,20,Tunisian,1.99,1.67,2.88,3.02,3A47
Hassan,Alaoui,Male,24,Moroccan,4.11,2.92,1.78,4.71,3A47
Nour,Abidi,Female,19,Tunisian,1.77,0.32,4.79,1.57,3A47
Lobna,Ghanouchi,Female,18,Tunisian,3.45,4.74,0.41,0.57,3A47
Sarra,Khemiri,Female,24,Tunisian,2.58,1.1,1.37,0.47,3A47
Akissi,Yao,Female,31,Ivorian,0.47,2.95,3.47,4.45,3A47
Wided,Jebali,Female,19,Tunisian,1.75,3.77,2.78,3.63,3A47
Haythem,Ben Ali,Male,22,Tunisian,4.13,4.71,0.91,3.53,3A47
Khadija,Zayani,Female,22,Tunisian,0.2,0.85,2.53,1.52,3A47
Aliou,Diallo,Male,24,Senegalese,3.06,0.11,0.99,0.91,3A47
Nadia,Bennani,Female,20,Moroccan,4.91,1.78,3.76,3.29,3A47
Said,Benjelloun,Male,25,Moroccan,3.81,1.57,2.41,2.05,3A47
Khalil,Ben Salah,Male,18,Tunisian,2.21,4.91,1.22,2.42,3A47
Farah,Trabelsi,Female,24,Tunisian,4.69,3.84,4.72,3.39,3A47
Hend,Slimani,Female,23,Tunisian,4.87,3.14,3.05,0.31,3A47
Malika,Messaoudi,Female,19,Algerian,0.29,4.87,2.28,1.01,3A47
Manel,Jlassi,Female,24,Tunisian,0.14,2.17,1.43,4.65,3A47
Ines,Ben Ali,Female,18,Tunisian,2.07,0.99,3.19,1.92,3A47
Fethi,Makni,Male,19,Tunisian,4.52,1.21,2.08,4.49,3A47
Khady,Sarr,Female,21,Senegalese,0.14,1.97,4.84,3.21,3A47
Adama,Dembele,Male,20,Malian,3.93,3.2,1.78,1.66,3A47
Cyrine,Abidi,Female,18,Tunisian,2.68,4.78,0.17,3.43,3A47
Sofiene,Nasri,Male,25,Tunisian,2.95,2.06,3.95,1.74,3A47
Ismail,Guettari,Male,18,Tunisian,3.62,3.31,2.28,2.64,5BI59
Olfa,Mansour,Female,22,Tunisian,0.11,0.18,0.87,3.05,5BI59
Sabrine,Lahmar,Female,21,Tunisian,4.84,4.74,4.25,0.09,5BI59
Ahmed,Zayani,Male,19,Tunisian,2.1,3.75,4.14,4.18,5BI59
Hela,Cherif,Female,18,Tunisian,3.66,3.47,2.61,4.54,5BI59
Yacine,Yahiaoui,Male,22,Algerian,3.85,3.39,3.97,2.14,5BI59
Foued,Belkhir,Male,22,Tunisian,2.61,4.52,3.68,4.96,5BI59
Omar,Belkhir,Male,22,Tunisian,1.81,0.09,4.51,4.07,5BI59
Wassim,Zayani,Male,25,Tunisian,3.93,2.88,4.82,4.86,5BI59
Sami,Saidi,Male,22,Tunisian,4.59,3.72,1.1,3.97,5BI59
Fares,Ben Ali,Male,20,Tunisian,2.08,2.48,0.17,1.72,5BI59
Mehdi,Gharbi,Male,25,Tunisian,0.81,1.03,2.4,2.45,5BI59
Ismail,Driss,Male,23,Tunisian,0.31,2.64,4.59,0.66,5BI59
Ismail,Nasri,Male,18,Tunisian,2.93,4.7,3.74,3.29,5BI59
Lassana,Coulibaly,Male,18,Malian,2.49,0.32,4.43,2.98,5BI59
Djenabou,Keita,Female,20,Guinean,4.35,3.5,2.69,0.88,5BI59
Nabil,Zouari,Male,23,Tunisian,4.24,1.41,3.71,4.58,5BI59
Bilel,Jebali,Male,24,Tunisian,4.11,1.9,0.12,3.3,5BI59
Marwen,Jebali,Male,23,Tunisian,1.96,2.77,3.82,2.3,5BI59
Sonia,Trabelsi,Female,20,Tunisian,3.06,2.88,4.98,2.93,5BI59
Wafa,Turki,Female,23,Tunisian,3.67,4.21,1.43,3.71,5BI59
Haythem,Ayari,Male,25,Tunisian,3.34,0.15,2.09,0.82,5BI59
Ghada,Jlassi,Female,21,Tunisian,2.18,1.46,3.4,2.98,5BI59
Ahmed,Nasri,Male,18,Tunisian,2.1,0.77,1.32,3.11,5BI59
Aicha,Hassani,Female,18,Algerian,4.26,2.16,0.83,1.85,5BI59
Aya,Kouassi,Female,24,Ivorian,0.4,1.36,2.46,1.58,5BI59
Rym,Turki,Female,23,Tunisian,2.55,4.2,1.33,2.16,5BI59
Solange,Fankam,Female,23,Cameroonian,2.32,4.33,0.37,2.59,5BI59
Bilel,Chouchene,Male,22,Tunisian,0.41,1.99,2.28,2.51,5BI59
Wided,Haddad,Female,18,Tunisian,1.15,1.25,2.0,4.77,5BI59
Yasmine,Ammar,Female,20,Tunisian,4.84,2.27,2.39,1.29,5BI59
Haythem,Mansour,Male,25,Tunisian,2.77,3.2,2.95,2.68,5BI59
Wafa,Zayani,Female,25,Tunisian,0.74,4.84,2.35,3.14,4INFINI17
Eya,Baccouche,Female,28,Tunisian,1.74,3.46,2.62,1.94,4INFINI17
Eya,Slimani,Female,23,Tunisian,3.95,3.17,0.92,0.65,4INFINI17
Bechir,Khlifi,Male,23,Tunisian,3.67,0.02,2.19,0.37,4INFINI17
Mehdi,Baccouche,Male,22,Tunisian,0.83,2.1,2.25,1.9,4INFINI17
Hela,Mansour,Female,28,Tunisian,0.83,3.21,2.49,1.09,4INFINI17
Oumaima,Belkhir,Female,21,Tunisian,1.69,2.21,4.22,0.61,4INFINI17
Fares,Cherif,Male,19,Tunisian,2.4,2.51,1.52,1.81,4INFINI17
Oumaima,Driss,Female,25,Tunisian,0.81,1.14,1.87,2.79,4INFINI17
Bilel,Haddad,Male,20,Tunisian,2.65,3.34,4.45,3.75,4INFINI17
Nabil,Khemiri,Male,22,Tunisian,4.47,2.19,2.2,4.03,4INFINI17
Aymen,Toumi,Male,25,Tunisian,1.69,3.46,1.34,1.91,4INFINI17
Nizar,Mabrouk,Male,19,Tunisian,0.67,0.72,1.66,2.78,4INFINI17
Madeleine,Fankam,Female,25,Cameroonian,1.34,1.73,2.06,4.02,4INFINI17
Khalil,Toumi,Male,23,Tunisian,0.69,3.56,4.99,0.95,4INFINI17
Cyrine,Karoui,Female,21,Tunisian,1.97,3.23,4.48,2.49,4INFINI17
Zaineb,Mansour,Female,24,Tunisian,0.05,1.21,4.79,1.97,4INFINI17
Leila,Fourati,Female,21,Tunisian,0.7,4.66,2.67,3.34,4INFINI17
Lina,Zayani,Female,18,Tunisian,4.45,1.0,2.13,2.44,4INFINI17
Aya,Konan,Female,24,Ivorian,3.68,0.27,3.19,2.6,4INFINI17
Sami,Khemiri,Male,24,Tunisian,1.1,0.7,2.94,4.28,4INFINI17
Ibrahim,Kone,Male,24,Ivorian,1.76,3.91,2.11,1.74,4INFINI17
Fethi,Mejri,Male,28,Tunisian,0.1,3.1,2.09,0.72,4INFINI17
Zaineb,Mabrouk,Female,22,Tunisian,4.76,3.11,1.03,3.01,4INFINI17
Rym,Toumi,Female,22,Tunisian,1.86,0.84,1.44,3.34,4INFINI17
Aminata,Sow,Female,25,Guinean,1.58,2.2,2.02,2.76,4INFINI17
Mamadou,Faye,Male,19,Senegalese,1.01,1.41,3.04,3.01,4INFINI17
Aymen,Jebali,Male,18,Tunisian,0.51,3.62,2.36,3.95,4INFINI17
Lobna,Khemiri,Female,19,Tunisian,0.94,4.28,3.09,0.78,4INFINI17
Wafa,Chouchene,Female,21,Tunisian,0.62,1.89,2.65,4.56,4INFINI17
Salma,Lahmar,Female,22,Tunisian,1.12,1.63,0.02,0.25,4INFINI17
Oussama,Nasri,Male,18,Tunisian,4.47,3.68,3.23,0.77,4INFINI17
Hamza,Maaloul,Male,25,Tunisian,0.22,4.51,4.54,3.26,4INFINI17
Amina,Karoui,Female,19,Tunisian,3.88,0.81,2.12,4.16,5GAMIX90
Chaima,Belkhir,Female,21,Tunisian,0.9,0.36,3.17,2.32,5GAMIX90
Hamza,Zayani,Male,25,Tunisian,3.46,3.07,3.83,4.06,5GAMIX90
Lina,Maaloul,Female,24,Tunisian,3.37,3.38,3.56,1.46,5GAMIX90
Mariem,Zayani,Female,18,Tunisian,4.18,4.75,3.69,2.07,5GAMIX90
Hichem,Nasri,Male,18,Tunisian,2.23,2.06,3.29,1.95,5GAMIX90
Walid,Jebali,Male,32,Tunisian,0.19,3.49,1.53,0.87,5GAMIX90
Zainab,Hassan,Female,19,Libyan,4.4,1.74,3.33,1.22,5GAMIX90
Yacine,Haddad,Male,22,Algerian,4.99,3.59,2.28,0.25,5GAMIX90
Manel,Baccouche,Female,19,Tunisian,1.96,3.3,0.48,3.11,5GAMIX90
Siwar,Zayani,Female,19,Tunisian,2.23,0.2,2.03,2.36,5GAMIX90
Nadia,Driss,Female,22,Tunisian,2.28,2.97,3.12,0.4,5GAMIX90
Eya,Haddad,Female,18,Tunisian,3.91,1.33,4.32,3.25,5GAMIX90
Nour,Mabrouk,Female,24,Tunisian,0.16,4.27,3.28,0.79,5GAMIX90
Naima,Rahmani,Female,23,Algerian,1.69,2.27,0.24,4.58,5GAMIX90
Nadia,Ammar,Female,23,Tunisian,3.49,2.63,1.22,0.55,5GAMIX90
Emmanuel,Abanda,Male,24,Cameroonian,1.12,3.44,4.15,4.34,5GAMIX90
Mamadou,Toure,Male,19,Guinean,2.16,0.64,0.38,3.37,5GAMIX90
Mariama,Faye,Female,22,Senegalese,0.01,3.75,3.49,0.14,5GAMIX90
Foued,Jebali,Male,23,Tunisian,0.14,4.71,4.3,0.97,5GAMIX90
Amina,Ghanouchi,Female,24,Tunisian,4.32,1.96,1.3,0.46,5GAMIX90
Eya,Chouchene,Female,21,Tunisian,3.56,3.26,1.85,0.49,5GAMIX90
Sofiene,Driss,Male,22,Tunisian,3.77,4.3,0.06,2.69,5GAMIX90
Omar,Cherif,Male,20,Tunisian,0.65,1.51,1.79,4.62,5GAMIX90
Tarek,Slimani,Male,19,Tunisian,2.51,2.63,3.3,4.94,5GAMIX90
Aboubacar,Sylla,Male,20,Guinean,3.36,0.81,0.93,0.73,5GAMIX90
Hedi,Karoui,Male,22,Tunisian,3.93,1.76,1.4,3.79,5GAMIX90
Amel,Driss,Female,22,Tunisian,3.47,1.2,3.64,1.52,5GAMIX90
Mariem,Maaloul,Female,21,Tunisian,2.47,4.74,0.13,0.43,5GAMIX90
Oussama,Guettari,Male,19,Tunisian,1.69,1.28,4.58,3.29,5GAMIX90
Mamadou,Diop,Male,37,Senegalese,4.78,3.2,1.04,0.25,5GAMIX90
Ghassen,Ayari,Male,21,Tunisian,4.69,1.5,2.46,2.91,5GAMIX90
Sabrine,Driss,Female,21,Tunisian,4.19,1.32,3.49,4.56,5GAMIX90
Walid,Fourati,Male,20,Tunisian,2.85,0.98,3.0,1.01,5GAMIX90
Hiba,Ghanouchi,Female,21,Tunisian,1.53,2.71,0.88,2.87,2P32
Ghassen,Gharbi,Male,23,Tunisian,4.18,3.75,1.86,4.3,2P32
Haythem,Guettari,Male,22,Tunisian,1.06,1.42,4.18,4.74,2P32
Rym,Gharbi,Female,19,Tunisian,0.73,3.11,2.04,0.69,2P32
Asma,Saidi,Female,21,Tunisian,2.17,1.67,1.15,4.38,2P32
Lina,Gharbi,Female,22,Tunisian,0.03,0.05,0.7,0.02,2P32
Sabrine,Zouari,Female,21,Tunisian,2.08,3.64,4.48,2.18,2P32
Aymen,Slimani,Male,22,Tunisian,1.79,2.66,3.42,0.26,2P32
Ousmane,Ouattara,Male,24,Ivorian,3.97,1.67,3.26,3.5,2P32
Meriem,Chebbi,Female,39,Tunisian,2.37,0.66,0.52,0.25,2P32
Khadija,Khlifi,Female,20,Tunisian,2.85,2.88,4.76,1.77,2P32
Amina,Zayani,Female,25,Tunisian,2.32,0.39,0.18,1.5,2P32
Amel,Nasri,Female,23,Tunisian,3.44,4.82,2.87,3.81,2P32
Lamine,Fall,Male,24,Senegalese,2.89,1.17,1.07,0.32,2P32
Rim,Chebbi,Female,25,Tunisian,0.3,4.15,2.79,2.12,2P32
Hamza,Ayari,Male,25,Tunisian,0.25,4.22,2.6,2.51,2P32
Iheb,Ghanouchi,Male,19,Tunisian,4.87,4.02,4.89,0.03,2P32
Wafa,Ghanouchi,Female,18,Tunisian,4.67,2.94,0.11,3.71,2P32
Fethi,Belkhir,Male,32,Tunisian,0.05,3.9,0.54,2.16,2P32
Lina,Guettari,Female,19,Tunisian,2.3,1.66,1.95,0.29,2P32
Aymen,Jlassi,Male,20,Tunisian,0.32,3.61,0.59,1.82,2P32
Madeleine,Tchinda,Female,20,Cameroonian,4.54,2.96,2.38,0.47,2P32
Zied,Maaloul,Male,20,Tunisian,0.6,3.49,4.91,2.87,2P32
Amel,Chouchene,Female,22,Tunisian,0.61,2.76,1.23,4.83,2P32
Ali,Fourati,Male,20,Tunisian,4.15,4.37,4.32,2.62,2P32
Leila,Guettari,Female,23,Tunisian,4.98,4.76,0.11,3.73,2P32
Pape,Thiam,Male,21,Senegalese,2.57,1.85,1.86,2.85,2P32
Jamal,Benjelloun,Male,24,Moroccan,0.5,4.72,2.34,0.46,2P32
Hedi,Abidi,Male,21,Tunisian,0.43,3.7,3.37,3.17,2P32
Adel,Jaziri,Male,22,Tunisian,4.45,2.7,0.1,3.57,2P34
Chaima,Hamdi,Female,25,Tunisian,1.57,1.73,4.22,1.13,2P34
Salma,Mabrouk,Female,20,Tunisian,4.59,1.5,4.68,4.67,2P34
Cyrine,Chebbi,Female,21,Tunisian,3.8,1.7,1.63,1.61,2P34
Omar,Gharbi,Male,41,Tunisian,4.72,4.47,1.93,1.69,2P34
Eya,Cherif,Female,25,Tunisian,0.44,4.36,2.94,0.93,2P34
Ahmed,Jaziri,Male,25,Tunisian,2.91,4.84,0.19,2.99,2P34
Fethi,Abidi,Male,20,Tunisian,2.83,2.09,3.3,3.64,2P34
Amina,Fassi,Female,23,Moroccan,0.76,3.06,0.31,3.05,2P34
Rym,Chouchene,Female,24,Tunisian,3.46,0.64,2.26,0.94,2P34
Rami,Zayani,Male,19,Tunisian,1.2,4.5,2.08,4.08,2P34
Siwar,Ammar,Female,22,Tunisian,3.74,4.43,4.94,2.45,2P34
Cyrine,Sassi,Female,19,Tunisian,3.86,1.08,2.3,0.66,2P34
Wassim,Fourati,Male,19,Tunisian,1.12,4.93,1.51,4.4,2P34
Mohamed,Khlifi,Male,23,Tunisian,2.03,3.33,4.24,2.04,2P34
Siwar,Sassi,Female,20,Tunisian,3.27,2.54,2.61,3.36,2P34
Hamza,Lahmar,Male,21,Tunisian,0.96,2.48,4.12,3.64,2P34
Tarek,Chouchene,Male,22,Tunisian,1.37,3.38,2.18,3.76,2P34
Hichem,Ayari,Male,22,Tunisian,0.81,1.6,1.29,1.56,2P34
Amine,Rekik,Male,23,Tunisian,3.19,3.18,4.02,1.63,2P34
Adama,Diouf,Female,42,Senegalese,4.75,4.22,0.59,0.5,2P34
Walid,Ayari,Male,18,Tunisian,1.17,4.88,3.0,3.63,2P34
Manel,Zayani,Female,21,Tunisian,0.57,0.07,3.37,2.09,2P34
Mariem,Saidi,Female,20,Tunisian,4.75,2.76,2.28,3.36,2P34
Eya,Sassi,Female,18,Tunisian,2.73,1.41,1.48,0.68,2P34
Oumaima,Karoui,Female,18,Tunisian,0.82,4.27,2.88,0.42,2P34
Iheb,Ben Ali,Male,24,Tunisian,3.58,3.63,1.13,1.32,2P34
Ahmed,Trabelsi,Male,20,Tunisian,1.29,4.2,2.85,3.7,2P34
Khadija,Osman,Female,19,Libyan,2.0,1.29,3.44,1.24,2P34
Sarra,Belkhir,Female,23,Tunisian,1.94,1.67,4.2,4.71,2P34
Oussama,Zouari,Male,19,Tunisian,3.25,0.7,3.84,4.19,2P34
Ghassen,Chebbi,Male,31,Tunisian,1.98,1.63,0.44,3.52,2P34
Oumaima,Cherif,Female,20,Tunisian,2.59,4.14,2.94,2.32,2P34
Sekou,Diarra,Male,24,Malian,0.25,4.79,0.61,3.62,2P34
Ismail,Jaziri,Male,23,Tunisian,2.09,1.01,4.44,0.14,1A8
Khadija,El Idrissi,Female,22,Moroccan,3.67,1.05,4.79,4.37,1A8
Olfa,Khlifi,Female,20,Tunisian,2.7,2.71,3.16,0.25,1A8
Amel,Ammar,Female,18,Tunisian,0.9,1.62,1.83,1.63,1A8
Wassim,Chouchene,Male,22,Tunisian,1.58,1.82,4.69,0.88,1A8
Asma,Baccouche,Female,18,Tunisian,3.8,1.07,2.56,0.73,1A8
Rania,Ben Salah,Female,24,Tunisian,2.4,2.39,3.04,2.2,1A8
Hatem,Mejri,Male,23,Tunisian,3.15,4.48,2.03,2.1,1A8
Ahmed,Fourati,Male,24,Tunisian,1.39,4.1,4.82,0.71,1A8
Marwen,Khemiri,Male,19,Tunisian,4.55,0.3,2.36,1.06,1A8
Leila,Toumi,Female,20,Tunisian,4.65,3.5,1.55,4.75,1A8
Iheb,Ayari,Male,25,Tunisian,0.73,1.6,0.19,0.65,1A8
Khalil,Haddad,Male,20,Tunisian,2.79,2.22,3.36,4.05,1A8
Ghassen,Slimani,Male,21,Tunisian,0.98,3.88,1.11,4.3,1A8
Khadija,Bennani,Female,23,Moroccan,1.77,4.68,3.51,2.46,1A8
Adel,Fathi,Male,19,Libyan,3.18,3.47,2.2,3.12,1A8
Ahmed,Hamdi,Male,25,Tunisian,0.08,4.93,1.01,3.1,1A8
Sonia,Driss,Female,24,Tunisian,2.54,0.26,1.3,3.3,1A8
Ines,Cherif,Female,19,Tunisian,4.91,1.3,4.04,3.67,1A8
Sami,Rekik,Male,18,Tunisian,4.38,3.72,3.33,2.16,1A8
Nadia,Baccouche,Female,20,Tunisian,4.6,1.45,3.83,4.48,1A8
Oussama,Lahmar,Male,35,Tunisian,0.51,1.39,3.84,1.59,1A8
Bilel,Ben Ali,Male,22,Tunisian,1.57,0.32,1.49,3.73,1A8
Haythem,Abidi,Male,24,Tunisian,1.7,4.14,2.15,3.41,1A8
Salma,Zayani,Female,18,Tunisian,0.82,4.82,0.14,4.5,1A8
Fethi,Mabrouk,Male,20,Tunisian,0.69,4.47,1.94,3.33,1A8
Sabrine,Abidi,Female,20,Tunisian,2.84,4.4,0.32,0.22,1A8
Wafa,Mansour,Female,25,Tunisian,4.2,2.41,4.01,2.83,1A8
Hatem,Baccouche,Male,25,Tunisian,4.2,1.92,4.84,4.57,1A8
Farida,Omar,Female,21,Libyan,3.67,2.22,2.42,1.57,1A8
Fanta,Traore,Female,22,Ivorian,0.94,0.72,4.03,1.2,3B11
Nizar,Driss,Male,19,Tunisian,2.57,0.06,0.07,1.79,3B11
Walid,Mabrouk,Male,24,Tunisian,2.08,2.73,1.74,2.18,3B11
Mehdi,Khemiri,Male,22,Tunisian,2.25,4.24,1.97,3.04,3B11
Mahamadou,Keita,Male,23,Malian,4.52,3.0,2.5,2.22,3B11
Meriem,Khlifi,Female,24,Tunisian,0.74,0.9,0.35,1.7,3B11
Hiba,Turki,Female,24,Tunisian,3.6,1.69,0.31,2.86,3B11
Nizar,Maaloul,Male,18,Tunisian,4.38,1.66,3.5,0.44,3B11
Haythem,Turki,Male,19,Tunisian,3.94,0.77,3.63,3.08,3B11
Sonia,Jlassi,Female,21,Tunisian,3.52,0.83,1.42,1.8,3B11
Mourad,Makni,Male,23,Tunisian,4.31,4.68,1.83,2.65,3B11
Rim,Hamdi,Female,36,Tunisian,2.7,0.15,4.56,0.36,3B11
Asma,Mabrouk,Female,20,Tunisian,3.62,4.9,4.93,4.77,3B11
Farah,Abidi,Female,22,Tunisian,4.47,3.66,0.0,0.71,3B11
Ahmed,Sassi,Male,22,Tunisian,2.23,3.3,2.43,4.86,3B11
Manel,Ayari,Female,23,Tunisian,0.27,4.68,3.39,3.41,3B11
Youssef,Jaziri,Male,21,Tunisian,2.03,0.14,3.3,3.75,3B11
Rym,Guettari,Female,24,Tunisian,1.43,2.71,4.27,4.84,3B11
Mariem,Gharbi,Female,20,Tunisian,4.27,2.52,1.34,2.46,3B11
Rami,Toumi,Male,23,Tunisian,0.95,2.74,2.63,3.13,3B11
Nabil,Turki,Male,20,Tunisian,1.98,3.51,0.93,2.75,3B11
Ines,Guettari,Female,19,Tunisian,3.64,1.14,1.85,2.01,3B11
Ali,Karoui,Male,23,Tunisian,0.37,0.61,4.27,2.81,3B11
Fathi,Hassan,Male,23,Libyan,1.92,0.13,2.86,3.1,3B11
Bechir,Baccouche,Male,19,Tunisian,2.48,3.13,2.27,0.43,3B11
Lina,Nasri,Female,24,Tunisian,0.62,2.46,1.87,3.75,3B11
Khadija,Guettari,Female,21,Tunisian,4.39,4.26,0.26,4.06,3B11
Hatem,Ben Ali,Male,21,Tunisian,3.44,1.61,2.39,1.4,5INFINI88
Iheb,Chouchene,Male,22,Tunisian,0.76,1.15,2.83,0.32,5INFINI88
Lotfi,Makni,Male,23,Tunisian,0.16,3.62,0.14,0.36,5INFINI88
Asma,Ghanouchi,Female,24,Tunisian,0.15,3.08,0.61,2.33,5INFINI88
Nizar,Fourati,Male,19,Tunisian,1.56,2.27,4.48,4.26,5INFINI88
Marwen,Abidi,Male,20,Tunisian,0.27,2.91,2.77,1.1,5INFINI88
Fatiha,Slimani,Female,25,Algerian,2.19,4.29,1.54,0.08,5INFINI88
Hatem,Driss,Male,23,Tunisian,0.15,1.63,1.13,4.34,5INFINI88
Wided,Driss,Female,20,Tunisian,3.81,3.75,1.95,0.76,5INFINI88
Olfa,Zayani,Female,23,Tunisian,4.36,3.89,0.09,4.75,5INFINI88
Latifa,Tazi,Female,24,Moroccan,0.05,3.63,4.22,2.88,5INFINI88
Nadia,Mansour,Female,20,Tunisian,1.0,4.16,4.21,0.18,5INFINI88
Hend,Saidi,Female,24,Tunisian,2.23,0.43,0.66,3.41,5INFINI88
Sofiene,Guettari,Male,19,Tunisian,2.12,0.08,0.65,4.04,5INFINI88
Mouna,Fourati,Female,25,Tunisian,4.9,4.13,0.46,0.36,5INFINI88
Dorra,Ammar,Female,25,Tunisian,1.96,1.0,2.8,3.67,5INFINI88
Hedi,Jaziri,Male,22,Tunisian,2.73,4.35,3.29,4.68,5INFINI88
Nabil,Mansour,Male,33,Tunisian,3.58,2.73,1.58,2.43,5INFINI88
Mariem,Mejri,Female,21,Tunisian,0.29,3.03,1.3,0.2,5INFINI88
Siwar,Mansour,Female,23,Tunisian,1.83,2.34,2.5,3.52,5INFINI88
Nadia,Abidi,Female,24,Tunisian,1.57,4.11,1.85,0.85,5INFINI88
Cyrine,Baccouche,Female,22,Tunisian,4.0,3.6,0.1,3.28,5INFINI88
Leila,Ben Ali,Female,22,Tunisian,2.09,4.52,3.7,1.6,5INFINI88
Sarra,Trabelsi,Female,24,Tunisian,1.2,0.32,3.24,1.17,5INFINI88
Lobna,Turki,Female,19,Tunisian,1.34,1.94,2.02,1.18,5INFINI88
Diarra,Sidibe,Female,24,Malian,3.9,3.42,2.4,1.75,5INFINI88
Mohamed,Ben Ali,Male,18,Tunisian,1.55,2.02,1.2,4.55,5INFINI88
Amina,Baccouche,Female,24,Tunisian,0.88,0.04,4.24,0.4,5INFINI88
Lotfi,Chouchene,Male,18,Tunisian,4.28,3.78,4.32,0.27,5INFINI88
Yao,Coulibaly,Male,25,Ivorian,1.56,2.03,0.37,1.98,2P85
Nabil,Jlassi,Male,21,Tunisian,2.03,3.34,3.48,1.12,2P85
Aymen,Khemiri,Male,25,Tunisian,2.01,1.0,3.81,3.45,2P85
Marwen,Gharbi,Male,21,Tunisian,1.56,4.88,4.83,3.92,2P85
Aymen,Khlifi,Male,19,Tunisian,0.79,2.5,4.77,2.7,2P85
Nabil,Belkhir,Male,20,Tunisian,2.68,0.7,4.99,1.79,2P85
Rym,Cherif,Female,20,Tunisian,0.59,1.32,0.38,3.08,2P85
Hiba,Belkhir,Female,36,Tunisian,1.92,1.78,1.34,4.49,2P85
Hichem,Turki,Male,21,Tunisian,1.9,3.1,1.4,0.89,2P85
Hedi,Jlassi,Male,19,Tunisian,3.09,0.45,2.71,0.39,2P85
Meriem,Jebali,Female,22,Tunisian,4.74,0.9,3.37,2.5,2P85
Zaineb,Khemiri,Female,25,Tunisian,1.82,4.63,1.03,1.49,2P85
Sofiene,Turki,Male,21,Tunisian,3.22,1.65,2.9,0.23,2P85
Adel,Sassi,Male,21,Tunisian,2.18,3.26,3.15,2.97,2P85
Siwar,Trabelsi,Female,19,Tunisian,2.12,0.4,2.56,2.78,2P85
Sabrine,Baccouche,Female,25,Tunisian,4.49,1.33,2.75,1.34,2P85
Yasmine,Ghanouchi,Female,25,Tunisian,2.51,0.7,3.02,4.76,2P85
Foued,Trabelsi,Male,18,Tunisian,3.03,0.1,3.93,1.86,2P85
Iheb,Jebali,Male,20,Tunisian,2.18,4.14,2.65,2.27,2P85
Ibrahima,Gueye,Male,22,Senegalese,0.69,2.87,2.13,3.94,2P85
Amel,Khlifi,Female,18,Tunisian,2.4,1.97,4.88,0.61,2P85
Oumaima,Hamdi,Female,23,Tunisian,0.19,2.83,3.95,1.95,2P85
Ghassen,Jebali,Male,20,Tunisian,0.94,1.54,1.53,3.75,2P85
Hela,Karoui,Female,21,Tunisian,2.29,0.38,4.55,4.68,2P85
Sonia,Lahmar,Female,20,Tunisian,4.21,3.35,3.21,1.47,2P85
Nour,Haddad,Female,25,Tunisian,1.98,1.18,2.79,4.39,2P85
Fares,Abidi,Male,24,Tunisian,1.57,4.08,3.61,4.53,2P85
Hichem,Belkhir,Male,24,Tunisian,0.85,0.5,2.91,3.68,2P85
Lotfi,Karoui,Male,20,Tunisian,3.64,3.53,2.22,2.66,2P85
Dorra,Jaziri,Female,19,Tunisian,0.28,1.59,4.13,4.52,2P85
Lina,Haddad,Female,18,Tunisian,3.85,0.99,1.06,3.23,2P85
Fatma,Jaziri,Female,22,Tunisian,1.68,3.12,1.18,0.31,2P85
Mouna,Saidi,Female,20,Tunisian,4.6,3.04,0.26,3.02,2P85
Marwen,Ghanouchi,Male,18,Tunisian,2.05,1.7,4.21,4.97,3A25
Aymen,Zayani,Male,25,Tunisian,2.09,4.97,3.23,4.31,3A25
Ghada,Rekik,Female,24,Tunisian,0.85,0.99,4.18,1.7,3A25
Zaineb,Bouazizi,Female,20,Tunisian,0.12,0.44,3.26,0.65,3A25
Abdoulaye,Traore,Male,24,Ivorian,2.52,0.98,3.71,3.14,3A25
Samuel,Bouba,Male,23,Cameroonian,3.76,1.48,0.33,1.69,3A25
Wassim,Ghanouchi,Male,18,Tunisian,0.51,3.75,1.77,3.12,3A25
Hiba,Jlassi,Female,21,Tunisian,4.44,1.93,1.44,2.72,3A25
Amina,Chouchene,Female,21,Tunisian,0.84,0.63,1.89,1.43,3A25
Amine,Mansour,Male,23,Tunisian,2.83,4.37,4.41,1.14,3A25
Omar,Khemiri,Male,18,Tunisian,1.37,4.86,1.24,4.59,3A25
Khalil,Chouchene,Male,21,Tunisian,0.47,2.4,4.38,2.28,3A25
Youssef,El Idrissi,Male,21,Moroccan,4.61,2.86,1.82,1.21,3A25
Anis,Jlassi,Male,18,Tunisian,1.45,0.88,3.31,1.26,3A25
Oussama,Makni,Male,18,Tunisian,2.59,2.41,2.64,1.34,3A25
Fanta,Kone,Female,19,Ivorian,4.15,2.96,4.44,0.59,3A25
Adel,Lahmar,Male,21,Tunisian,0.69,2.4,4.15,2.72,3A25
Eya,Chebbi,Female,22,Tunisian,3.76,2.98,0.72,4.8,3A25
Samira,Khemiri,Female,37,Tunisian,1.62,3.88,2.92,0.38,3A25
Khadija,Ghanouchi,Female,18,Tunisian,0.38,0.01,2.75,1.41,3A25
Konan,Coulibaly,Male,19,Ivorian,1.75,1.35,4.22,3.2,3A25
Sarra,Guettari,Female,25,Tunisian,1.14,1.9,3.58,4.05,3A25
Olfa,Ben Salah,Female,19,Tunisian,4.45,0.35,1.81,2.64,3A25
Emna,Trabelsi,Female,24,Tunisian,0.7,2.26,1.87,3.87,3A25
Manel,Turki,Female,19,Tunisian,4.17,3.52,3.32,0.53,3A25
Sonia,Abidi,Female,22,Tunisian,4.94,0.89,0.46,2.24,3A25
Ghassen,Trabelsi,Male,19,Tunisian,0.48,4.24,1.7,3.02,3A25
Rim,Mansour,Female,20,Tunisian,1.75,3.35,0.45,0.12,3A25
Amine,Trabelsi,Male,25,Tunisian,3.48,3.17,3.65,1.83,3A25
Hela,Rekik,Female,24,Tunisian,1.55,0.95,4.21,4.07,2P73
Rim,Mejri,Female,19,Tunisian,1.23,0.49,0.49,0.02,2P73
Chaima,Turki,Female,24,Tunisian,0.64,4.58,3.01,4.31,2P73
Farah,Mansour,Female,22,Tunisian,4.36,0.57,4.51,1.43,2P73
Iheb,Lahmar,Male,21,Tunisian,4.6,2.72,1.12,1.83,2P73
Chaima,Jaziri,Female,24,Tunisian,2.3,2.83,4.08,0.32,2P73
Sofiene,Zayani,Male,19,Tunisian,0.38,1.22,3.12,0.78,2P73
Fethi,Fourati,Male,18,Tunisian,1.56,1.91,1.55,0.74,2P73
Salma,Haddad,Female,21,Tunisian,1.4,1.32,1.04,1.12,2P73
Sabrine,Fourati,Female,25,Tunisian,1.26,2.62,2.11,3.48,2P73
Zied,Gharbi,Male,19,Tunisian,3.5,1.03,2.15,4.82,2P73
Tarek,Toumi,Male,21,Tunisian,3.64,0.77,4.58,0.93,2P73
Aymen,Mabrouk,Male,22,Tunisian,1.16,3.64,3.44,0.18,2P73
Fares,Chebbi,Male,21,Tunisian,3.41,0.42,2.61,4.4,2P73
Rim,Fourati,Female,21,Tunisian,4.8,3.48,4.36,1.11,2P73
Hiba,Gharbi,Female,20,Tunisian,3.19,3.61,2.86,3.47,2P73
Nadia,Makni,Female,23,Tunisian,2.24,2.02,1.82,2.13,2P73
Amine,Ammar,Male,25,Tunisian,1.81,1.6,4.49,3.97,2P73
Wassim,Baccouche,Male,19,Tunisian,0.03,1.97,1.35,0.78,2P73
Mohamed,Zouari,Male,19,Tunisian,0.82,4.89,0.75,3.22,2P73
Mariem,Khlifi,Female,18,Tunisian,2.8,1.97,2.9,3.75,2P73
Amel,Khemiri,Female,19,Tunisian,0.01,0.36,1.23,4.22,2P73
Hichem,Rekik,Male,24,Tunisian,1.79,1.75,4.42,2.59,2P73
Mourad,Karoui,Male,20,Tunisian,3.92,2.85,3.48,3.53,2P73
Souleymane,Dembele,Male,20,Malian,0.75,0.09,2.5,0.64,2P73
Hichem,Ammar,Male,22,Tunisian,1.82,0.92,2.81,1.52,2P73
Naima,Alaoui,Female,22,Moroccan,1.57,2.81,0.09,1.67,2P73
Hiba,Zouari,Female,24,Tunisian,4.24,1.83,3.25,4.33,2P73
Ahmed,Ben Salah,Male,25,Tunisian,1.99,0.95,3.2,0.58,2P73
Ines,Turki,Female,24,Tunisian,0.38,4.98,0.97,0.18,2P73
Hichem,Gharbi,Male,20,Tunisian,4.72,0.8,0.07,4.71,2P73
Amine,Karoui,Male,19,Tunisian,1.52,3.4,2.44,3.65,3A9
Emna,Fourati,Female,21,Tunisian,1.62,1.36,2.96,4.64,3A9
Walid,Jaziri,Male,25,Tunisian,4.92,3.42,0.13,0.17,3A9
Meriem,Jlassi,Female,22,Tunisian,3.92,0.69,1.31,0.97,3A9
Sami,Lahmar,Male,21,Tunisian,2.32,0.7,3.48,4.26,3A9
Jeanne,Fankam,Female,22,Cameroonian,1.35,0.11,2.42,3.14,3A9
Skander,Nasri,Male,24,Tunisian,1.82,4.42,4.26,4.33,3A9
Lina,Turki,Female,23,Tunisian,3.84,1.83,0.19,4.56,3A9
Adel,Yahiaoui,Male,25,Algerian,1.83,2.42,2.5,4.58,3A9
Mohamed,Jlassi,Male,18,Tunisian,1.89,3.65,1.52,3.32,3A9
Rania,Makni,Female,18,Tunisian,0.27,0.03,2.93,2.99,3A9
Fanta,Kouassi,Female,22,Ivorian,3.06,3.91,2.39,0.68,3A9
Olfa,Ghanouchi,Female,18,Tunisian,1.7,2.68,4.81,1.99,3A9
Skander,Guettari,Male,21,Tunisian,4.05,4.75,4.29,2.37,3A9
Wided,Ghanouchi,Female,21,Tunisian,0.16,4.97,1.34,2.0,3A9
Meriem,Gharbi,Female,21,Tunisian,3.32,0.91,1.62,4.87,3A9
Khalil,Mejri,Male,25,Tunisian,2.42,0.9,1.6,0.26,3A9
Lobna,Gharbi,Female,23,Tunisian,0.99,2.96,1.3,0.82,3A9
Jeanne,Njoya,Female,25,Cameroonian,4.85,1.87,0.96,3.49,3A9
Hiba,Chouchene,Female,22,Tunisian,0.85,1.53,0.73,4.79,3A9
Anis,Ben Salah,Male,23,Tunisian,1.61,3.46,1.95,4.86,3A9
Yasmine,Chouchene,Female,25,Tunisian,3.36,3.73,4.98,0.74,3A9
Hela,Fourati,Female,20,Tunisian,3.34,4.14,4.52,0.18,3A9
Emna,Jlassi,Female,20,Tunisian,4.61,0.22,4.1,1.48,3A9
Rim,Guettari,Female,21,Tunisian,3.32,3.36,4.83,1.77,3A9
Ali,Ben Salah,Male,25,Tunisian,4.43,2.54,0.06,2.23,3A9
Rania,Baccouche,Female,22,Tunisian,4.14,4.06,3.49,3.47,3A9
Ismail,Mabrouk,Male,25,Tunisian,2.13,2.74,0.9,2.27,3A9
Leila,Belkhir,Female,19,Tunisian,5.0,4.98,4.28,0.11,3A9
Sabrine,Ayari,Female,19,Tunisian,4.23,3.74,4.25,3.65,3A9
Ghada,Nasri,Female,21,Tunisian,1.42,3.98,3.08,3.12,3A9
Haythem,Maaloul,Male,37,Tunisian,0.11,0.83,3.61,4.78,3A9
Wassim,Khlifi,Male,20,Tunisian,3.44,4.37,0.24,4.17,3A9
Nour,Sassi,Female,18,Tunisian,4.29,0.16,1.51,0.82,2A2
Fethi,Cherif,Male,22,Tunisian,3.71,1.67,3.43,4.45,2A2
Adel,Driss,Male,43,Tunisian,2.86,4.57,1.31,2.84,2A2
Ines,Ammar,Female,23,Tunisian,4.22,2.78,2.76,0.68,2A2
Rachid,Fassi,Male,25,Moroccan,3.13,2.85,0.18,0.14,2A2
Lotfi,Khemiri,Male,21,Tunisian,2.79,4.02,2.08,3.65,2A2
Zaineb,Gharbi,Female,24,Tunisian,0.9,0.2,1.62,4.5,2A2
Anis,Ayari,Male,22,Tunisian,3.91,4.39,2.92,1.02,2A2
Chaima,Saidi,Female,23,Tunisian,0.64,1.76,2.14,1.79,2A2
Bechir,Mabrouk,Male,20,Tunisian,2.63,4.38,1.1,4.88,2A2
Wafa,Abidi,Female,25,Tunisian,4.38,2.89,1.13,4.6,2A2
Hend,Jlassi,Female,22,Tunisian,0.33,0.19,3.82,4.75,2A2
Ahmed,Khemiri,Male,18,Tunisian,2.99,2.25,4.51,4.84,2A2
Asma,Ayari,Female,20,Tunisian,4.79,0.34,1.72,2.9,2A2
Ines,Gharbi,Female,19,Tunisian,3.87,2.38,4.39,4.03,2A2
Wassim,Toumi,Male,44,Tunisian,1.95,0.51,0.99,2.68,2A2
Nadia,Lahmar,Female,19,Tunisian,0.42,1.37,1.84,3.39,2A2
Iheb,Gharbi,Male,22,Tunisian,0.74,1.33,3.88,1.68,2A2
Ahmed,Driss,Male,22,Tunisian,1.38,0.92,2.45,2.53,2A2
Rania,Toumi,Female,24,Tunisian,1.89,2.82,2.55,2.82,2A2
Amine,Mabrouk,Male,19,Tunisian,2.7,1.89,0.04,3.17,2A2
Mariem,Driss,Female,24,Tunisian,4.17,3.63,0.59,0.8,2A2
Eya,Makni,Female,19,Tunisian,0.19,4.38,4.85,3.52,2A2
Leila,Mejri,Female,19,Tunisian,4.69,2.99,4.43,2.85,2A2
Zaineb,Sassi,Female,20,Tunisian,3.3,1.85,4.77,4.44,2A2
Zaineb,Ben Salah,Female,23,Tunisian,2.24,1.2,3.94,4.82,2A2
Khalil,Fourati,Male,18,Tunisian,3.65,3.43,2.5,2.56,2A2
Lotfi,Ben Ali,Male,23,Tunisian,0.32,3.15,4.69,0.02,1A100
Emna,Karoui,Female,23,Tunisian,0.27,4.23,0.83,4.71,1A100
Leila,Abidi,Female,25,Tunisian,4.65,4.39,3.51,2.61,1A100
Rym,Zouari,Female,20,Tunisian,1.54,1.73,2.7,3.49,1A100
Nathalie,Hamadou,Female,23,Cameroonian,0.57,0.16,4.68,0.07,1A100
Ousmane,Traore,Male,23,Guinean,2.7,4.93,3.44,0.05,1A100
Lina,Cherif,Female,23,Tunisian,1.16,0.22,1.74,2.32,1A100
Ines,Khlifi,Female,24,Tunisian,4.06,1.03,4.13,0.66,1A100
Fatima,Omar,Female,22,Libyan,4.58,0.38,1.65,1.84,1A100
Fatima,Cherif,Female,21,Algerian,0.5,0.4,2.16,3.2,1A100
Khadija,Chouchene,Female,24,Tunisian,0.88,0.12,0.73,3.2,1A100
Daouda,Koffi,Male,24,Ivorian,1.65,2.67,1.84,2.33,1A100
Fares,Mabrouk,Male,19,Tunisian,2.87,0.27,4.25,3.89,1A100
Asma,Makni,Female,25,Tunisian,4.45,3.04,2.79,3.99,1A100
Lina,Mabrouk,Female,21,Tunisian,4.22,0.45,3.28,0.54,1A100
Bilel,Baccouche,Male,23,Tunisian,0.15,1.77,0.9,0.19,1A100
Khalil,Guettari,Male,18,Tunisian,0.57,3.87,4.98,0.4,1A100
Akissi,Konan,Female,20,Ivorian,3.77,4.97,4.4,4.08,1A100
Hichem,Jaziri,Male,19,Tunisian,1.17,4.85,4.31,1.88,1A100
Lobna,Sassi,Female,29,Tunisian,4.29,4.48,3.81,1.81,1A100
Youssef,Mabrouk,Male,20,Tunisian,4.71,3.42,3.08,0.1,1A100
Omar,Abidi,Male,18,Tunisian,1.87,1.52,2.43,4.15,1A100
Olfa,Mejri,Female,23,Tunisian,1.51,0.45,4.46,4.92,1A100
Mamadou,Gueye,Male,20,Senegalese,1.73,4.98,3.49,0.6,1A100
Fethi,Zayani,Male,25,Tunisian,3.12,1.69,1.11,2.78,1A100
Youssef,Nasri,Male,20,Tunisian,2.18,3.26,2.79,2.74,1A100
Samira,Makni,Female,19,Tunisian,2.6,0.19,0.76,1.83,1A100
Ghada,Mejri,Female,23,Tunisian,3.34,0.96,4.56,4.78,1A100
Kouassi,Koffi,Male,19,Ivorian,3.16,3.56,3.29,1.54,1A100
Zaineb,Abidi,Female,24,Tunisian,3.69,2.34,2.75,0.38,1A100
Hela,Slimani,Female,24,Tunisian,0.32,1.58,2.37,4.93,1A100
Oussama,Toumi,Male,21,Tunisian,2.9,3.35,1.48,4.63,1A100
Sabrine,Cherif,Female,20,Tunisian,3.79,0.2,1.82,4.01,1A56
Ahmed,Mabrouk,Male,25,Tunisian,3.47,1.71,1.56,0.45,1A56
Youssef,Maaloul,Male,21,Tunisian,2.19,0.94,3.97,3.81,1A56
Wassim,Turki,Male,19,Tunisian,4.61,4.33,4.73,0.59,1A56
Bilel,Chebbi,Male,19,Tunisian,3.88,0.26,1.07,3.34,1A56
Mehdi,Jlassi,Male,24,Tunisian,0.61,0.44,4.44,4.81,1A56
Brahim,Yahiaoui,Male,24,Algerian,3.39,3.77,1.08,3.15,1A56
Sonia,Gharbi,Female,25,Tunisian,0.21,0.89,3.57,2.29,1A56
Adjoua,Kone,Female,43,Ivorian,2.49,3.82,3.72,1.99,1A56
Ghada,Sassi,Female,22,Tunisian,3.07,3.15,0.23,1.86,1A56
Salma,Toumi,Female,23,Tunisian,1.62,4.42,2.8,4.51,1A56
Chokri,Slimani,Male,21,Tunisian,0.1,0.18,1.31,3.06,1A56
Hend,Nasri,Female,18,Tunisian,1.18,3.87,4.74,0.74,1A56
Cheick,Keita,Male,21,Malian,2.15,2.88,3.55,0.63,1A56
Manel,Belkhir,Female,22,Tunisian,0.09,1.21,2.02,2.41,1A56
Dorra,Slimani,Female,20,Tunisian,3.95,2.86,3.03,3.61,1A56
Emmanuel,Oumarou,Male,24,Cameroonian,2.68,4.15,0.16,4.12,1A56
Ines,Driss,Female,21,Tunisian,3.35,2.41,1.94,0.32,1A56
Sonia,Nasri,Female,22,Tunisian,2.13,3.27,1.24,2.3,1A56
Ghassen,Jaziri,Male,23,Tunisian,0.62,2.14,2.9,0.53,1A56
Amina,Zouari,Female,21,Tunisian,2.57,0.9,4.61,4.68,1A56
Fatma,Maaloul,Female,22,Tunisian,1.24,3.98,4.78,0.97,1A56
Skander,Khlifi,Male,25,Tunisian,2.17,1.54,2.38,4.29,1A56
Sofiene,Trabelsi,Male,18,Tunisian,2.42,3.0,4.22,4.24,1A56
Lobna,Trabelsi,Female,21,Tunisian,2.09,4.54,3.65,1.15,1A56
Moussa,Ouattara,Male,22,Ivorian,2.33,2.34,0.83,4.89,5SE94
Nadia,Fourati,Female,19,Tunisian,4.43,3.82,4.93,0.33,5SE94
Ismail,Ben Ali,Male,18,Tunisian,3.0,2.37,1.74,2.29,5SE94
Oumaima,Khemiri,Female,21,Tunisian,2.67,0.35,0.33,0.95,5SE94
Karim,Mabrouk,Male,21,Tunisian,0.53,1.21,4.32,0.02,5SE94
Michel,Moussa,Male,21,Cameroonian,4.42,3.81,1.7,2.86,5SE94
Oumar,Traore,Male,18,Malian,2.9,1.7,4.99,0.99,5SE94
Hela,Ayari,Female,19,Tunisian,3.46,2.02,4.04,0.73,5SE94
Sonia,Rekik,Female,20,Tunisian,4.75,4.56,3.41,1.22,5SE94
Zaineb,Fourati,Female,19,Tunisian,3.51,2.57,2.94,4.0,5SE94
Youssef,Gharbi,Male,25,Tunisian,1.46,2.83,1.93,0.77,5SE94
Mehdi,Lahmar,Male,21,Tunisian,0.22,1.1,3.25,4.17,5SE94
Hatem,Ghanouchi,Male,24,Tunisian,3.11,2.14,3.67,0.37,5SE94
Zaineb,Chebbi,Female,18,Tunisian,3.39,2.98,1.18,1.55,5SE94
Karim,Lahmar,Male,21,Tunisian,0.62,2.52,2.67,1.11,5SE94
Farah,Rekik,Female,22,Tunisian,1.25,1.92,3.15,1.56,5SE94
Chaima,Jebali,Female,22,Tunisian,4.31,3.2,3.72,0.06,5SE94
Chaima,Rekik,Female,24,Tunisian,1.56,2.27,3.79,0.62,5SE94
Lotfi,Driss,Male,20,Tunisian,1.75,2.98,4.46,1.51,5SE94
Zied,Trabelsi,Male,23,Tunisian,4.84,1.98,0.49,4.98,5SE94
Hamza,Ben Ali,Male,19,Tunisian,1.05,3.96,2.93,0.41,5SE94
Hela,Jlassi,Female,25,Tunisian,0.09,1.32,4.26,0.51,5SE94
Siwar,Abidi,Female,20,Tunisian,3.1,1.58,3.04,3.1,5SE94
Meriem,Chouchene,Female,25,Tunisian,4.78,2.56,0.58,2.88,5SE94
Ismail,Lahmar,Male,21,Tunisian,3.49,2.28,3.47,2.89,5SE94
Olfa,Abidi,Female,20,Tunisian,0.46,1.7,3.37,4.2,5SE94
Nabil,Saidi,Male,24,Moroccan,4.07,1.81,0.99,0.62,5SE94
Sami,Mansour,Male,20,Tunisian,0.38,0.14,1.97,4.53,5GAMIX50
Sofiene,Karoui,Male,22,Tunisian,1.03,1.54,0.84,3.78,5GAMIX50
Amine,Jebali,Male,20,Tunisian,2.76,4.6,1.22,0.33,5GAMIX50
Samira,Trabelsi,Female,18,Tunisian,3.06,2.63,2.62,2.7,5GAMIX50
Mohamed,Chouchene,Male,18,Tunisian,0.33,1.58,2.92,3.01,5GAMIX50
Hend,Haddad,Female,24,Tunisian,4.16,0.32,4.76,0.14,5GAMIX50
Awa,Sidibe,Female,23,Malian,1.96,0.83,2.15,4.44,5GAMIX50
Rania,Sassi,Female,23,Tunisian,1.7,2.17,0.16,2.51,5GAMIX50
Ibrahima,Kante,Male,36,Guinean,0.48,3.55,2.76,0.44,5GAMIX50
Asma,Chebbi,Female,25,Tunisian,1.61,2.58,4.89,3.14,5GAMIX50
Lobna,Makni,Female,24,Tunisian,0.45,2.69,3.79,4.28,5GAMIX50
Rim,Rekik,Female,19,Tunisian,0.71,2.94,3.99,0.74,5GAMIX50
Iheb,Toumi,Male,25,Tunisian,3.5,4.34,1.4,4.67,5GAMIX50
Modou,Diallo,Male,20,Senegalese,4.28,0.75,3.42,4.1,5GAMIX50
Amel,Ayari,Female,18,Tunisian,2.45,3.84,2.59,3.36,5GAMIX50
Samira,Jaziri,Female,21,Tunisian,0.1,3.71,0.5,4.36,5GAMIX50
Rami,Ayari,Male,25,Tunisian,4.23,4.16,2.55,0.25,5GAMIX50
Adel,Jlassi,Male,24,Tunisian,4.16,1.84,1.1,0.04,5GAMIX50
Youssef,Bouazizi,Male,22,Tunisian,3.78,2.15,4.3,2.99,5GAMIX50
Omar,Ghanouchi,Male,23,Tunisian,3.24,1.57,4.59,4.79,5GAMIX50
Mehdi,Karoui,Male,18,Tunisian,0.88,2.88,2.36,3.47,5GAMIX50
Yasmine,Maaloul,Female,19,Tunisian,1.42,4.44,1.05,2.09,5GAMIX50
Esther,Ngwa,Female,23,Cameroonian,0.42,3.43,0.03,0.87,5GAMIX50
Olfa,Saidi,Female,18,Tunisian,0.62,2.4,1.62,1.87,5GAMIX50
Fethi,Turki,Male,23,Tunisian,3.47,3.15,4.05,2.31,5GAMIX50
Foued,Khemiri,Male,38,Tunisian,2.26,4.86,1.03,0.35,5GAMIX50
Fatiha,Saidi,Female,24,Algerian,4.78,1.16,4.85,1.61,5GAMIX50
Youssef,Trabelsi,Male,24,Tunisian,2.67,2.78,2.2,4.29,5GAMIX50
Khadija,Gharbi,Female,23,Tunisian,0.42,1.26,4.11,0.94,5GAMIX50
Modou,Sarr,Male,18,Senegalese,3.0,2.82,3.06,4.61,5GAMIX50
Said,El Idrissi,Male,25,Moroccan,3.99,2.47,1.98,0.51,3A46
Sarra,Zouari,Female,22,Tunisian,3.13,4.78,1.84,3.16,3A46
Pierre,Fankam,Male,23,Cameroonian,0.18,1.25,0.71,2.28,3A46
Marie,Moussa,Female,18,Cameroonian,1.0,0.23,4.45,1.5,3A46
Ismail,Slimani,Male,18,Tunisian,0.74,0.95,2.95,1.06,3A46
Sarra,Sassi,Female,18,Tunisian,0.79,1.99,0.59,3.83,3A46
Nour,Ammar,Female,24,Tunisian,2.57,2.97,1.22,0.52,3A46
Sabrine,Ammar,Female,23,Tunisian,2.39,0.92,2.05,1.21,3A46
Hamza,Zouari,Male,25,Tunisian,3.75,1.85,3.04,2.81,3A46
Lotfi,Zouari,Male,23,Tunisian,4.75,4.67,4.8,1.77,3A46
Amina,Ben Salah,Female,19,Tunisian,3.5,1.33,0.75,1.83,3A46
Adel,Haddad,Male,23,Tunisian,0.29,1.06,0.97,3.75,3A46
Mariam,Koffi,Female,24,Ivorian,3.22,1.63,3.06,0.1,3A46
Lobna,Guettari,Female,22,Tunisian,4.61,3.64,2.87,0.43,3A46
Mehdi,Chebbi,Male,18,Tunisian,3.47,1.38,2.86,3.04,3A46
Ali,Abdullah,Male,25,Libyan,4.56,0.05,1.9,2.39,3A46
Sonia,Cherif,Female,22,Tunisian,3.26,1.55,0.69,0.07,3A46
Oumaima,Gharbi,Female,21,Tunisian,3.94,2.53,0.79,1.79,3A46
Hedi,Khlifi,Male,23,Tunisian,0.51,4.75,0.8,3.42,3A46
Kouassi,Bamba,Male,25,Ivorian,0.94,1.17,4.15,1.4,3A46
Nathalie,Abanda,Female,25,Cameroonian,3.46,2.15,1.5,1.26,3A46
Ines,Karoui,Female,23,Tunisian,4.77,2.85,1.07,4.05,3A46
Ali,Guettari,Male,20,Tunisian,2.74,1.35,4.55,1.33,3A46
Hichem,Haddad,Male,22,Tunisian,3.97,1.1,4.08,2.46,3A46
Sofiene,Maaloul,Male,23,Tunisian,4.39,1.47,3.62,4.86,3A46
Mourad,Toumi,Male,20,Tunisian,1.85,2.84,1.09,0.25,3B47
Chokri,Makni,Male,18,Tunisian,3.82,3.09,4.5,3.97,3B47
Imane,Lahlou,Female,19,Moroccan,4.72,0.24,4.17,4.4,3B47
Skander,Rekik,Male,19,Tunisian,1.84,3.78,0.45,4.31,3B47
Bechir,Ayari,Male,25,Tunisian,3.13,3.98,4.57,2.25,3B47
Fethi,Driss,Male,22,Tunisian,1.57,1.18,3.84,1.3,3B47
Fethi,Jebali,Male,22,Tunisian,1.84,1.21,3.29,2.61,3B47
Siwar,Ben Salah,Female,25,Tunisian,2.21,4.33,2.97,2.12,3B47
Mohamed,Touati,Male,45,Algerian,0.36,4.54,1.55,2.15,3B47
Mourad,Abidi,Male,20,Tunisian,0.46,2.49,3.86,2.34,3B47
Ghassen,Belkhir,Male,21,Tunisian,2.77,2.19,1.65,1.09,3B47
Marwen,Chebbi,Male,31,Tunisian,3.83,4.32,3.67,3.2,3B47
Chaima,Sassi,Female,18,Tunisian,2.01,2.77,3.43,1.95,3B47
Ghada,Bouazizi,Female,19,Tunisian,2.82,1.42,0.03,2.75,3B47
Aisha,Ali,Female,23,Libyan,3.81,2.13,0.26,4.89,3B47
Ismail,Makni,Male,23,Tunisian,1.04,4.96,1.88,2.69,3B47
Salma,Fourati,Female,21,Tunisian,4.05,4.82,4.01,2.82,3B47
Hatem,Khemiri,Male,24,Tunisian,0.36,4.11,1.58,4.36,3B47
Nour,Ghanouchi,Female,20,Tunisian,4.0,1.17,3.36,0.5,3B47
Mouna,Ammar,Female,21,Tunisian,0.83,1.95,4.5,4.7,3B47
Youssef,Lahmar,Male,18,Tunisian,0.25,3.72,0.96,4.56,3B47
Iheb,Guettari,Male,22,Tunisian,3.22,1.5,4.54,2.44,3B47
Cyrine,Nasri,Female,21,Tunisian,3.82,1.54,3.52,2.26,3B47
Cyrine,Jebali,Female,19,Tunisian,1.44,3.59,2.28,2.04,3B47
Ghada,Makni,Female,21,Tunisian,2.45,2.61,4.63,0.36,3B47
Iheb,Rekik,Male,18,Tunisian,0.6,4.12,0.47,4.85,3B47
Wassim,Guettari,Male,22,Tunisian,2.03,4.52,1.84,3.21,3B47
Khadija,Mejri,Female,20,Tunisian,1.53,3.53,1.3,3.74,3B47
Pape,Fall,Male,19,Senegalese,4.75,0.21,3.65,0.98,3B47
Zied,Toumi,Male,19,Tunisian,1.62,2.57,3.38,0.93,3B47
Wassim,Belkhir,Male,23,Tunisian,2.14,1.28,0.93,4.66,3B47
Samira,Ghanouchi,Female,23,Tunisian,0.13,1.42,4.67,2.21,3B47
Leila,Baccouche,Female,25,Tunisian,2.04,2.0,0.02,0.18,3B47
Rym,Jaziri,Female,20,Tunisian,4.57,1.43,3.72,1.55,3B47
Rim,Jlassi,Female,23,Tunisian,0.02,3.36,4.42,0.97,2P50
Bechir,Mansour,Male,25,Tunisian,3.06,3.33,2.79,4.64,2P50
Hiba,Jaziri,Female,21,Tunisian,0.0,4.16,4.65,1.72,2P50
Wafa,Khemiri,Female,21,Tunisian,1.05,2.22,1.95,3.73,2P50
Farah,Sassi,Female,18,Tunisian,4.28,0.75,0.5,2.51,2P50
Sami,Ayari,Male,19,Tunisian,2.5,2.61,1.43,4.7,2P50
Oussama,Chouchene,Male,18,Tunisian,3.79,1.69,4.14,1.57,2P50
Olfa,Cherif,Female,21,Tunisian,0.57,0.79,2.96,2.46,2P50
Ali,Toumi,Male,20,Tunisian,0.08,4.09,3.19,4.25,2P50
Salma,Trabelsi,Female,21,Tunisian,1.94,4.36,0.3,3.51,2P50
Fethi,Rekik,Male,20,Tunisian,3.25,4.58,0.9,1.07,2P50
Nabil,Slimani,Male,19,Tunisian,3.11,3.37,0.92,0.06,2P50
Lotfi,Belkhir,Male,20,Tunisian,0.14,4.29,0.11,0.3,2P50
Malika,Rahmani,Female,24,Algerian,0.41,3.65,4.6,2.16,2P50
Karim,Trabelsi,Male,18,Tunisian,4.17,3.62,4.07,0.87,2P50
Mohamed,Maaloul,Male,21,Tunisian,4.82,3.96,2.4,2.74,2P50
Nour,Khemiri,Female,23,Tunisian,3.74,4.8,2.67,1.58,2P50
Lina,Zouari,Female,24,Tunisian,0.49,1.76,3.19,3.21,2P50
Leila,Bennani,Female,18,Moroccan,1.42,2.34,1.53,1.47,2P50
Mariem,Hamdi,Female,21,Tunisian,4.49,2.62,2.19,2.48,2P50
Rim,Driss,Female,25,Tunisian,4.27,2.55,1.94,1.95,2P50
Ghassen,Guettari,Male,21,Tunisian,3.07,1.04,4.73,1.8,2P50
Iheb,Slimani,Male,21,Tunisian,3.01,0.58,0.66,4.71,2P50
Lina,Rekik,Female,39,Tunisian,0.89,1.84,3.33,2.5,2P50
Nabil,Cherif,Male,25,Tunisian,4.84,4.5,2.27,0.91,2P50
Sonia,Jebali,Female,19,Tunisian,4.83,0.74,2.99,1.59,2P50
Mahamadou,Toure,Male,23,Malian,3.5,4.25,2.62,4.36,2P50
Bechir,Bouazizi,Male,23,Tunisian,3.3,1.1,4.0,3.76,2P50
Wassim,Mansour,Male,25,Tunisian,2.89,1.64,4.95,1.17,2P50
Leila,Makni,Female,21,Tunisian,4.38,1.07,4.39,3.78,2P50
Hiba,Ben Ali,Female,23,Tunisian,1.96,4.54,2.06,1.94,2P50
Kheira,Benali,Female,23,Algerian,3.1,2.27,2.03,3.34,2P50
Said,Brahimi,Male,19,Algerian,2.46,3.2,3.98,4.14,5NIDS70
Youssef,Zayani,Male,25,Tunisian,1.72,1.46,2.63,0.82,5NIDS70
Nour,Maaloul,Female,18,Tunisian,1.49,1.16,1.46,0.25,5NIDS70
Bechir,Chouchene,Male,20,Tunisian,0.13,3.31,4.04,3.13,5NIDS70
Salma,Mejri,Female,23,Tunisian,4.72,1.39,2.41,2.54,5NIDS70
Adel,Ben Salah,Male,24,Tunisian,1.49,1.95,2.73,2.66,5NIDS70
Fethi,Haddad,Male,26,Tunisian,1.07,1.89,0.08,2.31,5NIDS70
Nabil,Ben Salah,Male,18,Tunisian,1.4,4.89,0.31,3.91,5NIDS70
Adama,Sissoko,Male,25,Malian,0.32,1.44,1.87,2.81,5NIDS70
Sami,Gharbi,Male,41,Tunisian,4.25,4.94,0.27,0.05,5NIDS70
Rym,Mejri,Female,24,Tunisian,2.3,3.97,2.13,1.92,5NIDS70
Nadia,Turki,Female,22,Tunisian,3.01,3.41,0.69,1.83,5NIDS70
Hela,Abidi,Female,21,Tunisian,2.65,3.15,3.37,4.46,5NIDS70
Ines,Mejri,Female,23,Tunisian,2.78,2.96,2.66,4.99,5NIDS70
Walid,Ghanouchi,Male,18,Tunisian,3.74,4.31,3.41,3.07,5NIDS70
Khalil,Bouazizi,Male,19,Tunisian,4.42,1.85,3.09,2.36,5NIDS70
Aicha,Messaoudi,Female,22,Algerian,2.05,0.34,0.29,0.61,5NIDS70
Meriem,Mejri,Female,22,Tunisian,1.24,0.96,3.45,4.3,5NIDS70
Awa,Cisse,Female,19,Senegalese,1.7,3.04,2.47,3.9,5NIDS70
Ahmed,Karoui,Male,18,Tunisian,1.7,3.21,3.79,0.57,5NIDS70
Hend,Rekik,Female,24,Tunisian,4.39,1.01,2.26,0.26,5NIDS70
Sonia,Ayari,Female,25,Tunisian,4.17,4.01,1.39,3.11,5NIDS70
Khadija,Bouazizi,Female,31,Tunisian,0.86,2.81,4.71,2.02,5NIDS70
Fatima,Lahlou,Female,18,Moroccan,1.07,2.36,2.91,2.69,5NIDS70
Rim,Ammar,Female,18,Tunisian,1.35,3.68,3.76,2.02,5NIDS70
Rim,Lahmar,Female,23,Tunisian,4.45,2.83,4.33,0.63,5NIDS70
Ghada,Chebbi,Female,18,Tunisian,1.21,4.96,4.62,4.51,5NIDS70
Sofiene,Chouchene,Male,23,Tunisian,2.81,4.31,3.33,1.98,5NIDS70
Amina,Guettari,Female,18,Tunisian,1.93,1.41,4.08,2.12,5NIDS70
Asma,Fourati,Female,24,Tunisian,3.23,1.66,2.4,3.24,5NIDS70
Lotfi,Rekik,Male,21,Tunisian,4.86,4.59,3.34,3.14,5NIDS70
Samira,Toumi,Female,18,Tunisian,0.16,1.21,2.2,3.72,5NIDS70
Leila,Trabelsi,Female,23,Tunisian,4.39,1.29,3.54,2.21,5NIDS70
Rania,Mejri,Female,24,Tunisian,3.54,4.8,4.48,1.27,5NIDS70
Akissi,Kone,Female,23,Ivorian,4.63,0.89,3.65,4.35,3B52
Hiba,Saidi,Female,21,Tunisian,4.14,1.51,2.98,3.98,3B52
Zied,Ben Salah,Male,18,Tunisian,4.73,3.1,3.91,2.42,3B52
Meriem,Makni,Female,20,Tunisian,4.95,4.05,4.13,2.57,3B52
Mouna,Jlassi,Female,18,Tunisian,0.63,3.11,0.31,2.29,3B52
Khadija,Salem,Female,20,Libyan,0.27,2.65,4.12,2.4,3B52
Hatem,Jlassi,Male,22,Tunisian,0.66,4.75,4.96,3.5,3B52
Hiba,Ammar,Female,18,Tunisian,0.03,0.55,0.26,3.38,3B52
Chokri,Toumi,Male,18,Tunisian,3.77,1.4,4.48,2.38,3B52
Zied,Rekik,Male,18,Tunisian,1.99,0.8,3.09,4.52,3B52
Youssef,Chouchene,Male,18,Tunisian,2.29,0.25,3.12,2.93,3B52
Adama,Thiam,Female,23,Senegalese,1.52,0.54,1.53,4.16,3B52
Mariama,Keita,Female,21,Guinean,2.62,0.73,2.28,4.55,3B52
Hend,Driss,Female,19,Tunisian,4.58,0.38,4.55,1.32,3B52
Sonia,Fourati,Female,19,Tunisian,1.53,2.74,2.48,0.64,3B52
Manel,Sassi,Female,21,Tunisian,3.36,0.95,0.18,3.4,3B52
Haythem,Cherif,Male,24,Tunisian,2.86,1.59,3.03,0.49,3B52
Eya,Nasri,Female,28,Tunisian,0.81,1.91,4.02,2.38,3B52
Wided,Karoui,Female,33,Tunisian,0.51,3.25,0.36,4.33,3B52
Modibo,Dembele,Male,23,Malian,1.23,4.16,0.35,4.01,3B52
Ismail,Chebbi,Male,22,Tunisian,0.22,1.28,3.93,1.49,3B52
Ahmed,Makni,Male,31,Tunisian,1.99,0.22,2.75,4.52,3B52
Mohamed,Cherif,Male,19,Tunisian,1.54,4.01,0.14,3.87,3B52
Mouna,Bouazizi,Female,24,Tunisian,4.31,4.67,3.6,2.26,3B52
Bilel,Makni,Male,19,Tunisian,3.21,2.8,2.72,3.89,3B52
Ibrahima,Niang,Male,19,Senegalese,3.56,0.19,1.32,2.07,3B52
Zaineb,Slimani,Female,20,Tunisian,0.6,4.41,3.69,1.41,3B52
Anis,Maaloul,Male,19,Tunisian,2.52,0.61,1.19,3.1,3B52
Fatma,Ayari,Female,19,Tunisian,2.44,2.21,3.76,0.85,3B52
Chokri,Ben Ali,Male,21,Tunisian,3.29,3.16,0.6,3.55,3B52
Zied,Fourati,Male,19,Tunisian,2.35,3.72,3.23,0.06,4NIDS13
Bilel,Jlassi,Male,18,Tunisian,4.38,1.62,1.86,2.51,4NIDS13
Tarek,Trabelsi,Male,25,Tunisian,3.12,4.53,1.05,0.4,4NIDS13
Mourad,Ghanouchi,Male,20,Tunisian,1.07,1.55,1.44,0.13,4NIDS13
Anis,Mansour,Male,21,Tunisian,4.15,2.23,0.22,1.61,4NIDS13
Hiba,Sassi,Female,19,Tunisian,1.56,3.04,0.79,3.95,4NIDS13
Asma,Ammar,Female,23,Tunisian,3.51,0.55,0.5,2.96,4NIDS13
Amine,Jlassi,Male,20,Tunisian,0.44,0.85,0.1,1.44,4NIDS13
Lina,Abidi,Female,18,Tunisian,2.37,0.25,2.65,0.8,4NIDS13
Fares,Hamdi,Male,20,Tunisian,0.46,0.39,2.66,1.38,4NIDS13
Mohamed,Regragui,Male,25,Moroccan,1.18,3.5,0.57,4.87,4NIDS13
Sarra,Chouchene,Female,25,Tunisian,4.97,4.06,1.74,4.17,4NIDS13
Manel,Trabelsi,Female,21,Tunisian,4.59,3.02,3.23,2.13,4NIDS13
Hela,Driss,Female,23,Tunisian,3.24,0.62,1.94,1.02,4NIDS13
Oussama,Mansour,Male,22,Tunisian,4.46,1.63,2.02,2.59,4NIDS13
Aymen,Chebbi,Male,21,Tunisian,1.38,2.59,2.05,4.51,4NIDS13
Meriem,Ghanouchi,Female,23,Tunisian,4.6,3.29,0.15,2.17,4NIDS13
Samira,Saidi,Female,21,Tunisian,3.8,2.16,0.46,0.07,4NIDS13
Lotfi,Mansour,Male,20,Tunisian,4.27,2.59,1.62,0.89,4NIDS13
Ali,Chebbi,Male,24,Tunisian,1.21,2.65,2.86,2.94,4NIDS13
Karim,Jlassi,Male,25,Tunisian,2.98,1.64,3.11,0.14,4NIDS13
Mame,Ndiaye,Female,23,Senegalese,4.58,3.76,4.7,1.38,4NIDS13
Ali,Saidi,Male,24,Tunisian,3.06,1.68,3.21,1.72,4NIDS13
Zaineb,Cherif,Female,22,Tunisian,1.89,0.67,0.15,0.99,4NIDS13
Mehdi,Mansour,Male,24,Tunisian,4.75,0.02,3.76,1.05,4NIDS13
Lobna,Driss,Female,24,Tunisian,3.39,3.15,3.85,4.2,4NIDS13
Ismail,Turki,Male,25,Tunisian,4.41,2.49,2.59,1.89,4NIDS13
Adel,Ben Ali,Male,18,Tunisian,4.75,4.5,4.53,0.22,4NIDS13
Khadija,Jebali,Female,23,Tunisian,4.89,2.77,0.9,3.54,4NIDS13
Ines,Rekik,Female,19,Tunisian,1.36,5.0,0.09,3.84,4NIDS13
Ghada,Trabelsi,Female,18,Tunisian,2.9,3.02,2.01,3.62,4NIDS13
Nadia,Chebbi,Female,18,Tunisian,2.85,2.41,2.6,4.39,4NIDS13
Yasmine,Jebali,Female,23,Tunisian,2.69,3.12,2.75,4.85,4NIDS13
Nadia,Mabrouk,Female,18,Tunisian,4.18,3.23,0.6,1.02,4NIDS13
Oumaima,Zouari,Female,22,Tunisian,0.97,2.47,4.16,2.65,4NIDS13
Ines,Bouazizi,Female,23,Tunisian,3.5,1.9,0.51,3.24,3B16
Fatoumata,Diallo,Female,20,Ivorian,3.81,1.5,3.58,1.84,3B16
Dorra,Driss,Female,25,Tunisian,3.66,4.99,2.37,1.82,3B16
Rim,Cherif,Female,22,Tunisian,4.85,1.86,2.77,0.4,3B16
Ines,Abidi,Female,23,Tunisian,0.53,1.53,3.82,1.54,3B16
Mariame,Keita,Female,22,Guinean,1.75,0.48,2.71,0.52,3B16
Eya,Guettari,Female,24,Tunisian,1.47,1.01,2.06,0.13,3B16
Ahmed,Chouchene,Male,24,Tunisian,1.0,0.87,1.68,4.21,3B16
Emna,Rekik,Female,19,Tunisian,0.5,2.92,4.85,3.39,3B16
Rami,Nasri,Male,27,Tunisian,1.83,1.12,3.42,4.81,3B16
Hichem,Toumi,Male,45,Tunisian,0.96,1.77,2.14,2.96,3B16
Leila,Karoui,Female,24,Tunisian,3.17,4.87,3.16,2.89,3B16
Mouna,Guettari,Female,19,Tunisian,0.77,1.13,2.96,2.62,3B16
Nour,Slimani,Female,23,Tunisian,2.48,2.22,4.77,0.27,3B16
Dorra,Cherif,Female,20,Tunisian,4.61,4.79,4.05,4.5,3B16
Ahmed,Khlifi,Male,24,Tunisian,4.18,1.59,1.44,3.27,3B16
Ghada,Turki,Female,22,Tunisian,4.28,0.65,0.58,1.11,3B16
Jacqueline,Tchinda,Female,24,Cameroonian,3.93,2.78,0.9,1.3,3B16
Rachid,Tazi,Male,18,Moroccan,2.82,4.58,0.35,2.84,3B16
Hamza,Ben Salah,Male,23,Tunisian,3.18,3.62,2.49,3.97,3B16
Adel,Ghanouchi,Male,21,Tunisian,4.09,4.57,2.47,0.96,3B16
Rachid,El Idrissi,Male,19,Moroccan,2.08,2.38,0.29,2.6,3B16
Rim,Makni,Female,23,Tunisian,1.91,4.05,3.5,4.43,3B16
Fatma,Trabelsi,Female,26,Tunisian,4.07,2.54,3.98,3.52,3B16
Hichem,Jlassi,Male,24,Tunisian,3.88,3.74,3.59,4.63,3B16
Khadija,Belkhir,Female,19,Tunisian,1.77,0.18,0.88,0.82,4DS68
Amel,Abidi,Female,19,Tunisian,3.75,2.12,2.6,1.94,4DS68
Rim,Slimani,Female,18,Tunisian,4.99,1.0,2.64,0.19,4DS68
Korotoumou,Dembele,Female,18,Malian,2.02,3.22,2.98,3.93,4DS68
Mourad,Rekik,Male,18,Tunisian,0.97,0.07,4.23,2.72,4DS68
Cyrine,Lahmar,Female,19,Tunisian,0.47,3.86,0.16,2.6,4DS68
Chaima,Guettari,Female,18,Tunisian,1.24,3.48,0.72,1.13,4DS68
Manel,Makni,Female,20,Tunisian,4.0,2.5,0.32,0.64,4DS68
Eya,Khlifi,Female,22,Tunisian,0.48,2.41,2.89,4.94,4DS68
Khadija,Abidi,Female,24,Tunisian,3.07,4.83,1.95,0.68,4DS68
Tarek,Belkhir,Male,22,Tunisian,4.52,2.46,0.39,2.89,4DS68
Zied,Abidi,Male,18,Tunisian,4.61,3.44,1.81,4.29,4DS68
Nadia,Saidi,Female,18,Tunisian,1.77,0.92,3.43,3.99,4DS68
Meriem,Karoui,Female,21,Tunisian,1.0,3.7,3.61,0.37,4DS68
Rami,Ghanouchi,Male,25,Tunisian,1.5,3.9,2.44,3.28,4DS68
Chaima,Mabrouk,Female,22,Tunisian,4.23,0.94,3.82,3.85,4DS68
Hela,Chouchene,Female,23,Tunisian,2.2,1.52,0.96,0.57,4DS68
Lobna,Lahmar,Female,20,Tunisian,0.47,1.74,0.82,3.11,4DS68
Ahou,Yao,Female,22,Ivorian,2.91,3.84,2.67,0.72,4DS68
Nadia,Guettari,Female,22,Tunisian,4.6,1.32,0.08,3.85,4DS68
Karim,Alaoui,Male,23,Moroccan,4.47,0.86,1.74,3.09,4DS68
Nadia,Touati,Female,20,Algerian,3.43,4.23,3.32,0.88,4DS68
Salma,Khlifi,Female,21,Tunisian,0.83,2.78,0.33,2.41,4DS68
Zied,Jaziri,Male,18,Tunisian,0.41,3.2,3.59,2.69,4DS68
Adel,Baccouche,Male,20,Tunisian,3.98,3.19,4.02,1.83,4DS68
Manel,Khlifi,Female,18,Tunisian,3.67,1.44,4.08,1.61,4DS68
Salma,Baccouche,Female,18,Tunisian,1.57,3.48,0.27,4.2,4DS68
Aymen,Abidi,Male,21,Tunisian,4.8,3.31,2.02,1.91,4DS68
Modou,Gueye,Male,22,Senegalese,4.24,4.98,3.93,0.95,4DS68
Sarra,Gharbi,Female,24,Tunisian,2.0,1.23,1.09,2.27,4DS68
Fares,Zayani,Male,25,Tunisian,1.83,2.44,3.41,3.83,4DS68
Aminata,Konan,Female,21,Ivorian,1.63,2.3,1.33,4.1,4DS68
Samira,Karoui,Female,23,Tunisian,0.42,0.37,2.45,3.16,4DS68
Walid,Gharbi,Male,25,Tunisian,0.13,0.78,4.09,3.44,4DS68
Amina,Hamdi,Female,37,Tunisian,4.89,4.64,2.13,1.03,5INFINI76
Ghassen,Karoui,Male,26,Tunisian,2.93,3.55,1.32,4.39,5INFINI76
Zied,Makni,Male,25,Tunisian,4.51,2.21,3.07,4.56,5INFINI76
Samira,Lahmar,Female,23,Tunisian,0.82,4.05,4.93,3.29,5INFINI76
Houria,Dahmani,Female,21,Algerian,2.47,3.18,0.74,4.18,5INFINI76
Iheb,Bouazizi,Male,19,Tunisian,1.05,4.96,1.57,3.58,5INFINI76
Wafa,Saidi,Female,24,Tunisian,2.4,2.83,4.36,0.16,5INFINI76
Serge,Moussa,Male,20,Cameroonian,2.53,2.93,1.62,2.05,5INFINI76
Bakary,Diarra,Male,28,Malian,3.24,3.17,2.58,0.13,5INFINI76
Ines,Ben Salah,Female,28,Tunisian,1.62,0.32,1.27,4.26,5INFINI76
Wided,Gharbi,Female,20,Tunisian,1.3,2.87,4.72,2.61,5INFINI76
Ines,Trabelsi,Female,18,Tunisian,3.87,3.14,1.66,2.45,5INFINI76
Ghada,Jebali,Female,41,Tunisian,0.72,0.99,2.91,3.18,5INFINI76
Foued,Cherif,Male,23,Tunisian,3.41,2.31,0.66,4.51,5INFINI76
Leila,Ghanouchi,Female,25,Tunisian,1.43,4.36,1.42,1.73,5INFINI76
Mariem,Karoui,Female,23,Tunisian,0.46,3.99,2.83,0.57,5INFINI76
Sofiene,Jaziri,Male,23,Tunisian,1.47,2.02,2.31,1.42,5INFINI76
Wided,Slimani,Female,19,Tunisian,3.47,4.21,3.45,0.28,5INFINI76
Chokri,Turki,Male,18,Tunisian,2.78,3.79,0.66,3.64,5INFINI76
Aissatou,Diallo,Female,20,Senegalese,4.6,2.64,1.0,3.96,5INFINI76
Bechir,Rekik,Male,19,Tunisian,1.8,3.62,1.85,3.67,5INFINI76
Hocine,Slimani,Male,25,Algerian,3.81,2.34,3.49,0.42,5INFINI76
Wided,Zouari,Female,22,Tunisian,2.65,2.88,2.81,2.99,5INFINI76
Mehdi,Saidi,Male,19,Tunisian,2.84,4.49,3.68,1.16,5INFINI76
Salma,Chouchene,Female,20,Tunisian,1.39,1.09,1.02,2.17,5INFINI76
Mourad,Baccouche,Male,25,Tunisian,0.79,3.28,0.42,3.27,5INFINI76
Walid,Turki,Male,18,Tunisian,2.26,2.68,1.13,3.69,3B83
Zaineb,Ghanouchi,Female,25,Tunisian,3.28,4.07,0.37,1.13,3B83
Hatem,Ammar,Male,25,Tunisian,0.6,3.72,2.15,2.01,3B83
Nabil,Ben Ali,Male,20,Tunisian,1.93,1.97,2.02,3.46,3B83
Sofiene,Sassi,Male,23,Tunisian,0.31,1.56,0.11,4.03,3B83
Wassim,Saidi,Male,24,Tunisian,3.0,0.38,1.51,4.99,3B83
Tarek,Mejri,Male,18,Tunisian,2.01,2.55,0.28,4.84,3B83
Lobna,Ammar,Female,21,Tunisian,3.56,1.41,3.1,3.88,3B83
Ahmed,Abidi,Male,18,Tunisian,2.95,2.52,4.73,2.31,3B83
Ghassen,Makni,Male,19,Tunisian,0.88,0.33,0.67,1.63,3B83
Wafa,Belkhir,Female,20,Tunisian,2.63,0.16,4.75,4.98,3B83
Cheikh,Cisse,Male,23,Senegalese,4.71,4.3,2.42,1.33,3B83
Wided,Makni,Female,25,Tunisian,0.35,0.67,1.44,3.98,3B83
Chokri,Chouchene,Male,25,Tunisian,0.35,3.26,1.43,3.9,3B83
Rym,Mansour,Female,24,Tunisian,0.29,3.21,3.14,4.3,3B83
Ismail,Cherif,Male,23,Tunisian,2.17,0.44,3.39,2.22,3B83
Mouna,Chebbi,Female,23,Tunisian,2.51,4.43,0.58,3.76,3B83
Cyrine,Chouchene,Female,19,Tunisian,3.91,3.93,2.3,2.27,3B83
Ahmed,Cherif,Male,45,Tunisian,3.01,2.7,2.66,2.98,3B83
Fethi,Karoui,Male,21,Tunisian,2.82,4.92,0.81,0.25,3B83
Yasmine,Abidi,Female,18,Tunisian,0.75,2.25,2.11,3.57,3B83
Samira,Tazi,Female,24,Moroccan,3.0,3.41,3.62,1.34,3B83
Mohamed,Alaoui,Male,20,Moroccan,2.22,1.34,3.8,4.05,3B83
Emna,Zayani,Female,18,Tunisian,4.88,4.23,0.99,1.66,3B83
Ali,Khlifi,Male,33,Tunisian,1.79,1.63,4.11,3.8,3B83
Karim,Khlifi,Male,25,Tunisian,1.32,0.52,2.36,0.59,3B83
Sabrine,Chouchene,Female,19,Tunisian,4.44,2.1,0.09,1.22,3B83
Manel,Chebbi,Female,18,Tunisian,2.02,1.16,2.69,0.61,3B83
Zaineb,Maaloul,Female,24,Tunisian,0.67,1.12,3.67,0.67,3B83
Meriem,Driss,Female,22,Tunisian,4.27,3.51,4.51,3.58,3B83
Sami,Hamdi,Male,24,Tunisian,0.3,1.66,3.78,3.08,3B83
Amina,El Idrissi,Female,22,Moroccan,1.33,0.68,3.33,0.02,3B83
Emna,Abidi,Female,19,Tunisian,3.52,3.76,1.43,0.12,3B83
Rania,Zouari,Female,18,Tunisian,0.17,1.73,0.65,4.83,3B83
Rania,Mansour,Female,25,Tunisian,2.28,4.42,0.64,3.36,3B83
Adel,Mansour,Male,22,Tunisian,0.54,2.85,1.59,4.96,5TWIN87
Yasmine,Khlifi,Female,23,Tunisian,1.68,1.79,3.69,1.85,5TWIN87
Wafa,Bouazizi,Female,21,Tunisian,0.64,3.64,4.63,1.0,5TWIN87
Rim,Mabrouk,Female,24,Tunisian,3.36,1.47,0.6,4.45,5TWIN87
Skander,Maaloul,Male,23,Tunisian,4.22,3.85,1.24,1.31,5TWIN87
Dorra,Abidi,Female,20,Tunisian,1.3,1.66,3.92,4.2,5TWIN87
Chokri,Mejri,Male,23,Tunisian,3.59,1.67,0.44,1.41,5TWIN87
Youssef,Driss,Male,19,Tunisian,3.78,3.0,0.28,3.48,5TWIN87
Asma,Turki,Female,25,Tunisian,1.22,1.97,3.46,3.13,5TWIN87
Bechir,Guettari,Male,19,Tunisian,1.28,3.3,3.85,2.24,5TWIN87
Foued,Hamdi,Male,18,Tunisian,1.1,2.47,0.01,1.5,5TWIN87
Mohamed,Ben Salah,Male,25,Tunisian,1.85,3.25,2.96,1.59,5TWIN87
Mouna,Cherif,Female,25,Tunisian,0.71,3.51,1.32,0.62,5TWIN87
Hatem,Hamdi,Male,25,Tunisian,3.64,2.43,0.38,2.74,5TWIN87
Khadija,Lahmar,Female,25,Tunisian,2.94,1.16,0.99,2.87,5TWIN87
Cheick,Kone,Male,23,Malian,0.14,4.73,2.34,2.53,5TWIN87
Tarek,Ben Ali,Male,23,Tunisian,3.6,4.9,0.4,2.89,5TWIN87
Nour,Saidi,Female,22,Tunisian,2.16,2.36,2.68,3.94,5TWIN87
Ghada,Ben Ali,Female,24,Tunisian,0.72,4.93,0.01,1.76,5TWIN87
Salma,Ghanouchi,Female,25,Tunisian,0.11,0.97,3.64,2.66,5TWIN87
Amel,Lahmar,Female,24,Tunisian,4.93,0.38,3.16,3.24,5TWIN87
Samira,Turki,Female,20,Tunisian,4.66,1.4,3.81,0.43,5TWIN87
Mariem,Zouari,Female,25,Tunisian,4.46,2.67,2.32,1.31,5TWIN87
Dorra,Mansour,Female,22,Tunisian,4.73,1.66,1.57,2.4,5TWIN87
Rim,Trabelsi,Female,35,Tunisian,0.58,2.08,0.81,2.2,5TWIN87
Djillali,Mansouri,Male,19,Algerian,0.68,0.92,0.42,0.8,2A58
Aymen,Karoui,Male,18,Tunisian,4.08,2.06,1.88,4.03,2A58
Nabil,Rekik,Male,24,Tunisian,3.32,4.39,4.35,3.12,2A58
Bechir,Turki,Male,22,Tunisian,0.24,4.52,0.47,1.51,2A58
Adel,Fourati,Male,25,Tunisian,4.93,4.76,3.51,2.56,2A58
Hatem,Jebali,Male,24,Tunisian,3.44,4.35,3.45,1.24,2A58
Rabah,Saidi,Male,20,Algerian,3.5,1.36,2.76,4.53,2A58
Nour,Ayari,Female,18,Tunisian,4.32,4.31,3.65,4.72,2A58
Nizar,Ben Ali,Male,18,Tunisian,1.55,2.85,4.22,4.04,2A58
Walid,Ben Ali,Male,25,Tunisian,2.54,2.52,0.57,2.51,2A58
Solange,Tchinda,Female,40,Cameroonian,2.86,4.01,0.91,2.28,2A58
Hiba,Trabelsi,Female,21,Tunisian,2.1,4.35,4.49,0.61,2A58
Fatma,Bouazizi,Female,19,Tunisian,1.26,2.8,3.71,2.4,2A58
Emna,Ben Ali,Female,20,Tunisian,3.02,2.68,1.75,4.79,2A58
Amina,Lahmar,Female,20,Tunisian,2.66,2.76,4.86,0.23,2A58
Rania,Nasri,Female,24,Tunisian,4.05,3.45,1.34,3.61,2A58
Lobna,Nasri,Female,21,Tunisian,1.44,1.81,4.12,0.34,2A58
Alpha,Conde,Male,19,Guinean,2.0,3.45,1.86,2.97,2A58
Sami,Ghanouchi,Male,22,Tunisian,3.16,3.74,0.04,3.13,2A58
Iheb,Haddad,Male,21,Tunisian,0.32,3.84,4.49,1.6,2A58
Bouchra,Mansouri,Female,37,Moroccan,0.45,2.0,4.69,2.94,2A58
Foued,Jaziri,Male,25,Tunisian,1.01,0.32,2.33,0.15,2A58
Hatem,Bouazizi,Male,18,Tunisian,3.2,0.28,2.52,2.64,2A58
Sofiene,Belkhir,Male,25,Tunisian,2.91,1.18,0.79,2.75,2A58
Ahmed,Mansour,Male,21,Tunisian,4.29,0.88,4.63,1.54,2A58
Daouda,Kone,Male,24,Ivorian,4.73,2.0,4.56,3.2,2A58
Skander,Sassi,Male,22,Tunisian,0.45,3.94,3.87,1.89,4BI80
Aminata,Bah,Female,20,Guinean,4.12,2.86,3.4,3.14,4BI80
Skander,Mabrouk,Male,23,Tunisian,1.31,1.04,4.59,1.2,4BI80
Fatma,Mansour,Female,19,Tunisian,0.46,1.59,1.17,4.68,4BI80
Marwen,Khlifi,Male,22,Tunisian,4.8,2.23,1.17,0.91,4BI80
Zainab,Ali,Female,23,Libyan,3.87,3.87,4.05,3.24,4BI80
Farah,Hamdi,Female,20,Tunisian,2.94,1.94,2.92,0.43,4BI80
Hend,Ben Salah,Female,19,Tunisian,3.64,4.8,1.48,0.37,4BI80
Ali,Ayari,Male,23,Tunisian,3.01,0.25,3.22,1.87,4BI80
Siwar,Gharbi,Female,18,Tunisian,4.34,1.56,0.59,3.18,4BI80
Samia,Messaoudi,Female,21,Algerian,1.03,0.47,3.74,0.03,4BI80
Eya,Zouari,Female,19,Tunisian,2.2,1.21,0.42,2.15,4BI80
Nour,Cherif,Female,21,Tunisian,1.02,2.9,0.3,1.53,4BI80
Haythem,Ghanouchi,Male,25,Tunisian,2.97,1.0,0.93,4.89,4BI80
Nadia,Ghanouchi,Female,18,Tunisian,2.52,3.21,4.5,4.63,4BI80
Rania,Zayani,Female,25,Tunisian,1.95,3.0,1.54,2.49,4BI80
Meriem,Cherif,Female,19,Tunisian,0.45,2.34,2.76,1.65,4BI80
Dorra,Trabelsi,Female,20,Tunisian,2.58,1.04,0.64,1.33,4BI80
Bakary,Keita,Male,21,Malian,3.17,4.96,4.04,2.42,4BI80
Hamza,Toumi,Male,20,Tunisian,0.75,1.42,1.83,4.55,4BI80
Skander,Lahmar,Male,25,Tunisian,0.04,0.85,3.59,1.24,4BI80
Hiba,Makni,Female,24,Tunisian,3.61,4.28,2.19,4.65,4BI80
Lotfi,Sassi,Male,24,Tunisian,0.4,4.02,1.14,1.33,4BI80
Ahmed,Haddad,Male,18,Algerian,3.54,1.01,3.91,1.27,4BI80
Mourad,Khlifi,Male,25,Tunisian,3.98,0.76,3.43,3.79,4BI80
Siwar,Ayari,Female,18,Tunisian,1.53,1.06,2.7,4.32,4BI80
Chaima,Chouchene,Female,22,Tunisian,4.33,1.89,2.54,1.75,4BI80
Tarek,Hamdi,Male,43,Tunisian,3.23,0.13,2.81,2.24,4BI80
Wided,Saidi,Female,22,Tunisian,0.17,4.46,4.51,1.54,4BI80
Nour,Chouchene,Female,21,Tunisian,0.89,4.21,0.9,0.72,4BI80
Abdelkader,Slimani,Male,24,Algerian,1.35,2.99,1.2,1.53,4BI80
Yamina,Slimani,Female,25,Algerian,4.89,0.23,1.4,2.91,2P76
Hend,Lahmar,Female,19,Tunisian,3.78,1.87,0.01,0.92,2P76
Bechir,Saidi,Male,22,Tunisian,1.14,1.8,3.33,4.51,2P76
Omar,Toumi,Male,21,Tunisian,3.27,3.83,1.92,3.36,2P76
Lotfi,Slimani,Male,29,Tunisian,0.52,3.69,3.66,1.28,2P76
Hend,Zayani,Female,19,Tunisian,1.42,4.21,2.42,4.71,2P76
Sarra,Haddad,Female,24,Tunisian,4.55,0.46,3.58,4.81,2P76
Kadiatou,Conde,Female,24,Guinean,1.92,3.12,3.88,1.57,2P76
Skander,Haddad,Male,20,Tunisian,2.61,2.82,1.56,1.36,2P76
Anis,Fourati,Male,22,Tunisian,4.07,3.55,3.16,0.67,2P76
Oussama,Sassi,Male,21,Tunisian,0.92,0.31,4.97,0.18,2P76
Zahra,Mansouri,Female,30,Algerian,4.78,1.36,3.17,4.82,2P76
Hela,Ben Ali,Female,23,Tunisian,4.57,2.13,4.24,3.89,2P76
Chokri,Lahmar,Male,18,Tunisian,2.37,4.64,1.06,4.65,2P76
Lobna,Belkhir,Female,19,Tunisian,0.65,2.48,0.88,1.28,2P76
Mehdi,Mabrouk,Male,24,Tunisian,3.21,1.61,4.18,4.26,2P76
Hela,Ammar,Female,24,Tunisian,3.96,1.79,3.15,0.07,2P76
Hela,Mejri,Female,18,Tunisian,1.03,2.42,2.74,0.83,2P76
Rania,Jlassi,Female,25,Tunisian,3.84,1.15,0.24,2.05,2P76
Tarek,Makni,Male,25,Tunisian,1.24,2.69,3.5,1.93,2P76
Aminata,Kone,Female,19,Malian,4.09,3.93,2.76,2.73,2P76
Oussama,Karoui,Male,19,Tunisian,1.63,3.26,1.68,4.11,2P76
Ghada,Mabrouk,Female,19,Tunisian,4.02,1.27,4.49,0.54,2P76
Iheb,Ammar,Male,23,Tunisian,2.47,1.75,2.77,3.11,2P76
Tarek,Turki,Male,22,Tunisian,3.33,2.57,0.98,2.71,2P76
Hedi,Driss,Male,23,Tunisian,2.07,3.35,2.12,4.67,2P76
Rami,Maaloul,Male,22,Tunisian,3.48,2.99,0.56,1.93,2P76
Samira,Chouchene,Female,40,Tunisian,3.76,3.31,2.33,3.89,2P76
Wided,Zayani,Female,25,Tunisian,3.3,2.13,4.06,3.51,2P76
Sami,Ben Salah,Male,18,Tunisian,2.65,2.16,1.01,4.44,2P76
Hend,Ammar,Female,40,Tunisian,3.69,4.8,0.06,1.69,2P76
Lina,Jaziri,Female,23,Tunisian,0.79,3.58,2.79,1.33,2P76
Manel,Rekik,Female,19,Tunisian,1.21,2.05,4.4,3.62,2P76
Sofiene,Rekik,Male,19,Tunisian,4.91,2.26,2.28,4.41,2P76
Hela,Ben Salah,Female,21,Tunisian,0.58,0.21,2.15,2.53,2P76
Karim,Fourati,Male,25,Tunisian,3.9,0.21,1.34,0.43,3B17
Hamza,Chouchene,Male,19,Tunisian,1.36,1.17,0.54,1.16,3B17
Farah,Jlassi,Female,24,Tunisian,1.82,1.95,1.2,3.52,3B17
Rania,Ghanouchi,Female,23,Tunisian,4.73,1.83,3.17,3.92,3B17
Hichem,Lahmar,Male,23,Tunisian,0.81,0.33,4.02,3.25,3B17
Samuel,Ngwa,Male,22,Cameroonian,1.09,1.34,3.13,0.75,3B17
Karim,Hamdi,Male,22,Tunisian,1.47,2.97,3.44,3.89,3B17
Hela,Belkhir,Female,19,Tunisian,1.02,4.9,4.51,0.43,3B17
Leila,Ayari,Female,19,Tunisian,4.46,2.34,0.35,0.87,3B17
Karim,Khemiri,Male,18,Tunisian,0.2,0.56,0.28,2.25,3B17
Sabrine,Slimani,Female,18,Tunisian,2.37,0.08,3.19,1.4,3B17
Amine,Abidi,Male,23,Tunisian,4.5,3.84,1.96,2.06,3B17
Chaima,Zouari,Female,20,Tunisian,4.25,3.32,1.63,0.34,3B17
Sabrine,Karoui,Female,21,Tunisian,4.97,2.78,1.13,2.52,3B17
Ghassen,Hamdi,Male,25,Tunisian,0.66,3.37,0.81,3.23,3B17
Meriem,Trabelsi,Female,20,Tunisian,2.82,0.88,2.62,1.97,3B17
Manel,Bouazizi,Female,24,Tunisian,4.56,3.95,2.73,3.67,3B17
Rania,Driss,Female,19,Tunisian,4.95,1.94,3.77,1.42,3B17
Amina,Ammar,Female,22,Tunisian,0.23,4.39,2.42,2.69,3B17
Walid,Abidi,Male,21,Tunisian,0.05,0.7,1.99,3.08,3B17
Juliette,Hamadou,Female,19,Cameroonian,3.01,0.38,4.99,4.08,3B17
Mourad,Guettari,Male,20,Tunisian,3.08,4.82,3.36,4.73,3B17
Omar,Jebali,Male,24,Tunisian,2.61,2.88,2.29,2.19,3B17
Nabil,Driss,Male,21,Tunisian,0.18,2.46,3.68,2.62,3B17
Bilel,Trabelsi,Male,21,Tunisian,1.53,3.89,0.69,3.97,3B17
Sonia,Chebbi,Female,24,Tunisian,1.22,4.24,1.77,4.11,3B17
Samira,Zouari,Female,22,Tunisian,1.29,3.32,1.83,4.98,3B17
Nadia,Slimani,Female,18,Tunisian,2.75,0.75,0.4,3.8,4DS70
Mariem,Ghanouchi,Female,22,Tunisian,2.27,3.54,0.4,0.13,4DS70
Hiba,Zayani,Female,19,Tunisian,1.3,3.34,2.45,1.25,4DS70
Lassana,Sidibe,Male,22,Malian,4.89,0.81,2.76,2.67,4DS70
Haythem,Mabrouk,Male,22,Tunisian,2.19,0.26,1.7,4.52,4DS70
Karim,Zouari,Male,25,Tunisian,4.44,1.65,2.28,1.26,4DS70
Leila,Turki,Female,20,Tunisian,3.15,3.92,3.72,3.07,4DS70
Meriem,Mansour,Female,24,Tunisian,4.61,1.68,3.27,0.69,4DS70
Foued,Lahmar,Male,19,Tunisian,2.84,2.0,4.41,3.17,4DS70
Chaima,Ben Salah,Female,25,Tunisian,1.42,0.83,3.27,2.61,4DS70
Ghassen,Lahmar,Male,25,Tunisian,2.73,3.72,3.58,4.28,4DS70
Ines,Saidi,Female,23,Tunisian,4.67,0.9,1.62,0.47,4DS70
Lotfi,Gharbi,Male,21,Tunisian,2.92,0.69,1.29,2.24,4DS70
Nabil,Sassi,Male,20,Tunisian,1.62,2.28,1.23,1.14,4DS70
Mohamed,Baccouche,Male,20,Tunisian,0.36,1.08,1.77,1.8,4DS70
Nour,Zayani,Female,19,Tunisian,0.05,1.62,4.41,2.3,4DS70
Iheb,Khemiri,Male,25,Tunisian,2.19,1.46,1.35,0.72,4DS70
Ali,Lahmar,Male,20,Tunisian,4.41,1.79,0.64,4.25,4DS70
Rim,Ayari,Female,23,Tunisian,0.19,3.71,4.12,1.48,4DS70
Nizar,Mansour,Male,22,Tunisian,0.09,1.26,2.88,3.06,4DS70
Zahra,Dahmani,Female,23,Algerian,2.28,1.94,1.61,3.64,4DS70
Nour,Belkhir,Female,23,Tunisian,0.49,3.44,4.76,2.38,4DS70
Meriem,Hamdi,Female,22,Tunisian,0.74,4.3,4.94,2.13,4DS70
Mehdi,Nasri,Male,20,Tunisian,4.24,1.12,3.51,2.9,4DS70
Salma,Hamdi,Female,24,Tunisian,2.26,2.57,1.53,3.18,4DS70
Adel,Zouari,Male,25,Tunisian,3.21,0.4,3.03,1.71,4DS70
Nabil,Zayani,Male,19,Tunisian,4.9,0.1,3.0,4.44,4DS70
Rania,Abidi,Female,24,Tunisian,3.25,0.09,2.38,2.24,4DS70
Yasmine,Cherif,Female,19,Tunisian,3.1,2.98,2.4,1.1,3A86
Marwen,Trabelsi,Male,22,Tunisian,2.91,0.86,0.13,2.65,3A86
Farah,Jaziri,Female,23,Tunisian,3.9,0.94,3.73,2.49,3A86
Ines,Makni,Female,21,Tunisian,2.06,1.75,2.09,1.65,3A86
Foued,Karoui,Male,20,Tunisian,4.1,1.81,3.91,4.78,3A86
Asma,Ben Salah,Female,18,Tunisian,1.36,0.74,3.23,4.62,3A86
Amna,Mohamed,Female,20,Libyan,1.04,2.5,4.31,2.44,3A86
Hichem,Karoui,Male,25,Tunisian,0.74,2.19,1.89,2.61,3A86
Amine,Jaziri,Male,20,Tunisian,0.34,0.99,2.49,3.74,3A86
Wided,Mejri,Female,32,Tunisian,4.93,3.12,2.62,0.16,3A86
Dorra,Zouari,Female,19,Tunisian,3.43,0.97,0.38,3.85,3A86
Cheick,Maiga,Male,19,Malian,2.33,4.43,1.3,1.63,3A86
Eya,Abidi,Female,20,Tunisian,1.34,0.84,4.06,4.93,3A86
Eya,Belkhir,Female,36,Tunisian,0.46,1.55,2.29,1.87,3A86
Rym,Jebali,Female,20,Tunisian,3.32,0.49,2.4,1.91,3A86
Rim,Ghanouchi,Female,18,Tunisian,1.09,1.0,3.39,3.35,3A86
Omar,Chouchene,Male,25,Tunisian,2.38,3.41,4.11,0.22,3A86
Omar,Ben Salah,Male,20,Tunisian,3.07,0.11,4.77,4.45,3A86
Sarra,Saidi,Female,18,Tunisian,0.15,2.66,1.49,3.4,3A86
Chantal,Hamadou,Female,23,Cameroonian,1.28,1.26,1.11,4.9,3A86
Amel,Haddad,Female,24,Tunisian,2.29,3.54,3.31,4.0,3A86
Zaineb,Khlifi,Female,24,Tunisian,2.57,4.21,0.95,2.69,3A86
Ibrahima,Toure,Male,18,Guinean,4.28,1.76,1.78,1.3,3A86
Ines,Baccouche,Female,23,Tunisian,0.02,4.03,4.45,4.21,3A86
Omar,Baccouche,Male,19,Tunisian,2.58,4.48,4.19,3.91,3A86
Fares,Zouari,Male,22,Tunisian,0.38,3.99,1.97,3.99,3A86
Chokri,Jebali,Male,25,Tunisian,4.77,0.85,2.13,2.24,3A86
Mame,Fall,Female,20,Senegalese,3.91,0.98,1.67,3.51,3A86
Manel,Slimani,Female,25,Tunisian,4.95,3.19,3.21,2.2,3A86
Lobna,Ben Ali,Female,22,Tunisian,2.08,0.84,3.09,3.38,4GAMIX18
Sofiene,Jlassi,Male,19,Tunisian,1.4,0.47,3.98,4.12,4GAMIX18
Hedi,Trabelsi,Male,18,Tunisian,4.98,0.9,1.51,0.89,4GAMIX18
Anis,Zayani,Male,25,Tunisian,2.13,4.99,1.4,2.11,4GAMIX18
Rim,Belkhir,Female,25,Tunisian,2.38,3.93,1.81,1.72,4GAMIX18
Chokri,Driss,Male,18,Tunisian,1.83,2.99,1.49,3.0,4GAMIX18
Mehdi,Driss,Male,21,Tunisian,1.03,3.31,4.49,0.69,4GAMIX18
Ghassen,Nasri,Male,20,Tunisian,1.78,3.69,1.59,1.41,4GAMIX18
Zaineb,Rekik,Female,18,Tunisian,4.47,4.97,0.98,2.35,4GAMIX18
Farah,Chebbi,Female,22,Tunisian,0.83,0.64,0.45,0.58,4GAMIX18
Amine,Driss,Male,22,Tunisian,0.87,1.51,1.82,0.67,4GAMIX18
Mariem,Jlassi,Female,19,Tunisian,2.31,1.29,4.59,0.6,4GAMIX18
Thierno,Keita,Male,24,Guinean,2.38,2.62,4.29,2.66,4GAMIX18
Lotfi,Mejri,Male,19,Tunisian,0.19,1.46,0.23,0.47,4GAMIX18
Ahmed,Regragui,Male,24,Moroccan,2.48,1.65,4.62,4.31,4GAMIX18
Fatima,Benali,Female,25,Algerian,3.52,0.29,3.33,3.04,4GAMIX18
Nizar,Belkhir,Male,22,Tunisian,1.53,3.45,1.57,3.79,4GAMIX18
Samira,Abidi,Female,22,Tunisian,2.58,2.87,4.31,1.76,4GAMIX18
Tarek,Driss,Male,24,Tunisian,4.22,3.22,2.67,1.72,4GAMIX18
Nadia,Ben Ali,Female,19,Tunisian,1.84,1.26,3.36,2.15,4GAMIX18
Iheb,Cherif,Male,22,Tunisian,3.95,0.16,2.92,4.91,4GAMIX18
Fatima,Mansouri,Female,25,Algerian,2.65,1.95,3.18,3.48,4GAMIX18
Eya,Turki,Female,20,Tunisian,2.32,0.13,0.79,2.9,4GAMIX18
Hela,Chebbi,Female,23,Tunisian,1.47,3.64,3.17,3.78,4GAMIX18
Oumaima,Mejri,Female,19,Tunisian,4.46,4.25,2.41,0.67,4GAMIX18
Cyrine,Khemiri,Female,23,Tunisian,3.01,0.69,1.24,0.07,4GAMIX18
Adama,Yao,Male,22,Ivorian,2.74,2.74,2.33,0.97,4GAMIX18
Anis,Lahmar,Male,18,Tunisian,0.39,2.83,3.72,4.08,4GAMIX18
Fethi,Saidi,Male,18,Tunisian,2.74,3.61,4.95,0.79,4GAMIX18
Didier,Ngwa,Male,24,Cameroonian,3.63,2.98,1.38,2.31,4GAMIX18
Hedi,Sassi,Male,24,Tunisian,4.46,4.91,1.6,2.46,5DS94
Wassim,Ayari,Male,19,Tunisian,4.53,0.28,3.27,4.75,5DS94
Ali,Baccouche,Male,19,Tunisian,4.11,1.38,4.81,1.21,5DS94
Mohamed,Fourati,Male,21,Tunisian,2.01,0.92,2.69,2.45,5DS94
Amel,Rekik,Female,22,Tunisian,1.76,1.08,0.45,4.96,5DS94
Haythem,Baccouche,Male,23,Tunisian,1.62,0.62,4.27,2.31,5DS94
Siwar,Jlassi,Female,22,Tunisian,3.85,2.05,3.29,3.11,5DS94
Ghada,Gharbi,Female,22,Tunisian,2.26,2.15,1.74,0.38,5DS94
Mourad,Ayari,Male,23,Tunisian,0.82,1.65,2.18,0.75,5DS94
Fares,Nasri,Male,24,Tunisian,2.72,1.62,3.65,1.51,5DS94
Sonia,Bouazizi,Female,21,Tunisian,2.43,4.29,2.04,4.95,5DS94
Hatem,Khlifi,Male,18,Tunisian,4.46,2.34,1.84,2.33,5DS94
Asma,Karoui,Female,32,Tunisian,2.66,1.52,3.97,1.28,5DS94
Amel,Sassi,Female,23,Tunisian,1.63,2.14,4.08,1.87,5DS94
Fouad,Fassi,Male,25,Moroccan,2.89,2.64,4.15,0.86,5DS94
Korotoumou,Sissoko,Female,21,Malian,2.22,1.73,1.19,0.41,5DS94
Ahmed,Belkhir,Male,20,Tunisian,4.94,3.86,2.11,2.09,5DS94
Astou,Diouf,Female,25,Senegalese,4.96,3.63,2.69,4.55,5DS94
Eya,Ayari,Female,38,Tunisian,2.6,0.09,0.38,0.24,5DS94
Hatem,Turki,Male,19,Tunisian,0.34,3.6,3.35,3.99,5DS94
Farah,Maaloul,Female,20,Tunisian,0.03,1.87,3.84,2.29,5DS94
Ahmed,Turki,Male,23,Tunisian,0.04,1.18,1.06,4.55,5DS94
Walid,Driss,Male,18,Tunisian,0.45,1.25,0.3,2.67,5DS94
Tarek,Khemiri,Male,24,Tunisian,4.26,1.46,0.31,4.12,5DS94
Wassim,Zouari,Male,22,Tunisian,2.42,0.93,0.09,1.2,5DS94
Sonia,Makni,Female,23,Tunisian,1.25,0.41,0.11,2.22,5DS94
Tarek,Nasri,Male,21,Tunisian,2.56,0.41,2.34,3.2,5DS94
Chokri,Khlifi,Male,23,Tunisian,4.57,0.73,0.17,2.82,5DS94
Anis,Khemiri,Male,21,Tunisian,0.72,0.62,3.03,3.68,5DS94
Walid,Chebbi,Male,24,Tunisian,4.61,0.34,0.06,0.32,5DS94
Mouna,Rekik,Female,23,Tunisian,3.94,1.04,0.95,2.14,5DS94
Anis,Zouari,Male,20,Tunisian,3.25,2.21,0.49,0.82,5DS94
Anis,Driss,Male,23,Tunisian,3.9,2.62,0.44,2.0,5DS94
Manel,Guettari,Female,22,Tunisian,1.04,0.29,1.52,2.69,4INFINI28
Aymen,Hamdi,Male,25,Tunisian,4.97,3.63,3.29,2.99,4INFINI28
Hedi,Lahmar,Male,18,Tunisian,4.98,0.51,4.5,3.23,4INFINI28
Marwen,Nasri,Male,29,Tunisian,4.77,4.78,3.17,1.96,4INFINI28
Hicham,Berrada,Male,19,Moroccan,0.58,4.62,1.18,3.49,4INFINI28
Abdoulaye,Konan,Male,18,Ivorian,3.61,1.2,3.91,0.06,4INFINI28
Dorra,Ben Ali,Female,20,Tunisian,2.65,1.28,5.0,1.21,4INFINI28
Mouna,Haddad,Female,23,Tunisian,1.92,4.3,0.61,4.3,4INFINI28
Dorra,Ben Salah,Female,22,Tunisian,4.06,4.66,4.93,1.72,4INFINI28
Sami,Guettari,Male,21,Tunisian,0.78,1.16,2.79,3.91,4INFINI28
Hatem,Guettari,Male,35,Tunisian,4.06,4.38,2.49,2.57,4INFINI28
Ghada,Slimani,Female,19,Tunisian,3.52,0.1,0.43,2.96,4INFINI28
Ines,Khemiri,Female,24,Tunisian,2.71,1.25,4.89,0.18,4INFINI28
Zaineb,Belkhir,Female,19,Tunisian,4.44,1.01,1.72,2.93,4INFINI28
Karim,Karoui,Male,38,Tunisian,0.63,1.2,4.63,1.5,4INFINI28
Mariem,Fourati,Female,19,Tunisian,0.82,3.24,3.64,2.14,4INFINI28
Mourad,Maaloul,Male,23,Tunisian,3.83,1.69,2.41,0.72,4INFINI28
Farah,Zouari,Female,25,Tunisian,3.73,0.53,0.79,0.84,4INFINI28
Hiba,Ben Salah,Female,23,Tunisian,2.85,3.28,4.19,4.31,4INFINI28
Chaima,Gharbi,Female,18,Tunisian,4.54,1.76,4.73,2.31,4INFINI28
Rami,Belkhir,Male,19,Tunisian,4.19,0.1,0.91,3.7,4INFINI28
Nadia,Maaloul,Female,23,Tunisian,0.57,2.3,0.2,4.78,4INFINI28
Eya,Ghanouchi,Female,25,Tunisian,0.3,0.63,2.48,3.49,4INFINI28
Dorra,Ayari,Female,23,Tunisian,1.6,0.08,4.53,2.69,4INFINI28
Sami,Zouari,Male,18,Tunisian,0.91,4.78,1.76,4.92,4INFINI28
Ali,Mabrouk,Male,18,Tunisian,0.16,1.58,0.55,4.64,4INFINI28
Siwar,Haddad,Female,23,Tunisian,3.09,3.07,1.87,0.21,4INFINI28
Ali,Mejri,Male,20,Tunisian,0.25,2.86,1.2,4.51,4SAE55
Amar,Messaoudi,Male,19,Algerian,2.5,1.21,0.45,0.98,4SAE55
Zaineb,Jebali,Female,19,Tunisian,3.64,2.96,4.17,2.45,4SAE55
Emna,Lahmar,Female,25,Tunisian,4.15,4.39,0.96,3.56,4SAE55
Oussama,Slimani,Male,23,Tunisian,1.45,2.61,4.36,2.79,4SAE55
Yasmine,Turki,Female,23,Tunisian,3.4,3.51,4.75,2.42,4SAE55
Iheb,Chebbi,Male,18,Tunisian,2.09,3.32,1.71,1.27,4SAE55
Fatma,Nasri,Female,20,Tunisian,2.27,1.61,1.53,2.05,4SAE55
Amine,Ghanouchi,Male,25,Tunisian,4.54,0.51,2.2,3.12,4SAE55
Mouna,Abidi,Female,24,Tunisian,1.15,4.91,3.04,4.94,4SAE55
Fares,Maaloul,Male,21,Tunisian,3.89,1.66,0.52,3.99,4SAE55
Mariem,Bouazizi,Female,25,Tunisian,3.81,0.88,2.08,1.84,4SAE55
Fatma,Hamdi,Female,23,Tunisian,2.08,1.08,2.18,3.03,4SAE55
Fatoumata,Conde,Female,20,Guinean,4.4,0.67,0.85,4.78,4SAE55
Youssef,Benjelloun,Male,31,Moroccan,2.83,0.32,0.22,4.28,4SAE55
Marwen,Mabrouk,Male,24,Tunisian,2.11,1.41,1.96,0.46,4SAE55
Fatiha,Hassani,Female,20,Algerian,1.88,2.35,1.38,4.13,4SAE55
Salma,Chebbi,Female,19,Tunisian,1.25,4.15,4.39,0.9,4SAE55
Fatma,Baccouche,Female,23,Tunisian,2.5,3.05,3.19,2.12,4SAE55
Leila,Haddad,Female,24,Tunisian,1.5,1.42,4.95,3.29,4SAE55
Skander,Trabelsi,Male,25,Tunisian,0.74,0.09,1.9,4.46,4SAE55
Mouna,Khlifi,Female,18,Tunisian,2.49,0.73,2.19,3.81,4SAE55
Rania,Ayari,Female,27,Tunisian,3.65,0.78,0.04,4.18,4SAE55
Ismail,Belkhir,Male,21,Tunisian,3.2,1.64,1.99,4.4,4SAE55
Sonia,Mabrouk,Female,25,Tunisian,3.24,2.34,1.08,3.09,4SAE55
Cyrine,Makni,Female,18,Tunisian,3.29,3.74,3.68,2.72,4SAE55
Adel,Hassan,Male,19,Libyan,0.61,1.21,1.97,0.15,4SAE55
Bintou,Toure,Female,22,Malian,4.42,0.43,1.82,3.37,4SAE55
Hend,Fourati,Female,22,Tunisian,1.7,4.54,3.04,4.26,4SAE55
Naima,Touati,Female,24,Algerian,4.24,0.76,0.8,1.6,5INFINI55
Nizar,Ayari,Male,20,Tunisian,4.86,0.31,2.86,1.31,5INFINI55
Samira,Slimani,Female,21,Tunisian,0.24,2.43,4.55,0.79,5INFINI55
Bechir,Ammar,Male,22,Tunisian,3.15,4.4,1.84,2.32,5INFINI55
Ali,Rekik,Male,21,Tunisian,1.71,2.22,3.97,3.72,5INFINI55
Sabrine,Mabrouk,Female,22,Tunisian,2.15,3.35,0.97,1.82,5INFINI55
Cyrine,Saidi,Female,25,Tunisian,0.96,4.76,4.45,4.96,5INFINI55
Amina,Mabrouk,Female,22,Tunisian,0.55,1.84,1.9,1.35,5INFINI55
Mouna,Ayari,Female,19,Tunisian,4.73,2.83,4.55,2.56,5INFINI55
Nadia,Khemiri,Female,21,Tunisian,4.65,1.53,1.02,0.41,5INFINI55
Amar,Benali,Male,25,Algerian,2.46,4.63,3.97,0.52,5INFINI55
Amine,Bouazizi,Male,18,Tunisian,4.27,1.49,4.86,1.3,5INFINI55
Alpha,Kante,Male,24,Guinean,2.01,3.02,1.09,0.99,5INFINI55
Amina,Slimani,Female,18,Tunisian,2.29,3.6,1.11,0.21,5INFINI55
Mariem,Turki,Female,23,Tunisian,3.47,3.73,3.8,1.53,5INFINI55
Amine,Cherif,Male,21,Tunisian,4.16,4.13,1.01,0.13,5INFINI55
Farah,Driss,Female,23,Tunisian,2.92,2.57,4.44,3.27,5INFINI55
Nadia,Hamdi,Female,20,Tunisian,2.24,0.32,0.36,3.57,5INFINI55
Skander,Jebali,Male,39,Tunisian,4.91,4.95,4.06,0.29,5INFINI55
Farah,Ghanouchi,Female,22,Tunisian,1.21,0.66,4.1,4.66,5INFINI55
Ghassen,Abidi,Male,20,Tunisian,0.92,2.25,1.01,2.02,5INFINI55
Meriem,Ben Ali,Female,22,Tunisian,0.24,3.18,2.8,1.44,5INFINI55
Meriem,Bouazizi,Female,22,Tunisian,4.36,2.23,2.76,1.93,5INFINI55
Fatima,Ramadan,Female,18,Libyan,4.29,3.51,0.32,4.9,5INFINI55
Tarek,Mabrouk,Male,21,Tunisian,2.64,4.34,2.28,4.68,5INFINI55
Nizar,Cherif,Male,24,Tunisian,4.93,1.56,2.97,1.46,5INFINI55
Sarra,Hamdi,Female,18,Tunisian,0.8,2.55,2.7,0.14,5INFINI55
Youssef,Toumi,Male,20,Tunisian,0.87,2.71,3.06,1.19,5INFINI55
Omar,Ammar,Male,23,Tunisian,3.52,5.0,2.3,1.5,5INFINI55
Mariama,Fall,Female,33,Senegalese,1.35,0.32,2.04,0.25,5INFINI55
Nabil,Trabelsi,Male,23,Tunisian,3.72,4.0,0.8,2.94,2P81
Mehdi,Khlifi,Male,19,Tunisian,2.27,1.21,3.78,3.65,2P81
Zied,Driss,Male,24,Tunisian,1.57,3.41,3.53,0.63,2P81
Chokri,Chebbi,Male,21,Tunisian,4.47,1.06,1.92,0.85,2P81
Nadia,Zouari,Female,21,Tunisian,0.62,3.25,0.12,0.7,2P81
Foued,Ben Ali,Male,22,Tunisian,4.86,3.25,3.3,3.87,2P81
Chokri,Gharbi,Male,22,Tunisian,3.57,4.93,4.12,0.44,2P81
Haythem,Chouchene,Male,24,Tunisian,4.9,0.18,1.23,3.53,2P81
Zaineb,Saidi,Female,19,Tunisian,4.67,1.6,2.64,2.75,2P81
Zied,Mansour,Male,20,Tunisian,2.13,3.59,3.76,1.51,2P81
Marwen,Ben Salah,Male,24,Tunisian,2.91,4.64,3.12,4.53,2P81
Cyrine,Hamdi,Female,21,Tunisian,4.28,2.98,3.52,3.27,2P81
Olfa,Zouari,Female,22,Tunisian,3.85,0.55,0.59,4.44,2P81
Karim,Bennani,Male,24,Moroccan,2.6,1.31,1.26,4.47,2P81
Hicham,Regragui,Male,19,Moroccan,4.81,3.84,4.5,4.96,2P81
Karim,Cherif,Male,20,Algerian,3.11,1.08,0.02,0.83,2P81
Foued,Gharbi,Male,25,Tunisian,4.5,0.79,0.03,0.45,2P81
Omar,Mansour,Male,21,Tunisian,4.19,2.8,1.78,2.43,2P81
Said,Saidi,Male,21,Moroccan,4.73,4.67,0.62,1.39,2P81
Oumaima,Chouchene,Female,22,Tunisian,3.19,0.16,3.46,3.14,2P81
Wided,Belkhir,Female,25,Tunisian,2.4,1.0,1.2,2.42,2P81
Khalil,Slimani,Male,19,Tunisian,0.7,4.33,3.81,1.13,2P81
Dorra,Ghanouchi,Female,22,Tunisian,0.27,2.18,3.6,4.63,2P81
Sonia,Toumi,Female,19,Tunisian,1.42,3.19,3.79,3.74,2P81
Wafa,Maaloul,Female,22,Tunisian,0.08,2.53,0.28,2.99,2P81
Nabil,Baccouche,Male,25,Tunisian,1.48,2.67,4.9,2.06,2P81
Yasmine,Mejri,Female,24,Tunisian,2.02,3.64,2.84,3.59,2P81
Iheb,Baccouche,Male,25,Tunisian,4.6,0.23,4.87,4.14,2P81
Marwen,Saidi,Male,18,Tunisian,3.64,1.83,4.77,2.06,2P81
Skander,Jaziri,Male,19,Tunisian,3.07,3.05,2.72,4.3,2P81
Nabil,Jaziri,Male,20,Tunisian,2.13,1.51,4.69,3.22,3A26
Omar,Lahmar,Male,22,Tunisian,2.36,2.26,4.44,1.56,3A26
Fatma,Jebali,Female,23,Tunisian,2.54,0.89,1.87,2.41,3A26
Emna,Belkhir,Female,20,Tunisian,3.71,1.42,1.14,4.65,3A26
Walid,Jlassi,Male,23,Tunisian,4.65,0.43,3.38,2.17,3A26
Cyrine,Ben Salah,Female,21,Tunisian,4.77,2.3,0.72,0.1,3A26
Fares,Toumi,Male,25,Tunisian,1.98,2.56,3.97,4.99,3A26
Djenabou,Kante,Female,21,Guinean,2.49,2.73,3.92,2.4,3A26
Said,Fassi,Male,18,Moroccan,1.69,3.81,0.44,4.42,3A26
Wafa,Toumi,Female,21,Tunisian,2.41,2.85,3.94,0.44,3A26
Mamadou,Diouf,Male,24,Senegalese,3.51,1.49,0.97,1.22,3A26
Modibo,Sissoko,Male,19,Malian,1.67,0.22,0.11,0.67,3A26
Oussama,Hamdi,Male,21,Tunisian,0.2,1.29,2.98,3.46,3A26
Dorra,Saidi,Female,21,Tunisian,1.64,0.45,4.65,2.66,3A26
Ali,Jebali,Male,28,Tunisian,4.62,2.79,2.54,3.82,3A26
Ismail,Karoui,Male,20,Tunisian,1.58,4.0,1.99,0.86,3A26
Ahmed,Slimani,Male,21,Tunisian,2.42,1.19,1.6,4.87,3A26
Ines,Toumi,Female,24,Tunisian,1.09,3.29,1.28,4.83,3A26
Mourad,Ben Ali,Male,22,Tunisian,1.68,1.01,4.68,2.71,3A26
Fares,Makni,Male,19,Tunisian,1.72,0.7,4.1,2.03,3A26
Chokri,Jlassi,Male,25,Tunisian,2.95,2.43,0.48,3.84,3A26
Bechir,Gharbi,Male,22,Tunisian,4.5,1.33,4.98,4.61,3A26
Oussama,Chebbi,Male,25,Tunisian,1.89,0.56,4.59,1.99,3A26
Bechir,Cherif,Male,23,Tunisian,4.12,0.51,4.13,4.63,3A26
Anis,Trabelsi,Male,24,Tunisian,2.43,2.26,4.49,4.49,3A26
Leila,Lahmar,Female,25,Tunisian,0.25,3.18,0.64,1.97,3A26
Wassim,Mejri,Male,25,Tunisian,0.82,0.9,0.31,0.65,3A26
Brahim,Mansouri,Male,24,Algerian,3.27,3.5,2.91,2.6,3A26
Eya,Jebali,Female,25,Tunisian,2.13,3.63,2.88,4.25,3A26
Adel,Rekik,Male,19,Tunisian,2.89,4.46,2.08,1.19,3A26
Dorra,Chebbi,Female,20,Tunisian,3.87,0.64,3.81,0.39,3A26
Hela,Turki,Female,22,Tunisian,1.33,1.07,1.19,0.33,3A26
Mourad,Driss,Male,24,Tunisian,1.02,1.73,1.96,3.26,1A52
Salah,Touati,Male,19,Algerian,0.91,1.77,2.15,3.29,1A52
Nabil,Benjelloun,Male,24,Moroccan,4.74,0.72,2.16,0.85,1A52
Khadija,Fourati,Female,19,Tunisian,0.54,0.74,0.89,0.73,1A52
Rym,Nasri,Female,25,Tunisian,3.94,4.89,2.16,0.91,1A52
Tarek,Jlassi,Male,19,Tunisian,1.76,3.11,3.64,0.19,1A52
Farah,Ayari,Female,18,Tunisian,3.69,2.89,0.85,2.15,1A52
Oussama,Belkhir,Male,21,Tunisian,4.01,1.1,1.61,2.0,1A52
Khalid,Mansouri,Male,20,Moroccan,2.82,4.21,0.69,1.73,1A52
Amel,Makni,Female,22,Tunisian,0.39,1.7,3.86,1.25,1A52
Lobna,Toumi,Female,23,Tunisian,1.94,2.9,4.39,4.4,1A52
Siwar,Baccouche,Female,20,Tunisian,1.37,4.61,3.04,0.81,1A52
Mehdi,Fourati,Male,22,Tunisian,0.96,2.27,2.16,1.41,1A52
Wassim,Maaloul,Male,20,Tunisian,0.0,3.36,2.35,1.02,1A52
Ahmed,Saidi,Male,18,Tunisian,3.94,2.32,4.78,4.27,1A52
Bechir,Chebbi,Male,19,Tunisian,2.16,2.56,1.61,3.89,1A52
Sami,Chouchene,Male,23,Tunisian,0.22,4.17,4.66,1.02,1A52
Sami,Nasri,Male,23,Tunisian,4.77,2.6,3.18,1.93,1A52
Dorra,Bouazizi,Female,18,Tunisian,0.48,0.21,2.0,2.77,1A52
Khalil,Turki,Male,20,Tunisian,0.29,2.15,3.93,1.15,1A52
Asma,Haddad,Female,21,Tunisian,1.77,2.08,1.15,4.11,1A52
Youssef,Ammar,Male,23,Tunisian,4.68,4.46,4.59,3.11,1A52
Wafa,Jaziri,Female,23,Tunisian,1.61,0.83,4.42,2.06,1A52
Wided,Jaziri,Female,24,Tunisian,3.37,1.72,0.37,1.18,1A52
Wassim,Ben Salah,Male,24,Tunisian,1.08,4.16,1.65,2.1,1A52
Skander,Turki,Male,22,Tunisian,0.34,4.99,3.98,0.61,1A52
Ahou,Kone,Female,19,Ivorian,0.06,0.03,2.95,2.39,1A52
Zied,Baccouche,Male,24,Tunisian,4.71,3.23,2.98,1.45,1A52
Zied,Turki,Male,25,Tunisian,2.25,3.37,0.57,0.22,1A52
Sami,Maaloul,Male,19,Tunisian,2.28,2.28,1.69,2.43,1A52
Fares,Haddad,Male,21,Tunisian,2.58,3.64,2.18,0.36,1A52
Lotfi,Lahmar,Male,25,Tunisian,2.78,0.51,1.34,4.75,1A52
Iheb,Fourati,Male,18,Tunisian,2.2,3.73,0.95,4.99,1A52
Nabil,Idrissi,Male,25,Moroccan,3.54,2.79,0.58,1.77,3B77
Nizar,Mejri,Male,25,Tunisian,0.55,2.65,2.97,1.86,3B77
Olfa,Trabelsi,Female,22,Tunisian,0.93,2.72,3.82,4.01,3B77
Aissatou,Traore,Female,19,Guinean,2.54,0.19,3.0,0.57,3B77
Khalid,Alaoui,Male,19,Moroccan,1.87,4.84,1.21,4.71,3B77
Hatem,Toumi,Male,18,Tunisian,2.78,0.2,3.04,2.51,3B77
Lotfi,Trabelsi,Male,24,Tunisian,3.24,4.79,3.0,1.51,3B77
Nizar,Toumi,Male,35,Tunisian,0.56,2.95,0.72,2.31,3B77
Bilel,Cherif,Male,21,Tunisian,4.52,1.25,0.39,0.78,3B77
Rami,Baccouche,Male,19,Tunisian,2.79,0.85,4.48,1.64,3B77
Mariem,Mabrouk,Female,18,Tunisian,3.02,2.28,0.42,3.78,3B77
Karim,Jaziri,Male,19,Tunisian,0.46,1.32,2.28,0.14,3B77
Ghassen,Haddad,Male,22,Tunisian,3.82,3.86,1.67,2.22,3B77
Oumaima,Turki,Female,23,Tunisian,0.73,2.35,4.2,0.61,3B77
Ines,Jebali,Female,23,Tunisian,4.99,0.38,3.35,4.29,3B77
Mehdi,Toumi,Male,21,Tunisian,2.92,1.39,3.42,3.99,3B77
Ali,Zouari,Male,22,Tunisian,0.02,3.95,2.48,4.76,3B77
Houria,Saidi,Female,25,Algerian,1.82,2.69,0.78,3.52,3B77
Aymen,Fourati,Male,25,Tunisian,2.37,1.89,0.18,3.76,3B77
Iheb,Abidi,Male,18,Tunisian,4.96,1.91,1.62,2.71,3B77
Mehdi,Zayani,Male,22,Tunisian,3.6,0.77,2.33,4.06,3B77
Latifa,El Idrissi,Female,21,Moroccan,2.23,0.42,0.41,3.34,3B77
Hicham,Lahlou,Male,18,Moroccan,3.12,3.5,1.11,1.6,3B77
Ali,Makni,Male,22,Tunisian,0.5,4.99,1.12,3.72,3B77
Fatma,Lahmar,Female,24,Tunisian,3.57,3.56,2.95,2.4,3B77
Fatou,Diallo,Female,19,Senegalese,0.35,2.95,0.53,0.37,1A95
Hend,Makni,Female,22,Tunisian,2.96,2.57,4.67,0.2,1A95
Wafa,Baccouche,Female,18,Tunisian,1.27,4.95,4.54,2.84,1A95
Siwar,Saidi,Female,25,Tunisian,4.43,2.62,1.52,0.93,1A95
Mourad,Mansour,Male,20,Tunisian,1.45,2.55,2.48,1.08,1A95
Rym,Ben Ali,Female,22,Tunisian,4.01,3.45,3.73,1.74,1A95
Sabrine,Sassi,Female,23,Tunisian,1.09,4.14,4.19,0.59,1A95
Nour,Hamdi,Female,19,Tunisian,2.7,1.25,3.46,3.53,1A95
Walid,Zouari,Male,20,Tunisian,3.72,1.71,4.64,2.25,1A95
Bechir,Ben Salah,Male,19,Tunisian,0.86,0.56,4.74,3.95,1A95
Meriem,Turki,Female,40,Tunisian,1.41,2.07,1.78,3.92,1A95
Anis,Saidi,Male,24,Tunisian,3.65,2.57,2.66,0.67,1A95
Hiba,Rekik,Female,22,Tunisian,1.02,0.93,4.75,1.29,1A95
Rami,Ammar,Male,22,Tunisian,0.9,1.06,2.04,0.71,1A95
Iman,Abdullah,Female,23,Libyan,0.18,0.08,1.72,1.84,1A95
Olfa,Toumi,Female,23,Tunisian,2.66,3.88,0.19,0.81,1A95
Ghada,Cherif,Female,23,Tunisian,3.98,1.98,3.31,0.97,1A95
Hamza,Mejri,Male,25,Tunisian,3.06,1.74,2.33,4.77,1A95
Salma,Bouazizi,Female,24,Tunisian,2.05,3.7,1.61,3.67,1A95
Mabruka,Ahmed,Female,18,Libyan,1.02,0.74,1.24,4.85,1A95
Fethi,Ben Ali,Male,23,Tunisian,3.19,2.12,3.97,1.49,1A95
Haythem,Ammar,Male,25,Tunisian,2.59,1.07,2.38,0.84,1A95
Zied,Ben Ali,Male,19,Tunisian,1.15,1.63,3.08,2.78,1A95
Bilel,Jaziri,Male,20,Tunisian,3.84,1.95,0.22,3.2,1A95
Meriem,Baccouche,Female,23,Tunisian,3.5,1.26,0.67,0.13,1A95
Khalil,Chebbi,Male,22,Tunisian,1.86,0.64,3.84,0.07,1A95
Asma,Jaziri,Female,25,Tunisian,1.05,0.7,2.31,0.43,1A95
Foued,Maaloul,Male,20,Tunisian,0.28,1.54,4.59,2.06,1A95
Chokri,Hamdi,Male,18,Tunisian,2.73,1.84,2.15,2.82,1A95
Ines,Slimani,Female,24,Tunisian,2.37,4.5,4.57,2.73,1A95
Bechir,Sassi,Male,24,Tunisian,1.56,2.5,1.11,4.05,5DS91
Hedi,Haddad,Male,20,Tunisian,4.79,4.4,2.55,2.71,5DS91
Zaineb,Driss,Female,18,Tunisian,0.65,3.43,4.81,1.61,5DS91
Zied,Chouchene,Male,24,Tunisian,3.83,0.8,3.73,3.48,5DS91
Mehdi,Guettari,Male,22,Tunisian,1.45,0.65,3.99,2.39,5DS91
Farah,Karoui,Female,22,Tunisian,4.6,2.14,4.28,0.84,5DS91
Youssef,Guettari,Male,21,Tunisian,0.95,2.95,0.84,0.05,5DS91
Chaima,Makni,Female,19,Tunisian,1.09,2.43,1.76,1.0,5DS91
Anis,Haddad,Male,25,Tunisian,4.57,4.35,4.25,0.82,5DS91
Amina,Nasri,Female,22,Tunisian,4.14,3.65,0.74,4.05,5DS91
Bechir,Ghanouchi,Male,21,Tunisian,4.67,1.34,1.34,4.76,5DS91
Olfa,Sassi,Female,19,Tunisian,2.2,2.21,2.27,1.19,5DS91
Nour,Ben Salah,Female,23,Tunisian,4.89,0.75,1.91,2.68,5DS91
Astou,Sarr,Female,22,Senegalese,0.09,0.41,0.78,0.24,5DS91
Manel,Mabrouk,Female,19,Tunisian,3.29,0.63,4.13,3.21,5DS91
Yasmine,Toumi,Female,20,Tunisian,4.28,4.34,4.83,0.15,5DS91
Anis,Hamdi,Male,39,Tunisian,0.79,1.1,1.14,3.61,5DS91
Kadiatou,Traore,Female,19,Malian,0.73,4.72,1.86,1.05,5DS91
Walid,Maaloul,Male,23,Tunisian,4.13,1.31,3.26,1.38,5DS91
Hiba,Hamdi,Female,24,Tunisian,2.76,1.57,2.24,0.05,5DS91
Fethi,Zouari,Male,23,Tunisian,1.31,4.09,3.75,4.19,5DS91
Wided,Sassi,Female,18,Tunisian,1.17,3.72,1.5,2.48,5DS91
Lassana,Sissoko,Male,22,Malian,1.51,0.01,4.69,4.07,5DS91
Amina,Khlifi,Female,18,Tunisian,1.41,4.05,3.35,3.05,5DS91
Manel,Chouchene,Female,23,Tunisian,3.92,1.6,3.43,3.0,5DS91
Dorra,Guettari,Female,21,Tunisian,1.99,2.44,4.14,3.0,5DS91
Amine,Haddad,Male,21,Tunisian,1.19,4.42,0.2,1.07,5DS91
Foued,Ben Salah,Male,24,Tunisian,4.13,2.6,3.32,2.21,5DS91
Mourad,Saidi,Male,21,Tunisian,0.89,0.68,4.86,4.49,5DS91
Karim,Haddad,Male,31,Tunisian,0.94,3.85,1.6,0.56,5DS91
Fatma,Gharbi,Female,21,Tunisian,0.32,1.9,3.1,0.35,5DS91
Mourad,Mabrouk,Male,23,Tunisian,1.15,4.8,0.9,0.26,5DS91
Bilel,Khlifi,Male,23,Tunisian,1.01,3.98,2.91,1.9,5DS91
Hatem,Maaloul,Male,23,Tunisian,4.05,2.54,3.54,2.53,5DS91
Sarra,Toumi,Female,25,Tunisian,2.89,4.9,2.86,0.54,2P43
Bechir,Jebali,Male,23,Tunisian,3.81,0.15,3.88,3.8,2P43
Lobna,Jebali,Female,25,Tunisian,0.09,3.92,4.07,0.12,2P43
Khalil,Karoui,Male,22,Tunisian,4.97,3.14,4.35,2.05,2P43
Amel,Guettari,Female,18,Tunisian,1.23,3.64,2.89,2.68,2P43
Sabrine,Makni,Female,20,Tunisian,3.98,1.02,1.17,4.7,2P43
Khalil,Maaloul,Male,24,Tunisian,0.05,4.04,3.74,0.7,2P43
Skander,Belkhir,Male,18,Tunisian,4.56,3.07,3.94,3.04,2P43
Marwen,Mansour,Male,22,Tunisian,3.72,2.83,3.13,4.76,2P43
Bouchra,Benjelloun,Female,19,Moroccan,3.0,3.56,2.7,3.96,2P43
Manel,Zouari,Female,21,Tunisian,4.91,1.12,1.46,1.29,2P43
Hend,Mabrouk,Female,25,Tunisian,4.55,4.77,1.83,1.08,2P43
Fatma,Toumi,Female,24,Tunisian,0.55,4.26,2.48,1.1,2P43
Tarek,Bouazizi,Male,25,Tunisian,2.69,2.24,4.3,2.22,2P43
Leila,Ammar,Female,18,Tunisian,3.62,3.92,2.03,1.16,2P43
Ali,Yahiaoui,Male,19,Algerian,4.8,4.0,0.31,1.29,2P43
Mouna,Sassi,Female,24,Tunisian,1.38,4.78,2.7,2.62,2P43
Bilel,Mejri,Male,23,Tunisian,1.47,1.7,1.58,4.86,2P43
Karim,Jebali,Male,18,Tunisian,0.91,2.13,1.73,4.64,2P43
Tarek,Gharbi,Male,23,Tunisian,0.34,2.0,2.56,4.92,2P43
Nizar,Jebali,Male,19,Tunisian,1.24,1.1,2.87,4.53,2P43
Hela,Zayani,Female,19,Tunisian,3.24,1.07,4.98,1.41,2P43
Awa,Konan,Female,19,Ivorian,1.84,4.99,1.8,1.65,2P43
Youssef,Bennani,Male,22,Moroccan,1.24,3.12,3.9,1.78,2P43
Oumaima,Khlifi,Female,19,Tunisian,4.11,4.75,4.29,2.67,2P43
Moussa,Dembele,Male,19,Malian,4.13,1.73,4.56,2.27,2P43
Mehdi,Hamdi,Male,20,Tunisian,1.06,2.26,3.64,0.76,2P43
Ghada,Baccouche,Female,18,Tunisian,4.58,0.45,0.31,4.96,2P43
Samira,Ayari,Female,38,Tunisian,0.45,4.82,0.91,3.25,2P43
Mustafa,Omar,Male,23,Libyan,2.63,4.83,0.21,2.24,2P43
Chaima,Fourati,Female,34,Tunisian,2.54,2.07,0.22,1.86,2P43
Nizar,Chebbi,Male,25,Tunisian,0.99,2.23,0.07,3.25,2A99
Youssef,Khemiri,Male,23,Tunisian,4.66,0.96,4.47,0.63,2A99
Kouassi,Traore,Male,22,Ivorian,0.05,0.88,4.73,3.95,2A99
Awa,Fall,Female,20,Senegalese,2.76,2.88,2.76,1.95,2A99
Iheb,Maaloul,Male,18,Tunisian,1.94,0.68,3.61,1.92,2A99
Mourad,Khemiri,Male,22,Tunisian,1.8,2.2,4.29,1.61,2A99
Zaineb,Trabelsi,Female,18,Tunisian,4.53,3.84,3.09,1.2,2A99
Aymen,Makni,Male,22,Tunisian,4.41,0.3,0.71,4.39,2A99
Daouda,Diallo,Male,22,Ivorian,1.34,2.38,4.5,4.33,2A99
Hend,Mansour,Female,20,Tunisian,0.18,3.85,3.79,0.81,2A99
Foued,Khlifi,Male,42,Tunisian,1.58,3.29,3.46,2.36,2A99
Nizar,Slimani,Male,21,Tunisian,1.89,3.85,3.8,0.76,2A99
Farah,Baccouche,Female,24,Tunisian,3.6,1.94,2.57,1.06,2A99
Leila,Lahlou,Female,18,Moroccan,1.59,0.19,3.3,0.89,2A99
Nizar,Abidi,Male,22,Tunisian,4.36,4.9,0.84,2.52,2A99
Haythem,Saidi,Male,19,Tunisian,3.12,3.55,3.78,3.57,2A99
Leila,Nasri,Female,22,Tunisian,3.98,2.83,0.05,4.07,2A99
Rym,Maaloul,Female,24,Tunisian,0.88,1.59,3.92,4.75,2A99
Nour,Toumi,Female,23,Tunisian,1.86,3.99,0.33,1.93,2A99
Zaineb,Jaziri,Female,18,Tunisian,4.92,0.33,3.76,0.05,2A99
Chokri,Saidi,Male,23,Tunisian,4.78,3.19,0.97,3.83,2A99
Ghassen,Chouchene,Male,20,Tunisian,1.87,1.87,2.82,2.3,2A99
Oumaima,Trabelsi,Female,19,Tunisian,3.21,0.54,2.48,2.39,2A99
Lobna,Mansour,Female,20,Tunisian,0.95,0.3,1.39,4.89,2A99
Manel,Jaziri,Female,25,Tunisian,1.83,3.33,1.87,4.7,2A99
Modou,Sow,Male,21,Senegalese,0.73,4.51,1.9,0.71,2A99
Wassim,Gharbi,Male,18,Tunisian,3.98,1.71,0.54,4.28,2A99
Mohamed,Rekik,Male,24,Tunisian,3.54,4.69,1.96,1.68,2A75
Sofiene,Makni,Male,26,Tunisian,0.58,4.09,2.24,1.47,2A75
Wided,Guettari,Female,22,Tunisian,3.74,4.46,1.14,0.87,2A75
Aymen,Baccouche,Male,22,Tunisian,0.23,3.76,4.07,1.3,2A75
Khalil,Abidi,Male,19,Tunisian,1.72,0.6,4.06,4.33,2A75
Ismail,Mansour,Male,25,Tunisian,1.15,0.71,0.68,2.79,2A75
Adel,Bouazizi,Male,18,Tunisian,0.75,4.74,0.39,2.56,2A75
Ahmed,Rahmani,Male,24,Algerian,1.6,0.03,4.34,4.75,2A75
Youssef,Jebali,Male,18,Tunisian,4.93,4.47,2.81,0.15,2A75
Adel,Abidi,Male,23,Tunisian,0.6,2.81,4.85,1.31,2A75
Mariem,Jaziri,Female,21,Tunisian,2.15,1.76,4.68,0.73,2A75
Oussama,Ben Ali,Male,32,Tunisian,0.8,0.95,2.57,0.27,2A75
Adel,Trabelsi,Male,25,Tunisian,3.92,1.91,1.03,2.6,2A75
Oussama,Turki,Male,23,Tunisian,0.6,0.83,0.31,1.15,2A75
Oussama,Jebali,Male,24,Tunisian,3.29,1.65,0.5,0.5,2A75
Mouna,Belkhir,Female,19,Tunisian,4.78,2.99,3.89,4.63,2A75
Pape,Gueye,Male,24,Senegalese,2.81,0.13,4.49,4.73,2A75
Asma,Jebali,Female,19,Tunisian,3.86,2.87,0.56,3.89,2A75
Fares,Fourati,Male,24,Tunisian,3.38,1.24,0.09,4.15,2A75
Amel,Gharbi,Female,21,Tunisian,3.81,1.12,3.7,1.92,2A75
Bilel,Lahmar,Male,21,Tunisian,1.87,0.21,3.6,2.44,2A75
Youssef,Ben Ali,Male,18,Tunisian,3.14,3.11,4.79,3.22,2A75
Amel,Belkhir,Female,25,Tunisian,2.83,3.23,1.85,2.44,2A75
Haythem,Lahmar,Male,23,Tunisian,4.44,1.82,0.35,1.74,2A75
Nathalie,Ngwa,Female,25,Cameroonian,0.07,0.1,0.98,1.23,2A75
Yasmine,Haddad,Female,20,Tunisian,1.6,1.9,1.21,2.23,2A75
Adel,Chouchene,Male,19,Tunisian,2.21,4.57,1.08,4.24,2A75
Meriem,Abidi,Female,18,Tunisian,4.8,2.08,4.49,0.65,2A75
Iheb,Mabrouk,Male,23,Tunisian,2.25,4.53,4.04,0.88,2A75
Hatem,Cherif,Male,20,Tunisian,0.09,4.61,4.43,0.79,2A75
Dorra,Mejri,Female,24,Tunisian,4.22,0.88,1.17,2.84,2A75
Mouna,Makni,Female,25,Tunisian,4.01,3.2,4.68,4.74,3A24
Fatma,Karoui,Female,25,Tunisian,0.15,2.07,3.24,1.62,3A24
Manel,Fourati,Female,25,Tunisian,0.72,0.87,4.33,3.01,3A24
Khalil,Rekik,Male,25,Tunisian,3.4,3.69,3.44,0.28,3A24
Nadia,Berrada,Female,21,Moroccan,3.12,4.4,3.84,4.27,3A24
Omar,Khlifi,Male,19,Tunisian,4.62,3.8,1.81,3.4,3A24
Mourad,Slimani,Male,22,Tunisian,2.61,1.63,3.65,1.14,3A24
Oussama,Bouazizi,Male,25,Tunisian,0.13,2.58,2.92,4.13,3A24
Sarra,Slimani,Female,43,Tunisian,2.72,1.98,2.72,1.8,3A24
Khalil,Mabrouk,Male,25,Tunisian,5.0,4.56,1.79,2.74,3A24
Amine,Ayari,Male,22,Tunisian,0.17,0.55,1.17,4.31,3A24
Bechir,Makni,Male,19,Tunisian,4.69,1.61,3.09,3.94,3A24
Ahmed,El Idrissi,Male,23,Moroccan,1.22,4.96,0.9,4.57,3A24
Jeanne,Oumarou,Female,19,Cameroonian,1.66,1.97,2.68,3.37,3A24
Ismail,Rekik,Male,24,Tunisian,4.69,3.15,0.02,4.34,3A24
Jamal,Fassi,Male,25,Moroccan,3.54,2.77,4.22,0.67,3A24
Mohamed,Jebali,Male,23,Tunisian,4.89,2.38,4.54,0.23,3A24
Nizar,Chouchene,Male,21,Tunisian,0.14,3.0,4.63,2.97,3A24
Chaima,Toumi,Female,24,Tunisian,2.49,3.38,4.17,4.45,3A24
Konan,Diallo,Male,18,Ivorian,2.5,1.44,2.06,3.7,3A24
Andre,Hamadou,Male,21,Cameroonian,4.89,1.87,2.43,1.66,3A24
Ahmed,Rekik,Male,21,Tunisian,1.86,0.12,4.41,0.57,3A24
Rym,Abidi,Female,23,Tunisian,3.32,4.98,4.82,0.46,3A24
Olfa,Guettari,Female,21,Tunisian,0.36,2.53,0.18,3.05,3A24
Mouna,Lahmar,Female,24,Tunisian,2.63,2.75,0.76,0.32,3A24
Anis,Toumi,Male,18,Tunisian,2.85,1.9,2.2,0.75,3A24
Sofiene,Bouazizi,Male,18,Tunisian,1.3,2.67,1.4,0.65,3A24
Fatima,Messaoudi,Female,25,Algerian,2.61,3.0,4.38,3.42,3A24
Meriem,Sassi,Female,25,Tunisian,3.54,2.31,3.21,1.79,3A24
Salma,Osman,Female,25,Libyan,3.77,3.9,3.54,3.12,3A24
Emna,Slimani,Female,21,Tunisian,0.74,1.0,1.64,4.27,3A24
Ahmed,Guettari,Male,43,Tunisian,3.35,2.58,0.75,3.9,3A24
Anis,Bouazizi,Male,20,Tunisian,0.71,3.83,4.03,4.33,3A24
Sarra,Cherif,Female,18,Tunisian,0.46,0.33,3.73,1.33,3A24
Leila,Zayani,Female,23,Tunisian,2.97,0.08,3.29,3.97,3A24
Hend,Ben Ali,Female,23,Tunisian,2.41,0.29,1.04,1.15,5BI71
Sofiene,Hamdi,Male,33,Tunisian,2.45,3.39,2.06,1.12,5BI71
Samira,Bouazizi,Female,24,Tunisian,1.13,3.3,4.01,2.88,5BI71
Hichem,Maaloul,Male,22,Tunisian,2.02,0.58,1.86,2.35,5BI71
Amel,Ben Salah,Female,26,Tunisian,4.44,1.96,1.21,3.56,5BI71
Bechir,Jaziri,Male,20,Tunisian,2.63,4.0,4.34,4.9,5BI71
Wafa,Mabrouk,Female,20,Tunisian,0.84,1.92,0.19,2.31,5BI71
Lobna,Abidi,Female,22,Tunisian,3.67,4.42,1.16,2.34,5BI71
Ahou,Coulibaly,Female,20,Ivorian,3.53,4.35,3.34,0.75,5BI71
Abdoulaye,Coulibaly,Male,19,Ivorian,1.03,1.37,2.31,2.16,5BI71
Hedi,Jebali,Male,23,Tunisian,1.76,0.55,4.47,2.9,5BI71
Chaima,Ghanouchi,Female,19,Tunisian,2.24,1.03,3.33,0.34,5BI71
Olfa,Bouazizi,Female,24,Tunisian,4.13,4.08,3.2,2.24,5BI71
Omar,Karoui,Male,25,Tunisian,4.31,2.96,1.59,3.63,5BI71
Nizar,Ammar,Male,23,Tunisian,0.56,4.53,1.5,4.27,5BI71
Hamza,Haddad,Male,38,Tunisian,1.22,1.55,3.39,3.91,5BI71
Adel,Khlifi,Male,19,Tunisian,4.73,1.83,4.06,2.86,5BI71
Mouna,Gharbi,Female,23,Tunisian,4.75,3.19,4.58,4.54,5BI71
Zied,Zayani,Male,21,Tunisian,1.56,3.93,1.27,2.34,5BI71
Rym,Khlifi,Female,22,Tunisian,2.76,1.59,4.49,2.41,5BI71
Serge,Kamga,Male,20,Cameroonian,0.38,4.83,4.73,1.05,5BI71
Aymen,Maaloul,Male,19,Tunisian,2.25,1.49,3.75,2.4,5BI71
Lina,Khemiri,Female,22,Tunisian,3.17,0.53,2.55,2.18,5BI71
Khalil,Hamdi,Male,21,Tunisian,2.8,2.08,3.51,1.91,5BI71
Zaineb,Ammar,Female,19,Tunisian,2.7,3.65,3.02,3.84,5BI71
Djillali,Dahmani,Male,20,Algerian,3.19,3.33,0.55,0.91,5BI71
Chaima,Bouazizi,Female,20,Tunisian,1.64,1.38,2.5,4.36,5BI71
Tarek,Haddad,Male,23,Tunisian,1.02,4.02,1.6,0.65,5BI71
Amine,Sassi,Male,24,Tunisian,3.25,0.96,2.95,1.29,5BI71
Rami,Gharbi,Male,21,Tunisian,0.05,0.51,0.7,4.72,5BI71
Mehdi,Slimani,Male,23,Tunisian,4.65,0.35,2.73,4.13,5BI71
Dorra,Baccouche,Female,21,Tunisian,3.27,1.29,0.4,0.81,2A15
Salah,Mansur,Male,20,Libyan,3.02,2.8,0.48,3.96,2A15
Chokri,Bouazizi,Male,18,Tunisian,2.13,4.99,2.96,1.99,2A15
Omar,Maaloul,Male,19,Tunisian,1.81,1.42,3.87,1.62,2A15
Amina,Bouazizi,Female,25,Tunisian,4.28,4.68,3.82,1.2,2A15
Emna,Guettari,Female,22,Tunisian,2.81,2.82,3.37,3.61,2A15
Foued,Turki,Male,23,Tunisian,0.0,4.64,3.05,1.12,2A15
Mouna,Chouchene,Female,21,Tunisian,3.24,3.23,3.9,2.44,2A15
Amel,Mabrouk,Female,21,Tunisian,3.49,2.06,4.07,0.08,2A15
Hichem,Fourati,Male,22,Tunisian,2.15,2.56,3.29,2.34,2A15
Wassim,Karoui,Male,20,Tunisian,3.33,4.86,4.2,3.69,2A15
Meriem,Haddad,Female,21,Tunisian,0.93,3.54,2.29,4.3,2A15
Rania,Haddad,Female,19,Tunisian,4.67,1.02,2.53,3.76,2A15
Hichem,Khlifi,Male,24,Tunisian,4.51,1.24,3.28,4.7,2A15
Mariem,Abidi,Female,20,Tunisian,4.55,1.17,1.6,0.31,2A15
Skander,Abidi,Male,19,Tunisian,0.96,0.41,2.65,2.43,2A15
Ali,Maaloul,Male,20,Tunisian,2.64,0.65,1.16,2.33,2A15
Aboubacar,Toure,Male,23,Guinean,1.37,4.89,3.69,1.76,2A15
Aliou,Thiam,Male,19,Senegalese,0.54,4.55,4.94,3.57,2A15
Lotfi,Fourati,Male,18,Tunisian,2.91,2.4,1.06,4.74,2A15
Sami,Ben Ali,Male,42,Tunisian,0.25,0.89,0.38,0.25,2A15
Skander,Chouchene,Male,25,Tunisian,1.15,0.3,1.59,0.96,2A15
Mariama,Ba,Female,19,Senegalese,3.71,2.4,4.06,0.45,2A15
Dorra,Sassi,Female,25,Tunisian,1.54,0.84,2.63,2.66,2A15
Rania,Slimani,Female,18,Tunisian,2.64,4.36,2.48,2.62,2A15
Cyrine,Ghanouchi,Female,19,Tunisian,0.82,0.33,4.76,2.26,2A15
Bilel,Zayani,Male,24,Tunisian,2.16,0.78,0.06,0.19,2A15
Hend,Belkhir,Female,21,Tunisian,3.29,0.78,2.47,4.93,2A15
Olfa,Nasri,Female,25,Tunisian,0.29,1.66,4.02,2.39,2A15
Amine,Toumi,Male,24,Tunisian,2.42,0.67,1.17,4.16,2A15
Lina,Lahmar,Female,19,Tunisian,0.29,3.92,3.41,3.07,2A15
Ali,Messaoudi,Male,19,Algerian,4.13,0.46,1.93,2.18,2A15
Hatem,Slimani,Male,20,Tunisian,2.32,0.38,0.83,0.43,2A37
Sabrine,Mansour,Female,41,Tunisian,0.12,0.16,0.04,0.61,2A37
Yao,Bamba,Male,19,Ivorian,1.58,0.28,3.81,1.55,2A37
Mourad,Nasri,Male,24,Tunisian,2.91,1.71,1.39,3.1,2A37
Abdoulaye,Diallo,Male,20,Ivorian,1.18,0.84,1.09,1.82,2A37
Farah,Turki,Female,24,Tunisian,1.37,0.05,0.91,4.39,2A37
Ines,Zouari,Female,20,Tunisian,3.38,3.96,4.68,4.71,2A37
Lobna,Mabrouk,Female,23,Tunisian,2.55,4.69,2.73,0.1,2A37
Nizar,Hamdi,Male,25,Tunisian,0.12,2.21,3.79,2.83,2A37
Zied,Slimani,Male,18,Tunisian,1.08,0.44,3.96,0.55,2A37
Lamine,Cisse,Male,20,Senegalese,0.69,1.36,2.18,2.69,2A37
Marwen,Makni,Male,21,Tunisian,3.91,2.8,0.48,1.01,2A37
Walid,Zayani,Male,21,Tunisian,2.91,1.56,3.03,1.3,2A37
Salma,Makni,Female,20,Tunisian,4.07,2.09,2.51,0.14,2A37
Wided,Rekik,Female,20,Tunisian,0.71,3.78,2.67,4.33,2A37
Mariem,Nasri,Female,19,Tunisian,2.53,3.4,0.13,4.99,2A37
Nour,Mansour,Female,19,Tunisian,1.31,4.14,1.58,2.97,2A37
Lina,Belkhir,Female,19,Tunisian,2.85,1.15,2.18,4.24,2A37
Bechir,Abidi,Male,20,Tunisian,3.03,4.53,1.98,3.57,2A37
Asma,Lahmar,Female,21,Tunisian,1.27,2.08,0.74,0.63,2A37
Lina,Khlifi,Female,22,Tunisian,3.66,1.07,4.66,1.14,2A37
Nour,Bouazizi,Female,19,Tunisian,2.13,1.95,4.69,4.57,2A37
Youssef,Haddad,Male,21,Tunisian,4.25,0.2,0.51,1.7,2A37
Ahmed,Ammar,Male,23,Tunisian,1.27,1.55,1.78,2.85,2A37
Michel,Abanda,Male,24,Cameroonian,0.85,2.58,2.4,2.98,2A37
Skander,Cherif,Male,18,Tunisian,0.54,3.09,4.34,1.45,2A37
Nadia,Mansur,Female,21,Libyan,3.7,2.96,0.17,4.02,2A37
Hedi,Zayani,Male,25,Tunisian,1.91,3.24,0.83,0.91,2A37
Lobna,Chebbi,Female,21,Tunisian,0.26,2.7,2.07,0.5,1A90
Fatou,Gueye,Female,22,Senegalese,2.68,4.01,3.05,3.22,1A90
Skander,Makni,Male,20,Tunisian,3.25,0.49,3.48,2.41,1A90
Aymen,Ammar,Male,25,Tunisian,2.87,0.06,1.8,1.04,1A90
Fode,Conde,Male,19,Guinean,3.72,2.08,1.07,4.05,1A90
Naima,Benali,Female,23,Algerian,3.09,2.14,2.12,4.27,1A90
Amel,Toumi,Female,19,Tunisian,4.05,1.08,2.48,1.37,1A90
Mohamed,Driss,Male,22,Tunisian,2.91,3.53,4.19,0.16,1A90
Manel,Maaloul,Female,26,Tunisian,0.44,1.73,3.5,0.48,1A90
Walid,Sassi,Male,20,Tunisian,0.76,1.53,3.09,4.89,1A90
Kouassi,Kone,Male,21,Ivorian,2.23,4.65,4.05,2.23,1A90
Olivier,Moussa,Male,22,Cameroonian,1.29,2.69,2.99,4.45,1A90
Salma,Karoui,Female,19,Tunisian,2.52,4.24,0.0,2.05,1A90
Marwen,Ben Ali,Male,22,Tunisian,2.49,2.89,0.47,3.26,1A90
Yasmine,Slimani,Female,21,Tunisian,2.46,0.97,1.35,2.95,1A90
Hichem,Guettari,Male,18,Tunisian,1.98,3.62,4.05,1.84,1A90
Amar,Rahmani,Male,20,Algerian,0.16,2.7,0.58,3.8,1A90
Bechir,Zayani,Male,19,Tunisian,1.88,3.08,4.46,3.38,1A90
Rania,Ben Ali,Female,22,Tunisian,0.97,0.01,2.24,1.05,1A90
Anis,Karoui,Male,23,Tunisian,2.22,1.58,2.28,1.43,1A90
Ibrahima,Cisse,Male,27,Senegalese,3.74,3.13,1.44,4.7,1A90
Bechir,Lahmar,Male,24,Tunisian,1.48,3.18,2.53,0.18,1A90
Nadia,Cherif,Female,25,Tunisian,1.83,3.73,0.48,2.73,1A90
Hend,Gharbi,Female,20,Tunisian,3.81,0.28,1.41,4.55,1A90
Wassim,Driss,Male,19,Tunisian,2.25,3.75,0.82,3.68,1A90
Adjoua,Yao,Female,18,Ivorian,3.19,3.04,3.89,4.01,1A90
Haythem,Karoui,Male,22,Tunisian,3.73,1.43,1.1,0.97,1A90
Hawa,Sow,Female,25,Guinean,3.4,0.24,4.92,4.33,1A90
Chokri,Abidi,Male,23,Tunisian,2.24,0.74,1.7,0.39,1A90
Olfa,Haddad,Female,19,Tunisian,0.57,0.37,2.76,0.34,1A90
Ndeye,Diop,Female,24,Senegalese,0.24,0.08,4.91,4.09,1A90
Amina,Fourati,Female,21,Tunisian,4.86,4.47,3.16,0.84,1A90
Oumaima,Saidi,Female,29,Tunisian,2.77,3.14,3.66,4.56,1A90
Sami,Fourati,Male,20,Tunisian,0.91,0.16,3.65,4.68,1A90
Bilel,Mansour,Male,20,Tunisian,0.2,1.67,3.47,1.72,1A90
Wassim,Jebali,Male,23,Tunisian,2.97,3.31,2.81,1.17,4INFINI62
Rami,Haddad,Male,21,Tunisian,2.31,1.52,1.58,1.08,4INFINI62
Rym,Haddad,Female,20,Tunisian,1.46,1.35,3.22,3.53,4INFINI62
Rami,Chouchene,Male,23,Tunisian,2.88,3.69,3.53,2.83,4INFINI62
Sami,Khlifi,Male,18,Tunisian,0.91,3.69,4.83,3.77,4INFINI62
Latifa,Benjelloun,Female,23,Moroccan,2.41,1.32,4.59,3.89,4INFINI62
Anis,Belkhir,Male,21,Tunisian,2.26,1.59,0.83,2.3,4INFINI62
Eya,Hamdi,Female,25,Tunisian,4.09,3.8,2.85,1.86,4INFINI62
Awa,Sow,Female,22,Senegalese,1.48,0.81,4.61,2.17,4INFINI62
Hamza,Cherif,Male,25,Tunisian,2.45,1.03,4.1,4.39,4INFINI62
Rym,Ghanouchi,Female,18,Tunisian,0.95,2.95,3.43,0.48,4INFINI62
Siwar,Lahmar,Female,18,Tunisian,0.88,0.83,0.59,2.02,4INFINI62
Wafa,Makni,Female,23,Tunisian,1.25,3.74,0.05,0.2,4INFINI62
Ghada,Jaziri,Female,22,Tunisian,2.16,1.39,0.94,3.7,4INFINI62
Wafa,Jlassi,Female,21,Tunisian,0.11,1.22,4.69,3.07,4INFINI62
Samuel,Njoya,Male,23,Cameroonian,1.78,1.51,4.74,3.74,4INFINI62
Fouad,Haddad,Male,19,Moroccan,4.34,4.43,2.07,3.77,4INFINI62
Samira,Sassi,Female,21,Tunisian,1.09,4.72,3.61,0.58,4INFINI62
Mehdi,Rekik,Male,25,Tunisian,4.35,3.76,4.42,3.7,4INFINI62
Rim,Jebali,Female,23,Tunisian,2.58,4.34,2.0,0.46,4INFINI62
Rami,Trabelsi,Male,45,Tunisian,3.51,2.73,2.96,2.77,4INFINI62
Samira,Mejri,Female,24,Tunisian,3.11,0.07,4.77,4.08,4INFINI62
Hedi,Belkhir,Male,22,Tunisian,3.56,2.77,1.78,4.42,4INFINI62
Amel,Ghanouchi,Female,24,Tunisian,1.8,3.03,2.8,2.38,4INFINI62
Sofiene,Lahmar,Male,19,Tunisian,2.33,4.55,4.54,2.57,4INFINI62
Sarra,Ben Salah,Female,18,Tunisian,1.35,3.71,4.42,2.25,4INFINI62
Tarek,Sassi,Male,23,Tunisian,2.4,2.43,2.23,1.88,4INFINI62
Haythem,Chebbi,Male,23,Tunisian,4.26,2.19,3.34,3.72,4INFINI62
Haythem,Haddad,Male,25,Tunisian,0.6,4.99,4.24,1.44,5SE66
Rania,Turki,Female,25,Tunisian,0.95,4.13,2.89,3.4,5SE66
Mouna,Khemiri,Female,24,Tunisian,4.44,2.81,1.55,4.84,5SE66
Imane,Alaoui,Female,19,Moroccan,1.06,2.36,1.25,2.99,5SE66
Lina,Ben Salah,Female,23,Tunisian,1.35,1.54,0.8,4.36,5SE66
Tarek,Zouari,Male,21,Tunisian,1.11,4.53,2.4,0.63,5SE66
Sarra,Makni,Female,22,Tunisian,2.87,2.13,2.65,4.75,5SE66
Fatma,Sassi,Female,36,Tunisian,0.08,0.33,1.19,4.78,5SE66
Mariam,Coulibaly,Female,21,Ivorian,2.81,2.37,0.18,4.53,5SE66
Rim,Baccouche,Female,19,Tunisian,0.21,3.79,1.03,3.36,5SE66
Nizar,Rekik,Male,18,Tunisian,4.14,4.75,4.06,3.12,5SE66
Fatma,Fourati,Female,22,Tunisian,3.46,4.88,2.93,3.84,5SE66
Rania,Hamdi,Female,21,Tunisian,3.42,2.13,2.02,0.35,5SE66
Salma,Ayari,Female,23,Tunisian,2.03,0.68,0.12,2.86,5SE66
Brahim,Messaoudi,Male,24,Algerian,1.6,0.74,2.9,4.47,5SE66
Mourad,Jaziri,Male,22,Tunisian,3.12,3.02,2.79,1.84,5SE66
Mohamed,Belkhir,Male,21,Tunisian,2.36,4.58,0.13,1.34,5SE66
Hatem,Sassi,Male,25,Tunisian,0.26,3.61,2.85,4.54,5SE66
Rania,Karoui,Female,18,Tunisian,1.15,4.02,1.92,1.68,5SE66
Bilel,Karoui,Male,21,Tunisian,1.26,4.94,3.46,4.48,5SE66
Marwen,Maaloul,Male,18,Tunisian,2.01,2.97,1.63,2.88,5SE66
Tarek,Karoui,Male,20,Tunisian,0.49,1.95,3.39,3.27,5SE66
Marwen,Rekik,Male,25,Tunisian,3.8,0.73,3.49,0.08,5SE66
Eya,Zayani,Female,21,Tunisian,3.07,3.86,4.01,4.1,5SE66
Fatma,Rekik,Female,20,Tunisian,3.66,3.7,1.34,0.42,5SE66
Ismail,Chouchene,Male,21,Tunisian,1.5,3.81,1.17,0.83,5SE66
Nabil,Mabrouk,Male,24,Tunisian,1.28,2.4,3.94,2.81,5SE66
Adel,Mohamed,Male,25,Libyan,3.72,2.51,4.48,2.95,5SE66
Fethi,Maaloul,Male,25,Tunisian,4.91,0.6,3.03,2.42,5SE66
Amine,Ben Ali,Male,19,Tunisian,0.57,3.63,3.68,4.14,5SE66
Ines,Zayani,Female,19,Tunisian,3.36,4.7,2.43,4.18,5SE66
Hatem,Belkhir,Male,19,Tunisian,0.8,4.72,3.17,4.27,5SE66
Meriem,Guettari,Female,18,Tunisian,2.02,2.68,1.67,0.79,5SE66
Mourad,Cherif,Male,20,Tunisian,2.23,2.37,3.65,0.37,3B27
Bouchra,Bennani,Female,24,Moroccan,0.45,1.22,2.46,0.09,3B27
Hend,Sassi,Female,18,Tunisian,3.31,4.28,3.38,0.93,3B27
Oumaima,Fourati,Female,22,Tunisian,0.75,2.02,1.68,4.35,3B27
Wassim,Bouazizi,Male,20,Tunisian,2.0,2.1,0.3,1.61,3B27
Rabah,Haddad,Male,22,Algerian,3.87,0.84,2.16,2.48,3B27
Bilel,Mabrouk,Male,20,Tunisian,4.58,1.78,3.01,1.66,3B27
Sabrine,Saidi,Female,18,Tunisian,0.97,4.22,4.5,1.78,3B27
Ghada,Ben Salah,Female,20,Tunisian,3.33,3.07,3.66,3.78,3B27
Amel,Hamdi,Female,21,Tunisian,0.47,3.09,0.72,3.82,3B27
Adjoua,Koffi,Female,24,Ivorian,3.01,1.89,2.53,3.69,3B27
Chaima,Karoui,Female,24,Tunisian,1.96,1.29,2.09,2.96,3B27
Walid,Saidi,Male,20,Tunisian,4.7,2.96,4.18,4.61,3B27
Aymen,Nasri,Male,24,Tunisian,1.24,0.05,3.59,1.01,3B27
Djillali,Touati,Male,20,Algerian,4.54,1.26,1.94,1.86,3B27
Khalil,Nasri,Male,24,Tunisian,4.24,3.81,1.28,1.25,3B27
Hatem,Abidi,Male,43,Tunisian,3.9,1.75,0.57,2.76,3B27
Lotfi,Ghanouchi,Male,20,Tunisian,0.42,0.89,3.18,2.71,3B27
Foued,Makni,Male,25,Tunisian,2.68,0.28,1.28,0.81,3B27
Ousmane,Diop,Male,18,Senegalese,0.05,1.03,4.55,0.81,3B27
Mouna,Zouari,Female,22,Tunisian,3.46,4.92,4.8,0.08,3B27
Ali,Abidi,Male,30,Tunisian,0.74,4.6,1.5,2.87,3B27
Foued,Fourati,Male,19,Tunisian,2.31,0.61,2.47,2.03,3B27
Skander,Zayani,Male,20,Tunisian,0.36,4.26,0.04,1.57,3B27
Emna,Saidi,Female,24,Tunisian,3.79,4.1,3.34,1.44,3B27
Amine,Chebbi,Male,18,Tunisian,0.14,3.63,3.49,0.04,5NIDS51
Nadia,Gharbi,Female,25,Tunisian,4.76,0.7,1.04,0.78,5NIDS51
Asma,Chouchene,Female,25,Tunisian,3.15,0.21,0.29,2.36,5NIDS51
Pape,Diop,Male,19,Senegalese,3.22,1.2,0.65,4.46,5NIDS51
Omar,Haddad,Male,23,Tunisian,3.35,0.79,2.29,3.97,5NIDS51
Mohamed,Kante,Male,22,Guinean,2.0,1.52,1.15,3.86,5NIDS51
Omar,Ayari,Male,22,Tunisian,2.82,0.49,1.98,4.25,5NIDS51
Tarek,Ayari,Male,21,Tunisian,1.64,3.57,0.69,2.92,5NIDS51
Hedi,Ben Salah,Male,22,Tunisian,0.43,0.38,2.01,4.26,5NIDS51
Diarra,Toure,Female,20,Malian,3.23,2.74,2.19,3.99,5NIDS51
Omar,Mabrouk,Male,25,Tunisian,0.71,1.92,3.62,2.83,5NIDS51
Hichem,Ben Ali,Male,24,Tunisian,2.07,5.0,4.83,2.75,5NIDS51
Mehdi,Bouazizi,Male,23,Tunisian,2.29,0.9,1.39,1.12,5NIDS51
Samira,Gharbi,Female,23,Tunisian,1.23,2.16,1.74,2.6,5NIDS51
Manel,Ben Salah,Female,18,Tunisian,4.3,1.94,2.07,0.31,5NIDS51
Oumaima,Toumi,Female,25,Tunisian,2.83,3.6,4.93,0.91,5NIDS51
Fatoumata,Sidibe,Female,20,Malian,2.73,4.85,4.94,0.22,5NIDS51
Fares,Karoui,Male,24,Tunisian,4.9,0.79,2.18,0.5,5NIDS51
Andre,Abanda,Male,21,Cameroonian,3.95,3.75,4.4,2.72,5NIDS51
Rym,Chebbi,Female,19,Tunisian,3.69,2.84,4.02,0.69,5NIDS51
Lobna,Zayani,Female,21,Tunisian,0.96,1.46,1.58,0.04,5NIDS51
Skander,Slimani,Male,23,Tunisian,3.25,4.81,2.07,1.67,5NIDS51
Wafa,Haddad,Female,21,Tunisian,3.99,0.31,4.16,1.99,5NIDS51
Siwar,Ben Ali,Female,20,Tunisian,1.59,2.79,0.73,0.23,5NIDS51
Olfa,Belkhir,Female,21,Tunisian,1.12,4.75,3.33,1.6,5NIDS51
Sonia,Jaziri,Female,22,Tunisian,3.87,1.27,3.79,2.83,5NIDS51
Mariem,Guettari,Female,23,Tunisian,4.54,4.73,3.41,4.84,5NIDS51
Sofiene,Slimani,Male,18,Tunisian,3.13,4.63,1.1,2.44,2P60
Salma,Jlassi,Female,22,Tunisian,4.01,2.76,2.45,2.93,2P60
Adel,Hamdi,Male,24,Tunisian,0.29,1.38,2.23,0.07,2P60
Cyrine,Fourati,Female,22,Tunisian,3.08,2.35,0.06,1.61,2P60
Lotfi,Cherif,Male,21,Tunisian,3.0,3.14,0.69,1.61,2P60
Olfa,Chouchene,Female,21,Tunisian,4.41,4.75,2.15,0.15,2P60
Amina,Makni,Female,25,Tunisian,2.07,1.56,3.01,2.55,2P60
Anis,Jaziri,Male,23,Tunisian,1.5,1.61,4.21,4.92,2P60
Omar,Hamdi,Male,22,Tunisian,3.87,2.4,0.3,3.83,2P60
Marwen,Ammar,Male,24,Tunisian,2.19,2.56,2.18,4.87,2P60
Fethi,Trabelsi,Male,23,Tunisian,0.0,2.69,4.53,4.71,2P60
Chokri,Zouari,Male,22,Tunisian,0.08,0.54,3.15,1.17,2P60
Emna,Driss,Female,25,Tunisian,1.24,0.39,1.0,3.58,2P60
Iheb,Belkhir,Male,22,Tunisian,2.95,4.42,0.04,4.12,2P60
Latifa,Saidi,Female,24,Moroccan,0.04,1.95,2.34,2.41,2P60
Koffi,Diallo,Male,20,Ivorian,3.18,3.97,1.4,1.47,2P60
Khadija,Mansour,Female,18,Tunisian,2.93,2.49,2.03,1.86,2P60
Sabrine,Chebbi,Female,23,Tunisian,1.27,4.67,4.83,4.36,2P60
Farah,Bouazizi,Female,22,Tunisian,4.97,0.52,3.71,4.09,2P60
Olfa,Jaziri,Female,20,Tunisian,1.35,2.49,4.65,4.58,2P60
Amel,Ben Ali,Female,19,Tunisian,0.71,3.22,2.93,3.41,2P60
Marwen,Jlassi,Male,18,Tunisian,3.0,3.93,1.67,4.51,2P60
Amel,Jebali,Female,24,Tunisian,0.52,3.04,4.46,4.87,2P60
Ndeye,Diouf,Female,21,Senegalese,0.56,4.78,4.35,4.16,2P60
Karim,Slimani,Male,24,Tunisian,4.53,2.11,1.05,3.36,2P60
Mouna,Slimani,Female,25,Tunisian,1.55,1.14,3.49,0.22,2P60
Mehdi,Mejri,Male,43,Tunisian,2.25,0.3,3.65,1.2,2P60
Karim,Zayani,Male,21,Tunisian,4.09,1.97,3.52,4.99,2P60
Olfa,Slimani,Female,22,Tunisian,4.89,4.0,1.09,3.59,2P60
Samira,Cherif,Female,19,Tunisian,1.8,2.61,2.93,4.17,2P60
Sonia,Maaloul,Female,22,Tunisian,0.74,3.65,0.72,4.51,2P60
Salma,Maaloul,Female,19,Tunisian,1.78,0.15,2.73,4.51,2P60
Fatma,Mabrouk,Female,19,Tunisian,4.06,2.7,4.63,1.05,4NIDS84
Cyrine,Turki,Female,21,Tunisian,3.12,4.08,0.8,3.64,4NIDS84
Amadou,Keita,Male,20,Guinean,0.39,0.72,1.15,1.02,4NIDS84
Rym,Fourati,Female,24,Tunisian,1.94,4.71,1.94,0.86,4NIDS84
Naima,Benjelloun,Female,19,Moroccan,2.58,4.31,2.23,1.23,4NIDS84
Bechir,Khemiri,Male,23,Tunisian,2.9,3.09,2.85,3.82,4NIDS84
Hela,Gharbi,Female,23,Tunisian,1.33,3.14,1.46,3.57,4NIDS84
Hend,Ghanouchi,Female,23,Tunisian,3.08,0.18,1.53,3.1,4NIDS84
Ali,Khemiri,Male,20,Tunisian,2.78,2.33,0.54,4.74,4NIDS84
Nabil,Chebbi,Male,21,Tunisian,0.69,3.12,4.88,0.95,4NIDS84
Aymen,Guettari,Male,18,Tunisian,4.77,1.59,1.88,0.85,4NIDS84
Chantal,Bouba,Female,19,Cameroonian,1.11,4.5,4.41,3.9,4NIDS84
Sarra,Mabrouk,Female,18,Tunisian,1.99,1.73,1.44,1.62,4NIDS84
Rym,Ben Salah,Female,25,Tunisian,4.58,0.15,0.56,1.2,4NIDS84
Hedi,Turki,Male,26,Tunisian,3.31,4.91,0.65,4.64,4NIDS84
Anis,Slimani,Male,19,Tunisian,1.66,0.79,2.74,1.45,4NIDS84
Awa,Diallo,Female,20,Malian,4.58,1.32,4.93,4.47,4NIDS84
Mohamed,Saidi,Male,18,Tunisian,0.11,0.07,0.31,0.52,4NIDS84
Sonia,Ben Ali,Female,25,Tunisian,4.8,2.61,1.03,4.82,4NIDS84
Khadija,Turki,Female,19,Tunisian,3.12,2.03,0.19,4.22,4NIDS84
Oussama,Mabrouk,Male,23,Tunisian,4.08,4.03,0.01,3.12,4NIDS84
Siwar,Hamdi,Female,23,Tunisian,2.7,3.46,3.96,3.76,4NIDS84
Nour,Ben Ali,Female,20,Tunisian,0.3,0.99,2.37,1.43,4NIDS84
Walid,Ammar,Male,22,Tunisian,2.47,3.14,1.26,0.35,4NIDS84
Asma,Driss,Female,21,Tunisian,2.58,4.3,3.51,4.48,4NIDS84
Coumba,Fall,Female,35,Senegalese,0.06,2.16,2.49,2.81,4NIDS84
Rym,Lahmar,Female,23,Tunisian,1.97,3.66,0.59,4.37,4NIDS84
Ines,Nasri,Female,18,Tunisian,2.16,2.36,4.73,1.26,4NIDS84
Mariem,Khemiri,Female,24,Tunisian,1.67,3.59,2.3,2.37,1A86
Yasmine,Guettari,Female,18,Tunisian,2.18,2.4,4.77,2.65,1A86
Hend,Karoui,Female,44,Tunisian,3.08,0.89,2.92,2.98,1A86
Leila,Khlifi,Female,18,Tunisian,2.04,4.45,1.37,0.23,1A86
Amel,Zouari,Female,24,Tunisian,1.25,0.29,4.22,0.52,1A86
Karim,Gharbi,Male,21,Tunisian,2.96,4.48,1.85,0.56,1A86
Amenan,Kouassi,Female,25,Ivorian,4.8,2.02,2.6,0.85,1A86
Oussama,Zayani,Male,19,Tunisian,0.0,0.63,4.59,0.16,1A86
Amine,Lahmar,Male,19,Tunisian,4.94,0.67,1.73,2.4,1A86
Fares,Khemiri,Male,20,Tunisian,3.13,1.55,3.08,1.64,1A86
Nabil,Fourati,Male,22,Tunisian,2.86,1.31,4.46,3.49,1A86
Zohra,Brahimi,Female,22,Algerian,4.54,2.47,2.45,0.83,1A86
Mourad,Chebbi,Male,25,Tunisian,1.37,3.63,1.6,2.7,1A86
Ibrahima,Sarr,Male,23,Senegalese,3.75,0.8,0.37,2.52,1A86
Ghada,Khlifi,Female,22,Tunisian,2.15,0.94,0.14,4.47,1A86
Chaima,Jlassi,Female,21,Tunisian,0.69,4.71,2.26,0.62,1A86
Ghassen,Baccouche,Male,18,Tunisian,2.04,1.05,2.47,3.36,1A86
Sarra,Fourati,Female,23,Tunisian,0.37,0.74,2.14,1.15,1A86
Meriem,Zayani,Female,18,Tunisian,0.57,4.31,4.47,4.27,1A86
Hela,Khemiri,Female,24,Tunisian,3.13,3.65,0.26,1.44,1A86
Aissatou,Kante,Female,21,Guinean,0.35,3.11,2.53,4.51,1A86
Omar,Zouari,Male,20,Tunisian,3.97,4.41,3.31,1.45,1A86
Eya,Mabrouk,Female,22,Tunisian,0.61,1.08,0.47,0.35,1A86
Fatma,Zayani,Female,23,Tunisian,4.74,0.87,0.07,1.33,1A86
Abdoulaye,Ndiaye,Male,20,Senegalese,0.75,4.09,1.17,4.96,1A86
Rania,Lahmar,Female,19,Tunisian,4.96,3.51,2.87,1.04,1A86
Siwar,Driss,Female,19,Tunisian,0.58,4.91,2.92,4.49,1A86
Nathalie,Tchinda,Female,19,Cameroonian,2.31,1.12,1.45,1.69,1A86
Wassim,Slimani,Male,24,Tunisian,2.03,2.8,4.13,2.02,1A86
Hatem,Saidi,Male,23,Tunisian,1.76,1.32,4.78,1.79,1A86
Oumaima,Maaloul,Female,18,Tunisian,0.97,0.35,3.75,0.87,1A86
Hiba,Nasri,Female,20,Tunisian,4.45,0.46,1.82,2.66,5SLEAM90
Oumaima,Ammar,Female,22,Tunisian,1.66,0.48,3.55,1.89,5SLEAM90
Hedi,Mabrouk,Male,24,Tunisian,2.83,2.69,4.01,2.47,5SLEAM90
Samir,Benali,Male,26,Algerian,2.35,3.47,0.08,4.21,5SLEAM90
Khadija,Trabelsi,Female,25,Tunisian,2.62,2.02,2.41,2.95,5SLEAM90
Farida,Abdullah,Female,25,Libyan,2.93,4.7,1.6,1.56,5SLEAM90
Mehdi,Ben Ali,Male,22,Tunisian,4.99,4.4,2.27,3.41,5SLEAM90
Mohamed,Jaziri,Male,23,Tunisian,3.33,4.46,3.42,4.62,5SLEAM90
Esther,Oumarou,Female,19,Cameroonian,2.07,3.05,0.82,0.52,5SLEAM90
Adel,Jebali,Male,23,Tunisian,1.66,0.21,3.43,4.44,5SLEAM90
Hend,Baccouche,Female,21,Tunisian,0.6,1.43,2.37,2.8,5SLEAM90
Hedi,Baccouche,Male,23,Tunisian,4.14,3.66,4.11,3.31,5SLEAM90
Juliette,Njoya,Female,25,Cameroonian,2.59,4.19,0.26,0.02,5SLEAM90
Sonia,Turki,Female,23,Tunisian,1.91,3.59,3.13,0.49,5SLEAM90
Hicham,Haddad,Male,19,Moroccan,1.21,1.77,3.61,1.62,5SLEAM90
Dorra,Fourati,Female,20,Tunisian,0.37,3.85,2.0,0.59,5SLEAM90
Abdoulaye,Kouame,Male,25,Ivorian,3.61,4.83,0.71,0.95,5SLEAM90
Karim,Baccouche,Male,25,Tunisian,0.56,1.41,3.72,0.87,5SLEAM90
Fethi,Gharbi,Male,18,Tunisian,2.9,1.12,1.22,2.92,5SLEAM90
Fethi,Lahmar,Male,23,Tunisian,4.0,1.08,1.05,4.65,5SLEAM90
Chaima,Baccouche,Female,23,Tunisian,2.33,3.84,4.13,2.28,5SLEAM90
Amina,Chebbi,Female,25,Tunisian,0.7,3.48,4.25,0.21,5SLEAM90
Wassim,Cherif,Male,21,Tunisian,1.21,1.82,1.32,3.92,5SLEAM90
Ali,Turki,Male,20,Tunisian,4.74,0.46,2.25,0.39,5SLEAM90
Foued,Mabrouk,Male,21,Tunisian,2.14,2.48,1.71,2.28,5SLEAM90
Olfa,Maaloul,Female,21,Tunisian,2.84,3.02,4.72,2.66,5SLEAM90
Nizar,Jaziri,Male,21,Tunisian,3.1,4.77,4.51,2.42,5SLEAM90
Cyrine,Zayani,Female,18,Tunisian,3.38,0.7,2.98,1.69,2P77
Siwar,Karoui,Female,25,Tunisian,0.86,1.49,0.54,0.74,2P77
Aymen,Sassi,Male,21,Tunisian,4.08,4.47,0.37,0.86,2P77
Meriem,Toumi,Female,22,Tunisian,1.68,1.6,4.95,3.58,2P77
Tarek,Saidi,Male,25,Tunisian,1.73,3.92,0.94,4.25,2P77
Mohamed,Mansour,Male,25,Tunisian,3.69,1.91,0.38,3.96,2P77
Nadia,Zayani,Female,24,Tunisian,2.58,0.27,3.0,2.27,2P77
Hend,Mejri,Female,22,Tunisian,2.37,1.56,0.61,1.83,2P77
Bilel,Maaloul,Male,20,Tunisian,4.65,4.13,1.25,3.46,2P77
Youssef,Khlifi,Male,18,Tunisian,3.02,4.66,2.57,4.02,2P77
Khalil,Zayani,Male,25,Tunisian,0.99,4.68,2.91,2.61,2P77
Sabrine,Belkhir,Female,20,Tunisian,4.46,4.84,1.6,2.07,2P77
Aymen,Belkhir,Male,19,Tunisian,2.16,3.14,0.31,2.13,2P77
Khadija,Driss,Female,34,Tunisian,1.75,2.42,0.84,0.3,2P77
Fatiha,Touati,Female,39,Algerian,4.68,0.18,2.8,4.49,2P77
Ismail,Sassi,Male,19,Tunisian,2.96,3.77,0.6,2.58,2P77
Wided,Khemiri,Female,20,Tunisian,3.04,3.32,2.62,0.52,2P77
Aicha,Dahmani,Female,23,Algerian,3.77,1.17,2.44,4.49,2P77
Wided,Ben Salah,Female,25,Tunisian,2.0,4.24,2.68,3.86,2P77
Amel,Jlassi,Female,19,Tunisian,3.09,2.22,3.91,4.12,2P77
Tarek,Cherif,Male,20,Tunisian,0.15,3.81,1.22,2.28,2P77
Rim,Bouazizi,Female,21,Tunisian,5.0,1.69,4.63,1.24,2P77
Hela,Guettari,Female,18,Tunisian,4.49,0.14,2.09,3.26,2P77
Ismail,Jlassi,Male,25,Tunisian,1.62,4.64,2.17,1.73,2P77
Lina,Makni,Female,21,Tunisian,2.31,1.32,1.73,2.32,2P77
Ahmed,Mansouri,Male,18,Algerian,4.84,4.59,0.24,2.87,2P77
Cyrine,Ayari,Female,27,Tunisian,1.9,2.13,2.34,0.5,2P96
Rami,Turki,Male,19,Tunisian,2.48,4.67,0.55,2.91,2P96
Rim,Khemiri,Female,18,Tunisian,1.49,3.29,4.8,2.46,2P96
Diarra,Diallo,Female,25,Malian,3.04,1.73,0.64,1.47,2P96
Anis,Mabrouk,Male,19,Tunisian,1.16,0.75,4.58,4.02,2P96
Amina,Mansour,Female,25,Tunisian,3.48,0.29,2.86,4.81,2P96
Fatma,Belkhir,Female,20,Tunisian,1.37,4.78,2.53,1.77,2P96
Mouna,Jaziri,Female,18,Tunisian,0.8,2.77,0.76,4.44,2P96
Cyrine,Rekik,Female,25,Tunisian,1.68,0.8,1.16,3.66,2P96
Samba,Fall,Male,23,Senegalese,0.74,1.55,4.88,0.2,2P96
Wafa,Lahmar,Female,20,Tunisian,4.52,1.39,0.45,0.41,2P96
Sami,Belkhir,Male,34,Tunisian,3.02,4.16,4.73,2.56,2P96
Aminata,Gueye,Female,22,Senegalese,4.01,2.79,4.77,4.37,2P96
Fatima,Hassani,Female,18,Algerian,4.02,3.89,2.13,3.54,2P96
Amadou,Sylla,Male,21,Guinean,4.62,0.37,3.95,0.74,2P96
Aymen,Ben Salah,Male,20,Tunisian,1.02,4.24,2.73,1.87,2P96
Leila,Gharbi,Female,19,Tunisian,3.67,0.02,3.21,2.99,2P96
Cyrine,Mansour,Female,25,Tunisian,2.37,4.79,4.39,0.04,2P96
Rami,Mejri,Male,18,Tunisian,4.66,0.28,3.41,3.5,2P96
Imane,Mansouri,Female,19,Moroccan,1.02,0.83,4.44,1.28,2P96
Bilel,Guettari,Male,24,Tunisian,2.59,1.04,1.7,0.82,2P96
Sarra,Nasri,Female,25,Tunisian,3.2,3.12,3.37,1.25,2P96
Rym,Trabelsi,Female,20,Tunisian,4.92,4.51,0.56,2.04,2P96
Hiba,Chebbi,Female,25,Tunisian,2.96,0.43,4.94,1.69,2P96
Amina,Khemiri,Female,42,Tunisian,2.22,0.65,2.44,0.68,2P96
Yasmine,Ben Salah,Female,19,Tunisian,4.78,0.67,2.3,2.91,2P96
Skander,Zouari,Male,21,Tunisian,2.41,3.35,2.05,2.95,2P96
Marwen,Ayari,Male,19,Tunisian,2.35,0.66,1.53,3.96,2P96
Walid,Khemiri,Male,22,Tunisian,4.21,2.84,5.0,4.71,2P96
Rachid,Mansouri,Male,19,Moroccan,0.17,1.76,2.65,2.28,2P96
Mourad,Trabelsi,Male,21,Tunisian,4.76,3.67,2.02,3.95,2P96
Rym,Bouazizi,Female,19,Tunisian,2.99,0.53,0.06,2.65,5SAE72
Hiba,Lahmar,Female,27,Tunisian,4.03,4.1,2.24,1.35,5SAE72
Kheira,Dahmani,Female,23,Algerian,2.92,1.93,4.58,1.85,5SAE72
Adel,Guettari,Male,24,Tunisian,0.16,4.6,2.01,4.86,5SAE72
Ines,Lahmar,Female,18,Tunisian,3.77,1.18,4.49,0.36,5SAE72
Sami,Jlassi,Male,24,Tunisian,2.92,4.8,1.58,2.25,5SAE72
Sonia,Haddad,Female,30,Tunisian,0.24,0.49,2.72,3.52,5SAE72
Wided,Maaloul,Female,18,Tunisian,4.06,4.01,1.07,3.45,5SAE72
Amine,Belkhir,Male,19,Tunisian,0.29,4.4,3.44,3.28,5SAE72
Rym,Makni,Female,25,Tunisian,3.67,2.72,2.38,4.46,5SAE72
Emna,Mabrouk,Female,20,Tunisian,4.97,4.95,1.1,1.63,5SAE72
Zineb,Alaoui,Female,25,Moroccan,2.89,1.02,1.78,4.14,5SAE72
Emna,Ammar,Female,22,Tunisian,2.39,1.14,1.81,4.7,5SAE72
Salma,Cherif,Female,24,Tunisian,3.79,3.21,0.29,4.08,5SAE72
Walid,Mejri,Male,25,Tunisian,4.03,0.25,4.85,2.47,5SAE72
Hend,Trabelsi,Female,19,Tunisian,2.24,4.57,0.21,3.5,5SAE72
Lotfi,Jebali,Male,24,Tunisian,4.32,3.26,4.12,4.96,5SAE72
Hamza,Makni,Male,22,Tunisian,0.97,1.27,2.74,3.2,5SAE72
Karim,Bouazizi,Male,25,Tunisian,3.17,0.01,2.99,1.47,5SAE72
Karim,Ben Salah,Male,23,Tunisian,3.85,0.4,2.63,4.17,5SAE72
Sarra,Ammar,Female,24,Tunisian,3.11,2.55,2.03,1.83,5SAE72
Ghada,Khemiri,Female,18,Tunisian,1.53,1.99,2.99,4.96,5SAE72
Brahim,Hassani,Male,21,Algerian,1.25,3.37,3.24,3.98,5SAE72
Chaima,Khlifi,Female,24,Tunisian,3.06,3.09,0.23,2.23,5SAE72
Chantal,Njoya,Female,24,Cameroonian,3.19,1.85,4.78,3.23,5SAE72
Marwen,Chouchene,Male,24,Tunisian,0.65,2.3,2.06,3.59,5SAE72
Lina,Jebali,Female,23,Tunisian,3.31,4.65,0.09,4.48,5SAE72
Hamza,Ghanouchi,Male,23,Tunisian,3.05,2.67,0.07,3.96,5SAE72
Wided,Mansour,Female,24,Tunisian,2.5,3.03,3.31,0.55,5SAE72
Samira,Ben Salah,Female,19,Tunisian,3.32,4.38,1.24,1.63,5SAE72
Aminata,Dembele,Female,24,Malian,3.81,0.29,2.91,1.59,5TWIN70
Samira,Idrissi,Female,21,Moroccan,2.21,2.93,1.14,4.91,5TWIN70
Mustapha,Fassi,Male,25,Moroccan,1.08,4.63,1.76,3.68,5TWIN70
Dorra,Haddad,Female,20,Tunisian,3.49,0.36,0.69,0.15,5TWIN70
Rim,Zayani,Female,25,Tunisian,1.31,3.88,0.12,2.35,5TWIN70
Salma,Khemiri,Female,20,Tunisian,1.85,4.12,2.64,2.99,5TWIN70
Farah,Mejri,Female,19,Tunisian,4.97,3.87,4.1,2.42,5TWIN70
Ali,Sassi,Male,18,Tunisian,4.59,1.92,0.14,3.98,5TWIN70
Lobna,Hamdi,Female,44,Tunisian,1.18,0.92,3.53,3.68,5TWIN70
Nizar,Guettari,Male,19,Tunisian,2.69,4.23,4.1,2.98,5TWIN70
Oumaima,Nasri,Female,19,Tunisian,4.68,0.69,0.95,1.41,5TWIN70
Lotfi,Turki,Male,18,Tunisian,3.3,2.21,1.1,2.7,5TWIN70
Rania,Chouchene,Female,23,Tunisian,0.45,2.38,1.62,1.24,5TWIN70
Lotfi,Haddad,Male,21,Tunisian,0.98,0.38,1.88,1.49,5TWIN70
Hichem,Saidi,Male,21,Tunisian,0.14,2.22,1.51,4.25,5TWIN70
Sabrine,Hamdi,Female,19,Tunisian,3.15,2.37,0.69,3.79,5TWIN70
Sabrine,Nasri,Female,18,Tunisian,2.61,1.28,3.12,1.46,5TWIN70
Rim,Turki,Female,18,Tunisian,2.36,3.26,3.39,2.57,5TWIN70
Khalil,Cherif,Male,22,Tunisian,1.7,4.4,0.14,0.13,5TWIN70
Rania,Fourati,Female,22,Tunisian,1.09,2.61,4.14,1.85,5TWIN70
Sami,Sassi,Male,22,Tunisian,4.23,4.02,3.23,1.78,5TWIN70
Adel,Chebbi,Male,24,Tunisian,2.95,0.26,3.73,2.19,5TWIN70
Fanta,Kouame,Female,19,Ivorian,1.31,4.27,2.56,0.27,5TWIN70
Dorra,Toumi,Female,21,Tunisian,0.06,1.62,4.62,4.68,5TWIN70
Siwar,Khemiri,Female,22,Tunisian,2.31,4.72,3.68,4.86,5TWIN70
Nabil,Ayari,Male,21,Tunisian,0.71,4.24,1.32,0.74,5TWIN70
Fares,Jaziri,Male,23,Tunisian,2.08,1.78,1.36,1.61,2P19
Hatem,Rekik,Male,31,Tunisian,3.48,4.34,3.03,0.51,2P19
Khalid,Lahlou,Male,21,Moroccan,4.5,4.63,4.63,2.85,2P19
Fares,Jebali,Male,23,Tunisian,0.83,3.42,2.54,4.13,2P19
Paul,Abanda,Male,24,Cameroonian,3.64,2.1,3.5,1.7,2P19
Tarek,Ghanouchi,Male,18,Tunisian,2.57,0.96,3.03,0.32,2P19
Mohamed,Ahmed,Male,19,Libyan,2.07,1.43,0.41,1.36,2P19
Kouadio,Konan,Male,19,Ivorian,0.67,3.18,0.78,4.11,2P19
Mariem,Slimani,Female,22,Tunisian,0.43,1.76,1.58,0.5,2P19
Omar,Turki,Male,23,Tunisian,0.53,0.94,0.5,3.84,2P19
Hela,Bouazizi,Female,19,Tunisian,2.33,2.59,0.75,1.6,2P19
Mehdi,Trabelsi,Male,21,Tunisian,4.02,0.08,3.86,0.06,2P19
Bechir,Mejri,Male,20,Tunisian,2.65,0.98,2.74,1.64,2P19
Asma,Gharbi,Female,18,Tunisian,1.66,1.64,0.22,0.61,2P19
Hamza,Sassi,Male,23,Tunisian,4.94,3.79,3.84,0.73,2P19
Nadia,Trabelsi,Female,19,Tunisian,3.31,4.05,3.71,1.26,2P19
Walid,Mansour,Male,23,Tunisian,3.47,3.1,0.92,2.84,2P19
Rachid,Alaoui,Male,23,Moroccan,2.75,1.33,1.17,0.12,2P19
Djamila,Slimani,Female,25,Algerian,1.49,2.77,2.73,0.59,2P19
Emmanuel,Bouba,Male,19,Cameroonian,1.76,2.22,3.34,2.08,2P19
Samba,Ba,Male,23,Senegalese,4.1,3.21,2.16,2.32,2P19
Amina,Abidi,Female,20,Tunisian,1.11,4.6,3.43,4.52,2P19
Zahra,Benali,Female,19,Algerian,3.72,0.93,0.55,0.5,2P19
Chokri,Mabrouk,Male,21,Tunisian,1.18,1.33,0.52,1.48,2P19
Zaineb,Ben Ali,Female,24,Tunisian,4.61,3.8,0.89,1.28,2P19
Yasmine,Zouari,Female,21,Tunisian,3.89,4.58,4.77,2.36,2P19
Lotfi,Maaloul,Male,20,Tunisian,0.03,3.04,2.81,3.86,2P19
Bechir,Toumi,Male,25,Tunisian,4.04,0.09,4.31,4.17,2P19
Zineb,Idrissi,Female,21,Moroccan,4.89,0.27,1.48,4.66,2P19
Omar,Makni,Male,18,Tunisian,0.93,0.4,0.77,1.13,2P19
Awa,Toure,Female,39,Malian,1.37,2.05,0.56,4.6,2P19
Farah,Gharbi,Female,24,Tunisian,2.37,2.06,0.1,4.31,2P19
Sami,Turki,Male,36,Tunisian,3.26,2.94,2.48,1.0,2P42
Hamza,Guettari,Male,24,Tunisian,1.35,3.61,4.9,3.18,2P42
Lina,Karoui,Female,19,Tunisian,3.38,3.04,1.87,1.58,2P42
Djamila,Brahimi,Female,21,Algerian,1.32,2.82,4.41,4.67,2P42
Lotfi,Nasri,Male,20,Tunisian,3.44,0.96,2.39,1.67,2P42
Rania,Khemiri,Female,23,Tunisian,3.7,1.83,2.9,4.24,2P42
Nour,Chebbi,Female,21,Tunisian,0.14,2.75,2.93,4.68,2P42
Iheb,Mansour,Male,20,Tunisian,2.29,4.67,1.71,0.23,2P42
Sofiene,Ayari,Male,22,Tunisian,4.29,2.52,2.64,4.3,2P42
Khalil,Zouari,Male,21,Tunisian,1.11,4.63,1.54,4.54,2P42
Nabil,Lahmar,Male,21,Tunisian,2.15,3.22,2.5,1.0,2P42
Karim,Ayari,Male,18,Tunisian,0.89,0.83,0.68,2.67,2P42
Iheb,Ben Salah,Male,25,Tunisian,0.13,1.52,4.03,3.16,2P42
Ghada,Karoui,Female,21,Tunisian,3.51,3.93,4.36,1.57,2P42
Youssef,Sassi,Male,18,Tunisian,0.6,3.72,0.1,4.95,2P42
Asma,Nasri,Female,25,Tunisian,4.63,1.21,3.07,2.06,2P42
Nizar,Zayani,Male,20,Tunisian,0.36,2.19,1.2,4.61,2P42
Meriem,Jaziri,Female,22,Tunisian,0.24,0.86,0.31,4.69,2P42
Said,Tazi,Male,22,Moroccan,1.13,2.72,1.98,2.61,2P42
Walid,Ben Salah,Male,24,Tunisian,4.69,4.39,0.77,2.6,2P42
Ghassen,Ghanouchi,Male,18,Tunisian,1.38,2.72,3.98,3.76,2P42
Ismail,Hamdi,Male,19,Tunisian,1.0,2.18,1.35,0.53,2P42
Cyrine,Driss,Female,24,Tunisian,4.02,3.94,0.68,4.3,2P42
Mouna,Ben Ali,Female,20,Tunisian,0.85,3.21,4.04,4.54,2P42
Salma,Mansur,Female,20,Libyan,3.96,3.17,2.13,1.09,2P42
Fatoumata,Bah,Female,19,Guinean,2.69,4.99,3.28,2.45,2P42
Latifa,Fassi,Female,21,Moroccan,1.83,2.09,0.47,4.72,2P42
Hichem,Baccouche,Male,25,Tunisian,1.72,0.83,4.82,0.48,2P42
Amadou,Sow,Male,20,Guinean,1.18,3.03,4.67,1.14,2P42
Nour,Jaziri,Female,22,Tunisian,3.76,4.61,1.98,0.88,2P42
Hatem,Mansour,Male,20,Tunisian,2.2,0.23,1.52,4.48,1A38
Fares,Mejri,Male,23,Tunisian,3.51,0.95,0.58,0.05,1A38
Dorra,Jebali,Female,18,Tunisian,4.45,1.83,0.84,0.25,1A38
Foued,Haddad,Male,22,Tunisian,3.88,1.31,1.98,1.44,1A38
Abdelkader,Hassani,Male,18,Algerian,0.64,0.49,2.39,1.78,1A38
Walid,Nasri,Male,25,Tunisian,1.92,1.96,0.39,2.53,1A38
Fethi,Sassi,Male,18,Tunisian,2.58,3.2,0.7,2.98,1A38
Hamza,Driss,Male,20,Tunisian,1.19,4.72,4.72,4.37,1A38
Leila,Alaoui,Female,19,Moroccan,4.4,4.56,4.94,1.93,1A38
Mehdi,Belkhir,Male,22,Tunisian,4.07,1.19,4.17,0.16,1A38
Iheb,Jlassi,Male,23,Tunisian,2.31,4.03,4.09,0.95,1A38
Mame,Diop,Female,19,Senegalese,3.98,3.75,0.26,3.92,1A38
Ahmed,Toumi,Male,25,Tunisian,1.89,4.68,0.28,1.82,1A38
Amel,Turki,Female,27,Tunisian,1.19,0.85,2.06,4.29,1A38
Karim,Ammar,Male,21,Tunisian,1.95,0.78,3.52,4.73,1A38
Haythem,Driss,Male,24,Tunisian,3.54,3.87,1.93,4.04,1A38
Sofiene,Zouari,Male,21,Tunisian,4.5,0.98,0.84,3.2,1A38
Ahmed,Idrissi,Male,19,Moroccan,2.59,1.11,3.94,3.88,1A38
Salma,Guettari,Female,23,Tunisian,3.96,2.47,1.19,1.71,1A38
Siwar,Zouari,Female,20,Tunisian,2.05,2.23,2.41,1.51,1A38
Hedi,Chouchene,Male,19,Tunisian,0.53,3.33,3.32,4.62,1A38
Astou,Ba,Female,21,Senegalese,1.5,0.76,1.42,2.75,1A38
Leila,El Idrissi,Female,24,Moroccan,4.86,0.06,3.95,2.55,1A38
Hicham,Alaoui,Male,23,Moroccan,3.3,2.52,0.08,3.41,1A38
Anis,Guettari,Male,22,Tunisian,3.62,1.55,3.21,4.81,1A38
Tarek,Rekik,Male,23,Tunisian,3.6,4.82,2.05,0.29,5BI95
Ibrahima,Barry,Male,22,Guinean,2.02,3.92,0.22,3.34,5BI95
Mehdi,Cherif,Male,23,Tunisian,3.04,3.46,4.34,4.94,5BI95
Manel,Cherif,Female,19,Tunisian,0.5,2.67,2.12,3.12,5BI95
Foued,Zayani,Male,21,Tunisian,3.28,2.59,1.35,0.47,5BI95
Nadia,Karoui,Female,24,Tunisian,3.07,4.18,4.97,3.96,5BI95
Houria,Mansouri,Female,24,Algerian,3.39,4.24,1.85,4.02,5BI95
Tarek,Khlifi,Male,24,Tunisian,0.06,1.36,2.44,4.4,5BI95
Farah,Mabrouk,Female,21,Tunisian,2.6,2.74,4.3,4.49,5BI95
Chokri,Guettari,Male,18,Tunisian,0.96,1.97,1.04,2.38,5BI95
Khadija,Ben Ali,Female,18,Tunisian,0.18,1.07,3.18,0.88,5BI95
Rami,Khlifi,Male,23,Tunisian,0.09,2.86,2.85,0.19,5BI95
Eya,Bouazizi,Female,25,Tunisian,3.43,3.48,4.62,1.22,5BI95
Farah,Slimani,Female,23,Tunisian,2.91,1.18,2.3,4.69,5BI95
Fatoumata,Sissoko,Female,23,Malian,2.23,3.81,3.66,4.65,5BI95
Zaineb,Ayari,Female,25,Tunisian,3.13,1.43,2.26,4.82,5BI95
Mohamed,Hamdi,Male,24,Tunisian,4.9,2.97,4.44,1.14,5BI95
Zied,Haddad,Male,18,Tunisian,2.1,2.95,3.76,1.03,5BI95
Farida,Ramadan,Female,23,Libyan,3.5,4.77,4.17,0.68,5BI95
Wassim,Jaziri,Male,20,Tunisian,2.42,4.67,3.56,2.89,5BI95
Lotfi,Baccouche,Male,18,Tunisian,1.11,0.01,2.82,2.37,5BI95
Aliou,Diop,Male,25,Senegalese,1.24,3.11,3.23,2.39,5BI95
Jeanne,Kamga,Female,19,Cameroonian,3.4,4.56,0.44,3.3,5BI95
Bakary,Sidibe,Male,23,Malian,1.86,1.77,2.38,1.5,5BI95
Anis,Sassi,Male,22,Tunisian,3.17,1.94,0.36,2.67,5BI95
Salah,Yahiaoui,Male,31,Algerian,4.89,4.33,4.7,3.13,5BI95
Khadija,Alaoui,Female,24,Moroccan,1.58,0.19,1.69,1.33,5BI95
Mariem,Makni,Female,21,Tunisian,3.99,0.61,2.02,2.19,5BI95
Rim,Khlifi,Female,32,Tunisian,4.07,2.55,3.31,0.65,5BI95
Djillali,Saidi,Male,20,Algerian,1.23,4.51,1.29,1.93,5BI95
Rim,Nasri,Female,23,Tunisian,4.61,1.03,1.22,4.96,5BI95
Khalil,Ayari,Male,25,Tunisian,4.37,4.4,4.04,0.56,5BI95
Fatma,Ben Salah,Female,22,Tunisian,0.73,2.23,0.02,0.71,1A22
Mohamed,Ammar,Male,23,Tunisian,2.64,3.05,3.21,2.96,1A22
Mariama,Sow,Female,18,Guinean,0.24,0.97,2.99,3.98,1A22
Cyrine,Haddad,Female,25,Tunisian,0.35,0.81,0.31,2.84,1A22
Khadija,Jlassi,Female,25,Tunisian,3.74,3.22,4.48,2.24,1A22
Siwar,Toumi,Female,21,Tunisian,4.68,0.82,0.42,0.33,1A22
Ghada,Ayari,Female,36,Tunisian,4.97,1.76,1.33,2.83,1A22
Alpha,Bah,Male,25,Guinean,0.03,4.21,2.6,0.9,1A22
Foued,Driss,Male,18,Tunisian,4.45,4.85,3.89,1.91,1A22
Skander,Bouazizi,Male,23,Tunisian,1.9,1.87,0.92,0.11,1A22
Cheick,Dembele,Male,23,Malian,4.46,1.15,1.31,3.0,1A22
Asma,Jlassi,Female,24,Tunisian,0.83,3.52,2.4,4.96,1A22
Iheb,Jaziri,Male,19,Tunisian,0.46,2.46,1.92,0.27,1A22
Nizar,Turki,Male,21,Tunisian,2.21,2.29,0.31,2.72,1A22
Jean,Kamga,Male,24,Cameroonian,0.25,3.31,2.7,1.37,1A22
Mariem,Ammar,Female,19,Tunisian,4.66,2.08,5.0,0.89,1A22
Hassan,Bennani,Male,18,Moroccan,4.84,4.79,4.98,3.35,1A22
Wafa,Nasri,Female,23,Tunisian,0.58,3.99,1.72,2.7,1A22
Wafa,Driss,Female,20,Tunisian,4.42,0.96,2.32,3.16,1A22
Sami,Zayani,Male,18,Tunisian,0.68,3.63,0.71,4.86,1A22
Hamza,Trabelsi,Male,22,Tunisian,2.93,2.69,2.6,1.41,1A22
Aymen,Haddad,Male,19,Tunisian,3.96,0.96,3.7,3.73,1A22
Sonia,Ben Salah,Female,18,Tunisian,4.64,1.69,4.43,2.78,1A22
Olfa,Rekik,Female,21,Tunisian,3.32,3.51,3.06,3.86,1A22
Lina,Ayari,Female,19,Tunisian,3.08,3.42,3.16,0.23,1A22
Amine,Mejri,Male,25,Tunisian,2.66,4.52,3.91,1.67,1A22
Chaima,Khemiri,Female,21,Tunisian,4.9,0.26,2.48,3.91,1A22
Haythem,Rekik,Male,20,Tunisian,3.15,1.34,2.32,4.83,2A32
Mamadou,Ba,Male,23,Senegalese,2.21,0.63,2.66,2.49,2A32
Ismail,Fourati,Male,21,Tunisian,0.18,2.61,0.19,2.49,2A32
Khadija,Karoui,Female,19,Tunisian,1.39,4.33,3.21,2.39,2A32
Lina,Bouazizi,Female,19,Tunisian,1.68,0.77,2.69,0.76,2A32
Zaineb,Chouchene,Female,25,Tunisian,0.25,0.38,0.41,3.34,2A32
Amine,Gharbi,Male,24,Tunisian,0.57,2.29,4.94,4.26,2A32
Khadija,Nasri,Female,18,Tunisian,1.48,2.28,2.0,4.97,2A32
Iheb,Makni,Male,24,Tunisian,0.99,1.27,0.47,4.57,2A32
Akissi,Kouame,Female,24,Ivorian,0.69,4.13,1.4,4.83,2A32
Manel,Lahmar,Female,19,Tunisian,0.7,1.07,1.43,4.13,2A32
Hedi,Bouazizi,Male,22,Tunisian,1.56,1.76,2.73,1.47,2A32
Farah,Haddad,Female,19,Tunisian,2.85,0.68,3.74,4.84,2A32
Mohamed,Guettari,Male,25,Tunisian,3.46,1.14,4.67,1.95,2A32
Samira,Zayani,Female,21,Tunisian,3.08,3.6,1.71,0.99,2A32
Leila,Chouchene,Female,23,Tunisian,4.54,4.19,1.61,1.55,2A32
Bilel,Ammar,Male,37,Tunisian,3.97,1.16,3.04,1.39,2A32
Adel,Zayani,Male,21,Tunisian,1.45,1.93,4.83,4.66,2A32
Aymen,Cherif,Male,21,Tunisian,1.06,3.44,3.57,4.91,2A32
Nizar,Karoui,Male,18,Tunisian,0.27,1.86,0.17,4.87,2A32
Lina,Ghanouchi,Female,21,Tunisian,3.19,2.94,0.47,2.97,2A32
Sonia,Belkhir,Female,21,Tunisian,2.46,0.81,4.97,2.51,2A32
Olfa,Khemiri,Female,20,Tunisian,0.86,1.08,4.45,0.35,2A32
Wassim,Lahmar,Male,25,Tunisian,2.66,3.74,3.55,3.28,2A32
Hicham,Tazi,Male,23,Moroccan,3.9,2.25,4.2,2.79,2A32
Yao,Traore,Male,25,Ivorian,0.36,4.97,3.91,3.7,2A32
Eya,Maaloul,Female,20,Tunisian,3.86,3.88,1.08,3.48,2A32
Hatem,Zayani,Male,19,Tunisian,4.54,4.59,0.66,2.24,2A32
Mohamed,Khemiri,Male,24,Tunisian,0.36,0.91,1.86,0.63,2A32
Omar,Guettari,Male,25,Tunisian,3.42,1.13,4.04,2.74,2A32
Youssef,Makni,Male,40,Tunisian,4.06,2.22,3.13,3.36,3A77
Sofiene,Haddad,Male,20,Tunisian,2.65,4.62,4.57,1.44,3A77
Zied,Nasri,Male,22,Tunisian,2.72,0.3,1.47,2.82,3A77
Samira,Ammar,Female,21,Tunisian,1.2,4.38,4.16,3.3,3A77
Rym,Belkhir,Female,24,Tunisian,3.53,1.08,3.37,4.15,3A77
Aymen,Ghanouchi,Male,18,Tunisian,0.68,3.22,4.1,0.18,3A77
Youssef,Ben Salah,Male,22,Tunisian,3.74,0.94,3.95,0.17,3A77
Farah,Ben Salah,Female,21,Tunisian,1.65,0.55,2.95,1.62,3A77
Oussama,Baccouche,Male,35,Tunisian,2.02,0.82,2.62,1.68,3A77
Hela,Khlifi,Female,24,Tunisian,1.08,0.62,0.49,4.23,3A77
Meriem,Khemiri,Female,25,Tunisian,4.59,1.13,4.83,4.12,3A77
Samia,Brahimi,Female,19,Algerian,4.54,1.95,2.79,4.05,3A77
Rym,Ammar,Female,23,Tunisian,2.94,1.51,2.04,2.53,3A77
Chokri,Fourati,Male,31,Tunisian,0.78,4.47,0.58,1.02,3A77
Nabil,Gharbi,Male,25,Tunisian,4.25,3.81,0.45,1.31,3A77
Manel,Khemiri,Female,23,Tunisian,4.5,4.63,3.89,3.18,3A77
Meriem,Rekik,Female,19,Tunisian,3.36,3.57,3.37,1.36,3A77
Hichem,Hamdi,Male,22,Tunisian,2.75,1.89,4.88,3.83,3A77
Chantal,Tchinda,Female,23,Cameroonian,4.84,2.51,3.93,4.09,3A77
Aminata,Yao,Female,21,Ivorian,3.02,1.77,2.79,3.09,3A77
Rami,Ben Ali,Male,25,Tunisian,4.53,0.56,2.61,3.32,3A77
Bilel,Nasri,Male,18,Tunisian,1.52,2.56,0.21,1.52,3A77
Oumou,Keita,Female,22,Malian,3.21,1.89,1.8,1.28,3A77
Chaima,Ammar,Female,22,Tunisian,4.04,3.58,3.21,2.89,3A77
Sabrine,Guettari,Female,24,Tunisian,0.92,4.71,0.27,2.77,3A77
Asma,Zouari,Female,18,Tunisian,3.39,2.78,2.78,2.32,3A77
Farah,Zayani,Female,21,Tunisian,0.03,4.79,4.1,0.33,4SLEAM6
Khadija,Mabrouk,Female,27,Tunisian,4.84,1.32,1.49,3.86,4SLEAM6
Felicite,Fankam,Female,24,Cameroonian,2.03,3.6,2.89,3.83,4SLEAM6
Cyrine,Belkhir,Female,22,Tunisian,1.09,1.97,4.87,2.12,4SLEAM6
Hela,Trabelsi,Female,20,Tunisian,1.84,4.12,3.54,3.24,4SLEAM6
Youssef,Hamdi,Male,23,Tunisian,3.6,4.28,2.41,1.17,4SLEAM6
Olfa,Jlassi,Female,23,Tunisian,3.33,1.59,4.69,1.32,4SLEAM6
Karim,Ben Ali,Male,19,Tunisian,1.19,3.54,2.51,0.54,4SLEAM6
Nadia,Khlifi,Female,22,Tunisian,0.98,3.13,1.77,2.85,4SLEAM6
Asma,Guettari,Female,25,Tunisian,0.64,0.21,0.21,1.73,4SLEAM6
Ismail,Khemiri,Male,39,Tunisian,0.44,4.04,2.69,0.52,4SLEAM6
Omar,Fourati,Male,22,Tunisian,4.51,0.7,0.25,2.16,4SLEAM6
Nadia,Mejri,Female,20,Tunisian,0.8,2.02,1.84,2.08,4SLEAM6
Mariem,Lahmar,Female,20,Tunisian,4.83,0.19,0.26,0.36,4SLEAM6
Dorra,Hamdi,Female,25,Tunisian,1.75,2.31,4.51,0.57,4SLEAM6
Hamza,Bouazizi,Male,20,Tunisian,1.15,4.49,4.82,3.06,4SLEAM6
Marwen,Toumi,Male,18,Tunisian,0.13,0.35,3.02,0.16,4SLEAM6
Farah,Khemiri,Female,24,Tunisian,2.72,1.51,4.19,0.67,4SLEAM6
Asma,Trabelsi,Female,18,Tunisian,4.93,2.86,2.37,3.26,4SLEAM6
Jeanne,Tchinda,Female,20,Cameroonian,4.12,0.65,0.24,1.83,4SLEAM6
Hend,Maaloul,Female,20,Tunisian,0.31,3.62,2.98,3.87,4SLEAM6
Hamza,Turki,Male,25,Tunisian,4.04,2.8,0.3,3.69,4SLEAM6
Ismail,Jebali,Male,25,Tunisian,0.18,2.66,3.59,2.54,4SLEAM6
Khadija,Toumi,Female,20,Tunisian,3.46,4.34,3.18,4.48,4SLEAM6
Adel,Turki,Male,20,Tunisian,1.79,4.84,3.88,4.67,4SLEAM6
Fethi,Khemiri,Male,20,Tunisian,0.57,4.55,2.25,1.8,4SLEAM6
Fouad,El Idrissi,Male,21,Moroccan,1.55,2.82,0.1,2.25,4SLEAM6
Aymen,Mejri,Male,20,Tunisian,1.47,3.52,1.68,4.68,4SLEAM6
Manel,Mansour,Female,18,Tunisian,0.58,2.72,1.86,4.24,2P87
Skander,Ben Salah,Male,21,Tunisian,1.85,0.09,3.37,3.89,2P87
Pape,Diouf,Male,24,Senegalese,1.92,0.92,3.51,4.5,2P87
Asma,Maaloul,Female,18,Tunisian,0.48,2.08,0.67,2.44,2P87
Lotfi,Ben Salah,Male,21,Tunisian,1.11,1.24,1.22,3.81,2P87
Mohamed,Makni,Male,19,Tunisian,4.66,1.38,3.75,2.51,2P87
Rania,Bouazizi,Female,18,Tunisian,1.57,4.54,4.95,2.17,2P87
Chokri,Maaloul,Male,21,Tunisian,2.01,4.95,1.42,3.29,2P87
Karim,Makni,Male,25,Tunisian,0.21,0.35,0.37,4.13,2P87
Rim,Ben Ali,Female,20,Tunisian,0.33,3.25,3.47,0.25,2P87
Fares,Sassi,Male,24,Tunisian,2.16,4.36,2.41,1.24,2P87
Aymen,Turki,Male,24,Tunisian,0.38,2.51,4.26,0.15,2P87
Foued,Slimani,Male,23,Tunisian,4.86,4.93,2.45,0.29,2P87
Lotfi,Mabrouk,Male,20,Tunisian,3.11,3.73,0.73,4.07,2P87
Fethi,Baccouche,Male,25,Tunisian,3.6,1.19,0.92,3.16,2P87
Rami,Slimani,Male,20,Tunisian,2.91,2.05,3.86,3.61,2P87
Emna,Jebali,Female,18,Tunisian,0.74,0.12,0.29,1.61,2P87
Olfa,Mabrouk,Female,20,Tunisian,1.02,3.55,2.7,2.84,2P87
Sami,Jaziri,Male,24,Tunisian,1.37,3.47,2.1,3.67,2P87
Khadija,Baccouche,Female,21,Tunisian,4.98,0.27,2.74,4.33,2P87
Karim,Chouchene,Male,20,Tunisian,1.25,0.38,1.62,3.54,2P87
Adel,Nasri,Male,22,Tunisian,3.74,0.95,2.96,3.49,2P87
Oussama,Rekik,Male,24,Tunisian,1.11,2.08,3.74,4.25,2P87
Siwar,Cherif,Female,45,Tunisian,3.26,3.39,2.6,4.18,2P87
Mariem,Jebali,Female,19,Tunisian,0.9,2.72,0.2,1.91,2P87
Leila,Mansour,Female,24,Tunisian,0.09,1.15,0.56,0.47,2P87
Sami,Haddad,Male,24,Tunisian,3.02,0.15,2.83,0.86,2P87
Hend,Hamdi,Female,18,Tunisian,3.18,1.5,2.72,1.89,1A20
Fares,Slimani,Male,25,Tunisian,0.44,3.34,3.02,0.1,1A20
Mouna,Jebali,Female,25,Tunisian,3.82,3.28,2.11,2.44,1A20
Chaima,Abidi,Female,24,Tunisian,2.47,0.38,4.38,4.1,1A20
Sarra,Jaziri,Female,24,Tunisian,1.87,2.08,3.33,3.96,1A20
Haythem,Trabelsi,Male,22,Tunisian,4.41,2.15,0.22,2.94,1A20
Eya,Mansour,Female,19,Tunisian,3.86,4.71,3.42,0.71,1A20
Tarek,Ben Salah,Male,24,Tunisian,3.49,2.18,4.42,2.88,1A20
Bechir,Driss,Male,19,Tunisian,0.23,3.22,3.33,1.28,1A20
Emmanuel,Kamga,Male,20,Cameroonian,3.22,2.72,4.23,2.43,1A20
Nabil,Hamdi,Male,25,Tunisian,4.77,3.83,1.63,2.82,1A20
Adel,Mansur,Male,25,Libyan,0.41,0.32,4.19,4.69,1A20
Hend,Chouchene,Female,24,Tunisian,2.84,1.1,2.02,2.63,1A20
Bechir,Hamdi,Male,25,Tunisian,0.21,1.01,4.48,3.71,1A20
Samira,Hamdi,Female,19,Tunisian,4.05,4.48,3.38,3.01,1A20
Eya,Mejri,Female,24,Tunisian,1.42,1.25,4.76,0.98,1A20
Hela,Saidi,Female,19,Tunisian,4.85,1.05,2.33,3.04,1A20
Oussama,Maaloul,Male,21,Tunisian,3.86,4.37,2.09,4.18,1A20
Mariem,Ben Ali,Female,18,Tunisian,4.61,1.59,3.87,3.41,1A20
Abdoulaye,Ba,Male,22,Senegalese,4.04,1.93,3.33,4.16,1A20
Awa,Koffi,Female,22,Ivorian,1.01,0.36,0.14,0.2,1A20
Bouchra,Lahlou,Female,23,Moroccan,4.15,0.36,3.59,2.33,1A20
Adel,Saidi,Male,19,Tunisian,0.88,2.68,1.62,1.14,1A20
Fares,Bouazizi,Male,20,Tunisian,3.14,3.9,4.58,1.98,1A20
Mourad,Ammar,Male,21,Tunisian,0.63,2.32,1.39,2.63,1A20
Wafa,Karoui,Female,19,Tunisian,1.26,4.74,2.54,4.71,1A20
Bilel,Bouazizi,Male,24,Tunisian,1.54,0.91,3.17,0.83,1A20
Oumaima,Zayani,Female,22,Tunisian,2.01,2.63,0.22,0.25,1A20
Omar,Sassi,Male,20,Tunisian,1.32,0.19,4.71,0.19,1A20
Lobna,Ben Salah,Female,25,Tunisian,3.11,4.18,0.64,3.1,1A20
Mohamed,Abidi,Male,21,Tunisian,0.27,2.53,2.25,4.29,1A20
Fatma,Chebbi,Female,21,Tunisian,2.98,1.97,2.76,4.12,3B93
Leila,Driss,Female,23,Tunisian,2.32,3.74,1.56,3.9,3B93
Bilel,Sassi,Male,18,Tunisian,2.11,3.72,0.28,0.83,3B93
Rim,Jaziri,Female,22,Tunisian,3.6,2.72,3.11,1.85,3B93
Chokri,Ammar,Male,23,Tunisian,2.81,0.84,4.92,2.98,3B93
Youssef,Mejri,Male,19,Tunisian,4.91,3.2,0.94,3.3,3B93
Ismail,Trabelsi,Male,23,Tunisian,2.51,2.71,1.77,2.76,3B93
Wided,Jlassi,Female,23,Tunisian,4.44,2.94,1.96,3.6,3B93
Hamza,Slimani,Male,20,Tunisian,2.81,2.44,1.07,1.12,3B93
Olfa,Gharbi,Female,23,Tunisian,1.46,3.78,4.99,4.67,3B93
Youssef,Rekik,Male,21,Tunisian,4.48,0.7,0.61,3.93,3B93
Ghada,Guettari,Female,23,Tunisian,0.57,4.2,3.02,2.67,3B93
Hocine,Haddad,Male,25,Algerian,3.12,3.86,0.54,4.37,3B93
Ahmed,Baccouche,Male,22,Tunisian,0.66,1.76,2.42,2.8,3B93
Zohra,Rahmani,Female,22,Algerian,0.83,0.75,0.02,3.95,3B93
Wided,Lahmar,Female,20,Tunisian,2.95,3.65,2.39,4.55,3B93
Ghassen,Ammar,Male,21,Tunisian,1.29,0.69,1.1,4.21,3B93
Bilel,Turki,Male,25,Tunisian,3.87,4.82,4.83,1.26,3B93
Hamza,Jlassi,Male,24,Tunisian,2.08,2.14,4.63,3.65,3B93
Amine,Chouchene,Male,20,Tunisian,3.18,1.71,0.86,0.58,3B93
Salma,Slimani,Female,42,Tunisian,2.65,3.88,0.62,2.23,3B93
Rania,Gharbi,Female,24,Tunisian,3.11,2.48,1.64,2.98,3B93
Olfa,Ammar,Female,19,Tunisian,0.94,4.79,1.11,0.3,3B93
Wafa,Khlifi,Female,41,Tunisian,1.0,4.16,2.12,1.53,3B93
Wided,Khlifi,Female,25,Tunisian,3.98,3.87,4.95,3.89,3B93
Yasmine,Rekik,Female,20,Tunisian,4.6,0.47,1.03,3.52,2A27
Lotfi,Toumi,Male,24,Tunisian,4.05,4.5,2.11,3.5,2A27
Dorra,Mabrouk,Female,23,Tunisian,3.46,4.46,0.35,4.46,2A27
Fares,Rekik,Male,22,Tunisian,4.6,1.47,3.87,3.16,2A27
Sonia,Zayani,Female,24,Tunisian,0.78,1.51,1.59,1.51,2A27
Marwen,Driss,Male,19,Tunisian,3.64,3.08,0.59,2.24,2A27
Walid,Chouchene,Male,20,Tunisian,3.19,4.87,2.08,2.96,2A27
Oussama,Ayari,Male,21,Tunisian,0.78,2.67,2.53,4.03,2A27
Marwen,Lahmar,Male,20,Tunisian,4.44,3.63,3.74,4.9,2A27
Manel,Nasri,Female,22,Tunisian,3.93,2.95,1.73,3.67,2A27
Hichem,Makni,Male,20,Tunisian,1.67,3.65,0.48,3.68,2A27
Modou,Thiam,Male,18,Senegalese,4.58,2.22,2.87,0.76,2A27
Mouna,Hamdi,Female,24,Tunisian,1.7,4.14,0.35,2.88,2A27
Siwar,Jaziri,Female,18,Tunisian,2.66,0.55,2.59,2.21,2A27
Karim,Belkhir,Male,20,Tunisian,1.95,4.46,0.46,3.05,2A27
Emna,Nasri,Female,24,Tunisian,3.78,4.43,3.74,3.68,2A27
Sarra,Maaloul,Female,42,Tunisian,4.99,1.34,0.34,2.71,2A27
Ghada,Ghanouchi,Female,19,Tunisian,1.29,3.54,4.06,1.7,2A27
Mohamed,Ghanouchi,Male,20,Tunisian,4.81,3.63,1.78,4.0,2A27
Michel,Mballa,Male,24,Cameroonian,1.51,2.02,2.64,3.81,2A27
Anis,Ghanouchi,Male,19,Tunisian,2.33,1.75,3.51,3.01,2A27
Mehdi,Ammar,Male,18,Tunisian,3.0,4.78,2.94,1.61,2A27
Asma,Khlifi,Female,23,Tunisian,1.69,4.22,3.94,4.32,2A27
Khalil,Ben Ali,Male,24,Tunisian,2.45,3.7,3.55,2.15,2A27
Amadou,Cisse,Male,18,Senegalese,3.33,4.83,2.04,1.03,2A27
Lobna,Baccouche,Female,24,Tunisian,2.22,1.06,2.61,2.37,2A27
Amina,Mejri,Female,18,Tunisian,1.07,1.75,2.17,4.71,2A27
Mariem,Sassi,Female,22,Tunisian,1.28,1.61,1.49,0.31,2A27
Oumaima,Ayari,Female,20,Tunisian,0.25,2.99,3.54,1.1,4IOSYS87
Nizar,Lahmar,Male,20,Tunisian,4.6,4.85,2.46,4.03,4IOSYS87
Said,Lahlou,Male,25,Moroccan,2.56,1.65,0.95,1.37,4IOSYS87
Zied,Mejri,Male,19,Tunisian,1.71,1.61,0.1,2.6,4IOSYS87
Chokri,Mansour,Male,24,Tunisian,2.76,0.57,0.86,0.37,4IOSYS87
Fatiha,Yahiaoui,Female,20,Algerian,0.29,0.7,1.09,1.71,4IOSYS87
Sami,Driss,Male,25,Tunisian,4.49,0.4,1.32,2.82,4IOSYS87
Walid,Guettari,Male,21,Tunisian,1.82,1.88,3.54,0.0,4IOSYS87
Aymen,Zouari,Male,24,Tunisian,2.19,3.05,2.26,0.62,4IOSYS87
Khalil,Gharbi,Male,20,Tunisian,0.43,4.85,0.74,1.02,4IOSYS87
Mariama,Diop,Female,21,Senegalese,1.32,3.67,3.89,1.1,4IOSYS87
Salma,Gharbi,Female,22,Tunisian,4.31,0.55,2.5,4.33,4IOSYS87
Youssef,Zouari,Male,21,Tunisian,2.1,2.81,3.65,4.11,4IOSYS87
Siwar,Turki,Female,25,Tunisian,4.6,3.04,4.82,1.85,4IOSYS87
Ines,Ghanouchi,Female,20,Tunisian,4.63,3.43,2.0,2.19,4IOSYS87
Leila,Bouazizi,Female,21,Tunisian,3.99,2.55,1.9,1.57,4IOSYS87
Tarek,Guettari,Male,22,Tunisian,4.98,0.17,1.24,3.67,4IOSYS87
Oumaima,Abidi,Female,22,Tunisian,4.77,0.64,2.53,3.21,4IOSYS87
Olfa,Ben Ali,Female,20,Tunisian,2.15,0.27,3.88,0.69,4IOSYS87
Naima,Slimani,Female,18,Algerian,3.47,2.6,2.35,2.7,4IOSYS87
Nabil,Ammar,Male,21,Tunisian,2.88,0.32,1.83,1.22,4IOSYS87
Zaineb,Hamdi,Female,18,Tunisian,2.07,0.36,3.86,1.08,4IOSYS87
Walid,Lahmar,Male,23,Tunisian,3.81,3.59,3.22,1.67,4IOSYS87
Chaima,Cherif,Female,20,Tunisian,0.23,3.7,3.29,3.16,4IOSYS87
Amel,Mejri,Female,25,Tunisian,3.24,2.88,2.53,1.67,4IOSYS87
Hiba,Maaloul,Female,18,Tunisian,1.44,2.22,4.09,4.85,4IOSYS87
Hedi,Saidi,Male,18,Tunisian,2.43,0.69,0.92,0.91,4IOSYS87
Haythem,Khlifi,Male,24,Tunisian,2.98,2.41,2.08,0.63,4IOSYS87
Yasmine,Fourati,Female,23,Tunisian,4.32,1.26,1.96,0.3,3B88
Rania,Chebbi,Female,21,Tunisian,4.61,2.57,0.62,0.85,3B88
Wided,Chouchene,Female,25,Tunisian,2.35,3.2,0.92,4.99,3B88
Lobna,Slimani,Female,22,Tunisian,0.23,2.36,2.55,2.41,3B88
Ines,Belkhir,Female,36,Tunisian,4.11,2.32,1.41,2.7,3B88
Meriem,Ben Salah,Female,23,Tunisian,3.26,1.06,0.61,3.8,3B88
Amel,Fourati,Female,22,Tunisian,0.82,2.08,3.92,0.01,3B88
Hichem,Slimani,Male,20,Tunisian,2.35,1.15,4.28,4.83,3B88
Ghada,Fourati,Female,32,Tunisian,2.48,3.38,4.83,1.1,3B88
Nour,Nasri,Female,24,Tunisian,0.95,0.21,2.78,4.99,3B88
Siwar,Ghanouchi,Female,21,Tunisian,0.23,4.34,2.19,0.69,3B88
Fethi,Nasri,Male,20,Tunisian,4.69,0.38,3.49,3.3,3B88
Marwen,Mejri,Male,18,Tunisian,3.79,3.58,3.68,2.13,3B88
Walid,Hamdi,Male,23,Tunisian,3.91,1.76,4.9,3.06,3B88
Hend,Ayari,Female,18,Tunisian,4.11,1.63,3.79,3.21,3B88
Chokri,Karoui,Male,18,Tunisian,0.24,0.81,4.27,0.89,3B88
Fethi,Chouchene,Male,28,Tunisian,3.77,4.79,4.14,2.19,3B88
Rami,Guettari,Male,21,Tunisian,4.22,3.47,4.35,3.36,3B88
Zied,Hamdi,Male,23,Tunisian,2.33,1.02,4.31,2.0,3B88
Salma,Turki,Female,19,Tunisian,3.82,4.79,4.54,4.36,3B88
Khadija,Hassan,Female,24,Libyan,2.27,2.28,3.48,3.43,3B88
Siwar,Bouazizi,Female,23,Tunisian,0.65,0.61,3.6,2.97,3B88
Rania,Saidi,Female,21,Tunisian,1.67,4.08,2.26,4.79,3B88
Yasmine,Hamdi,Female,20,Tunisian,1.92,3.34,2.53,3.83,3B88
Zied,Cherif,Male,21,Tunisian,3.57,2.38,2.59,1.84,3B88
Anis,Turki,Male,23,Tunisian,4.79,4.45,0.26,1.65,3B88
Zied,Karoui,Male,23,Tunisian,1.76,1.38,0.52,1.93,3B88
Mehdi,Jebali,Male,25,Tunisian,1.3,2.56,1.39,2.45,3B88
Hedi,Toumi,Male,20,Tunisian,2.22,4.15,3.45,3.74,1A15
Dorra,Karoui,Female,22,Tunisian,5.0,2.79,1.21,2.14,1A15
Eya,Saidi,Female,21,Tunisian,1.35,3.11,3.88,0.52,1A15
Leila,Chebbi,Female,23,Tunisian,0.37,3.79,3.0,2.39,1A15
Adel,Slimani,Male,22,Tunisian,0.71,1.08,1.68,1.0,1A15
Mohamed,Bennani,Male,23,Moroccan,3.73,1.89,0.57,0.6,1A15
Rania,Maaloul,Female,19,Tunisian,3.35,2.89,2.98,1.81,1A15
Foued,Jlassi,Male,18,Tunisian,3.08,0.45,1.31,2.62,1A15
Ghassen,Cherif,Male,18,Tunisian,1.65,4.83,4.33,2.71,1A15
Anis,Jebali,Male,24,Tunisian,4.0,0.62,2.05,4.41,1A15
Amina,Sassi,Female,22,Tunisian,1.12,1.04,3.56,0.34,1A15
Fatma,Khemiri,Female,24,Tunisian,2.47,2.87,0.79,1.1,1A15
Adel,Ahmed,Male,42,Libyan,4.75,4.74,2.84,0.87,1A15
Cyrine,Slimani,Female,18,Tunisian,0.5,4.48,1.79,3.0,1A15
Eya,Driss,Female,24,Tunisian,1.14,0.89,4.46,3.78,1A15
Rym,Saidi,Female,23,Tunisian,2.51,1.94,1.02,2.08,1A15
Fares,Lahmar,Male,20,Tunisian,4.9,2.66,2.54,0.59,1A15
Hichem,Ghanouchi,Male,21,Tunisian,1.58,1.53,2.64,4.63,1A15
Anis,Nasri,Male,23,Tunisian,1.89,0.88,1.3,1.89,1A15
Hichem,Abidi,Male,21,Tunisian,4.27,4.53,3.92,3.38,1A15
Hiba,Slimani,Female,22,Tunisian,1.04,0.49,2.19,4.26,1A15
Sabrine,Khemiri,Female,20,Tunisian,4.23,3.38,0.44,0.86,1A15
Aymen,Driss,Male,25,Tunisian,4.14,0.05,3.94,2.79,1A15
Hamza,Mansour,Male,24,Tunisian,1.07,4.14,2.61,2.13,1A15
Kadiatou,Sylla,Female,20,Guinean,3.92,4.83,2.53,4.44,1A15
Samira,Mabrouk,Female,25,Tunisian,4.59,2.82,2.47,4.25,4SAE42
Sonia,Zouari,Female,21,Tunisian,2.15,1.97,1.75,2.23,4SAE42
Zaineb,Karoui,Female,21,Tunisian,1.83,2.66,0.86,0.37,4SAE42
Omar,Jaziri,Male,20,Tunisian,1.0,4.35,0.27,0.19,4SAE42
Chaima,Slimani,Female,19,Tunisian,2.76,4.09,1.17,0.35,4SAE42
Dorra,Rekik,Female,20,Tunisian,3.43,4.32,4.14,4.59,4SAE42
Asma,Cherif,Female,21,Tunisian,1.66,2.1,3.02,4.68,4SAE42
Nour,Trabelsi,Female,20,Tunisian,1.37,0.93,3.08,2.78,4SAE42
Amina,Maaloul,Female,21,Tunisian,2.72,2.09,3.74,0.39,4SAE42
Rami,Bouazizi,Male,21,Tunisian,4.41,0.62,3.4,3.32,4SAE42
Karim,El Idrissi,Male,20,Moroccan,1.39,3.52,0.57,3.11,4SAE42
Nadia,Haddad,Female,37,Tunisian,1.74,0.85,4.64,1.19,4SAE42
Nadia,Ben Salah,Female,25,Tunisian,2.35,0.35,0.06,2.45,4SAE42
Sofiene,Baccouche,Male,19,Tunisian,2.48,2.62,2.86,1.88,4SAE42
Salma,Ammar,Female,20,Tunisian,4.94,1.77,4.99,0.87,4SAE42
Dorra,Makni,Female,21,Tunisian,3.3,1.17,2.2,0.62,4SAE42
Fethi,Ghanouchi,Male,19,Tunisian,3.77,1.42,2.07,1.76,4SAE42
Yasmine,Chebbi,Female,19,Tunisian,1.22,4.98,2.07,0.22,4SAE42
Lina,Baccouche,Female,42,Tunisian,2.66,4.95,4.76,3.26,4SAE42
Anis,Baccouche,Male,25,Tunisian,0.57,3.15,2.0,3.52,4SAE42
Zied,Jlassi,Male,23,Tunisian,4.4,0.84,2.65,0.82,4SAE42
Aissatou,Thiam,Female,23,Senegalese,0.83,2.08,0.92,4.78,4SAE42
Fethi,Slimani,Male,18,Tunisian,3.38,1.09,0.36,2.9,4SAE42
Lobna,Karoui,Female,19,Tunisian,1.44,2.64,2.85,4.91,4SAE42
Lobna,Mejri,Female,25,Tunisian,0.35,2.18,3.35,4.7,4SAE42
Hedi,Guettari,Male,23,Tunisian,0.53,3.55,4.46,2.07,4SAE42
Sonia,Khlifi,Female,21,Tunisian,4.2,1.26,1.07,1.4,4SAE42
Ghada,Driss,Female,23,Tunisian,0.43,1.94,1.4,0.98,4SAE42
Nadia,Nasri,Female,23,Tunisian,1.19,2.77,1.71,0.15,4SAE42
Yasmine,Belkhir,Female,24,Tunisian,1.03,2.37,2.69,2.34,4SAE42
Mohamed,Conde,Male,23,Guinean,4.14,3.04,4.87,1.88,4SAE42
Skander,Toumi,Male,25,Tunisian,1.05,4.28,3.45,0.81,2P44
Hamza,Khemiri,Male,22,Tunisian,4.14,2.84,2.49,0.62,2P44
Lina,Jlassi,Female,24,Tunisian,1.61,1.83,0.44,0.37,2P44
Khadija,Ammar,Female,20,Tunisian,4.14,0.61,3.15,1.28,2P44
Adel,Ammar,Male,18,Tunisian,1.03,4.24,4.71,1.38,2P44
Zohra,Mansouri,Female,20,Algerian,0.25,2.78,0.17,1.18,2P44
Eya,Ben Salah,Female,23,Tunisian,4.92,2.66,2.79,3.94,2P44
Olfa,Jebali,Female,22,Tunisian,0.18,2.37,1.18,3.76,2P44
Farah,Cherif,Female,24,Tunisian,2.06,3.77,1.12,2.27,2P44
Zied,Khemiri,Male,30,Tunisian,3.58,0.38,3.8,3.04,2P44
Fares,Trabelsi,Male,21,Tunisian,3.87,2.89,3.18,0.51,2P44
Sofiene,Khemiri,Male,21,Tunisian,4.63,3.96,0.81,2.32,2P44
Manel,Saidi,Female,44,Tunisian,1.3,4.96,0.66,3.05,2P44
Khadija,Maaloul,Female,24,Tunisian,4.54,4.07,4.75,2.11,2P44
Sami,Toumi,Male,18,Tunisian,4.95,3.74,2.4,3.98,2P44
Ghassen,Saidi,Male,23,Tunisian,3.41,3.23,0.23,3.18,2P44
Sofiene,Khlifi,Male,38,Tunisian,4.27,3.34,4.4,3.52,2P44
Chokri,Jaziri,Male,22,Tunisian,4.19,3.79,3.84,0.35,2P44
Hiba,Fourati,Female,20,Tunisian,4.86,4.36,1.4,1.35,2P44
Karim,Guettari,Male,18,Tunisian,1.0,4.43,3.23,0.15,2P44
Mourad,Ben Salah,Male,24,Tunisian,2.79,0.74,0.74,4.42,2P44
Nabil,Abidi,Male,40,Tunisian,0.56,0.32,3.99,1.13,2P44
Foued,Mansour,Male,25,Tunisian,1.89,2.88,0.37,2.1,2P44
Foued,Ayari,Male,22,Tunisian,3.91,3.34,4.58,3.28,2P44
Manel,Karoui,Female,24,Tunisian,1.7,2.55,4.13,2.44,2P44
Mohamed,Mabrouk,Male,22,Tunisian,3.58,4.99,0.48,4.71,2P44
Siwar,Nasri,Female,22,Tunisian,1.49,2.93,2.65,1.52,2P44
Hamza,Gharbi,Male,20,Tunisian,1.81,2.67,1.79,0.53,2P44
Hela,Haddad,Female,22,Tunisian,3.15,3.84,2.18,3.61,2P44
Aminata,Kante,Female,21,Guinean,2.74,1.13,1.54,4.12,2P44
Khalil,Baccouche,Male,24,Tunisian,2.98,3.14,1.76,3.29,2P44
Skander,Gharbi,Male,21,Tunisian,0.82,1.06,1.31,2.03,4GAMIX11
Bechir,Zouari,Male,21,Tunisian,1.03,2.63,4.21,3.68,4GAMIX11
Hatem,Gharbi,Male,21,Tunisian,1.08,0.06,2.68,3.64,4GAMIX11
